Copyright 1986-2022 Xilinx, Inc. All Rights Reserved. Copyright 2022-2025 Advanced Micro Devices, Inc. All Rights Reserved.
-----------------------------------------------------------------------------------------------------------------------------------------------------------------------------------------------------------------------------------------------------------------------------
| Tool Version      : Vivado v.2025.1 (win64) Build 6140274 Thu May 22 00:12:29 MDT 2025
| Date              : Wed Jan 28 18:03:28 2026
| Host              : B2130306 running 64-bit major release  (build 9200)
| Command           : report_timing_summary -max_paths 10 -routable_nets -report_unconstrained -file TOP_integration_uart_timing_summary_routed.rpt -pb TOP_integration_uart_timing_summary_routed.pb -rpx TOP_integration_uart_timing_summary_routed.rpx -warn_on_violation
| Design            : TOP_integration_uart
| Device            : xck26-sfvc784
| Speed File        : -2LV  PRODUCTION 1.30 05-15-2022
| Design State      : Routed
| Temperature Grade : C
-----------------------------------------------------------------------------------------------------------------------------------------------------------------------------------------------------------------------------------------------------------------------------

Timing Summary Report

------------------------------------------------------------------------------------------------
| Timer Settings
| --------------
------------------------------------------------------------------------------------------------

  Enable Multi Corner Analysis               :  Yes
  Enable Pessimism Removal                   :  Yes
  Pessimism Removal Resolution               :  Nearest Common Node
  Enable Input Delay Default Clock           :  No
  Enable Preset / Clear Arcs                 :  No
  Disable Flight Delays                      :  No
  Ignore I/O Paths                           :  No
  Timing Early Launch at Borrowing Latches   :  No
  Borrow Time for Max Delay Exceptions       :  Yes
  Merge Timing Exceptions                    :  Yes
  Inter-SLR Compensation                     :  Conservative

  Corner  Analyze    Analyze    
  Name    Max Paths  Min Paths  
  ------  ---------  ---------  
  Slow    Yes        Yes        
  Fast    Yes        Yes        


------------------------------------------------------------------------------------------------
| Report Methodology
| ------------------
------------------------------------------------------------------------------------------------

Rule       Severity          Description                                           Violations  
---------  ----------------  ----------------------------------------------------  ----------  
TIMING-17  Critical Warning  Non-clocked sequential cell                           1000        
SYNTH-6    Warning           Timing of a RAM block might be sub-optimal            50          
ULMTCS-2   Warning           Control Sets use limits require reduction             1           
XDCC-4     Warning           User Clock constraint overwritten with the same name  2           
XDCC-8     Warning           User Clock constraint overwritten on the same source  3           

Note: This report is based on the most recent report_methodology run and may not be up-to-date. Run report_methodology on the current design for the latest report.



check_timing report

Table of Contents
-----------------
1. checking no_clock (59194)
2. checking constant_clock (0)
3. checking pulse_width_clock (0)
4. checking unconstrained_internal_endpoints (205731)
5. checking no_input_delay (2)
6. checking no_output_delay (11)
7. checking multiple_clock (0)
8. checking generated_clocks (0)
9. checking loops (0)
10. checking partial_input_delay (0)
11. checking partial_output_delay (0)
12. checking latch_loops (0)

1. checking no_clock (59194)
----------------------------
 There are 59194 register/latch pins with no clock driven by root clock pin: clock_gen_inst/clk_count_reg[2]/Q (HIGH)


2. checking constant_clock (0)
------------------------------
 There are 0 register/latch pins with constant_clock.


3. checking pulse_width_clock (0)
---------------------------------
 There are 0 register/latch pins which need pulse_width check


4. checking unconstrained_internal_endpoints (205731)
-----------------------------------------------------
 There are 205731 pins that are not constrained for maximum delay. (HIGH)

 There are 0 pins that are not constrained for maximum delay due to constant clock.


5. checking no_input_delay (2)
------------------------------
 There are 2 input ports with no input delay specified. (HIGH)

 There are 0 input ports with no input delay but user has a false path constraint.


6. checking no_output_delay (11)
--------------------------------
 There are 11 ports with no output delay specified. (HIGH)

 There are 0 ports with no output delay but user has a false path constraint

 There are 0 ports with no output delay but with a timing clock defined on it or propagating through it


7. checking multiple_clock (0)
------------------------------
 There are 0 register/latch pins with multiple clocks.


8. checking generated_clocks (0)
--------------------------------
 There are 0 generated clocks that are not connected to a clock source.


9. checking loops (0)
---------------------
 There are 0 combinational loops in the design.


10. checking partial_input_delay (0)
------------------------------------
 There are 0 input ports with partial input delay specified.


11. checking partial_output_delay (0)
-------------------------------------
 There are 0 ports with partial output delay specified.


12. checking latch_loops (0)
----------------------------
 There are 0 combinational latch loops in the design through latch input



------------------------------------------------------------------------------------------------
| Design Timing Summary
| ---------------------
------------------------------------------------------------------------------------------------

    WNS(ns)      TNS(ns)  TNS Failing Endpoints  TNS Total Endpoints      WHS(ns)      THS(ns)  THS Failing Endpoints  THS Total Endpoints     WPWS(ns)     TPWS(ns)  TPWS Failing Endpoints  TPWS Total Endpoints  
    -------      -------  ---------------------  -------------------      -------      -------  ---------------------  -------------------     --------     --------  ----------------------  --------------------  
      7.392        0.000                      0                    3        0.107        0.000                      0                    3        3.725        0.000                       0                     4  


All user specified timing constraints are met.


------------------------------------------------------------------------------------------------
| Clock Summary
| -------------
------------------------------------------------------------------------------------------------

Clock  Waveform(ns)         Period(ns)      Frequency(MHz)
-----  ------------         ----------      --------------
clock  {0.000 4.000}        8.000           125.000         


------------------------------------------------------------------------------------------------
| Intra Clock Table
| -----------------
------------------------------------------------------------------------------------------------

Clock             WNS(ns)      TNS(ns)  TNS Failing Endpoints  TNS Total Endpoints      WHS(ns)      THS(ns)  THS Failing Endpoints  THS Total Endpoints     WPWS(ns)     TPWS(ns)  TPWS Failing Endpoints  TPWS Total Endpoints  
-----             -------      -------  ---------------------  -------------------      -------      -------  ---------------------  -------------------     --------     --------  ----------------------  --------------------  
clock               7.392        0.000                      0                    3        0.107        0.000                      0                    3        3.725        0.000                       0                     4  


------------------------------------------------------------------------------------------------
| Inter Clock Table
| -----------------
------------------------------------------------------------------------------------------------

From Clock    To Clock          WNS(ns)      TNS(ns)  TNS Failing Endpoints  TNS Total Endpoints      WHS(ns)      THS(ns)  THS Failing Endpoints  THS Total Endpoints  
----------    --------          -------      -------  ---------------------  -------------------      -------      -------  ---------------------  -------------------  


------------------------------------------------------------------------------------------------
| Other Path Groups Table
| -----------------------
------------------------------------------------------------------------------------------------

Path Group    From Clock    To Clock          WNS(ns)      TNS(ns)  TNS Failing Endpoints  TNS Total Endpoints      WHS(ns)      THS(ns)  THS Failing Endpoints  THS Total Endpoints  
----------    ----------    --------          -------      -------  ---------------------  -------------------      -------      -------  ---------------------  -------------------  


------------------------------------------------------------------------------------------------
| User Ignored Path Table
| -----------------------
------------------------------------------------------------------------------------------------

Path Group    From Clock    To Clock    
----------    ----------    --------    


------------------------------------------------------------------------------------------------
| Unconstrained Path Table
| ------------------------
------------------------------------------------------------------------------------------------

Path Group    From Clock    To Clock    
----------    ----------    --------    
(none)                                    


------------------------------------------------------------------------------------------------
| Timing Details
| --------------
------------------------------------------------------------------------------------------------


---------------------------------------------------------------------------------------------------
From Clock:  clock
  To Clock:  clock

Setup :            0  Failing Endpoints,  Worst Slack        7.392ns,  Total Violation        0.000ns
Hold  :            0  Failing Endpoints,  Worst Slack        0.107ns,  Total Violation        0.000ns
PW    :            0  Failing Endpoints,  Worst Slack        3.725ns,  Total Violation        0.000ns
---------------------------------------------------------------------------------------------------


Max Delay Paths
--------------------------------------------------------------------------------------
Slack (MET) :             7.392ns  (required time - arrival time)
  Source:                 clock_gen_inst/clk_count_reg[2]/C
                            (rising edge-triggered cell FDRE clocked by clock  {rise@0.000ns fall@4.000ns period=8.000ns})
  Destination:            clock_gen_inst/clk_count_reg[2]/D
                            (rising edge-triggered cell FDRE clocked by clock  {rise@0.000ns fall@4.000ns period=8.000ns})
  Path Group:             clock
  Path Type:              Setup (Max at Slow Process Corner)
  Requirement:            8.000ns  (clock rise@8.000ns - clock rise@0.000ns)
  Data Path Delay:        0.606ns  (logic 0.305ns (50.344%)  route 0.301ns (49.656%))
  Logic Levels:           1  (LUT3=1)
  Clock Path Skew:        -0.013ns (DCD - SCD + CPR)
    Destination Clock Delay (DCD):    2.864ns = ( 10.864 - 8.000 ) 
    Source Clock Delay      (SCD):    3.448ns
    Clock Pessimism Removal (CPR):    0.571ns
  Clock Uncertainty:      0.035ns  ((TSJ^2 + TIJ^2)^1/2 + DJ) / 2 + PE
    Total System Jitter     (TSJ):    0.071ns
    Total Input Jitter      (TIJ):    0.000ns
    Discrete Jitter          (DJ):    0.000ns
    Phase Error              (PE):    0.000ns
  Clock Net Delay (Source):      2.419ns (routing 1.351ns, distribution 1.068ns)
  Clock Net Delay (Destination): 2.190ns (routing 1.242ns, distribution 0.948ns)

    Location             Delay type                Incr(ns)  Path(ns)    Netlist Resource(s)
  -------------------------------------------------------------------    -------------------
                         (clock clock rise edge)      0.000     0.000 r  
    E5                                                0.000     0.000 r  clock (IN)
                         net (fo=0)                   0.000     0.000    clock_IBUF_inst/I
    E5                   INBUF (Prop_INBUF_HPIOB_M_PAD_O)
                                                      0.524     0.524 r  clock_IBUF_inst/INBUF_INST/O
                         net (fo=1, routed)           0.000     0.524    clock_IBUF_inst/OUT
    E5                   IBUFCTRL (Prop_IBUFCTRL_HPIOB_M_I_O)
                                                      0.000     0.524 r  clock_IBUF_inst/IBUFCTRL_INST/O
                         net (fo=1, routed)           0.461     0.985    clock_IBUF
    BUFGCE_X0Y95         BUFGCE (Prop_BUFCE_BUFGCE_I_O)
                                                      0.044     1.029 r  clock_IBUF_BUFG_inst/O
    X1Y1 (CLOCK_ROOT)    net (fo=3, routed)           2.419     3.448    clock_gen_inst/clock
    SLICE_X23Y91         FDRE                                         r  clock_gen_inst/clk_count_reg[2]/C
  -------------------------------------------------------------------    -------------------
    SLICE_X23Y91         FDRE (Prop_GFF2_SLICEL_C_Q)
                                                      0.116     3.564 r  clock_gen_inst/clk_count_reg[2]/Q
                         net (fo=2, routed)           0.276     3.839    clock_gen_inst/Q[0]
    SLICE_X23Y91         LUT3 (Prop_G5LUT_SLICEL_I2_O)
                                                      0.189     4.028 r  clock_gen_inst/clk_count[2]_i_1/O
                         net (fo=1, routed)           0.025     4.053    clock_gen_inst/p_0_in[2]
    SLICE_X23Y91         FDRE                                         r  clock_gen_inst/clk_count_reg[2]/D
  -------------------------------------------------------------------    -------------------

                         (clock clock rise edge)      8.000     8.000 r  
    E5                                                0.000     8.000 r  clock (IN)
                         net (fo=0)                   0.000     8.000    clock_IBUF_inst/I
    E5                   INBUF (Prop_INBUF_HPIOB_M_PAD_O)
                                                      0.274     8.274 r  clock_IBUF_inst/INBUF_INST/O
                         net (fo=1, routed)           0.000     8.274    clock_IBUF_inst/OUT
    E5                   IBUFCTRL (Prop_IBUFCTRL_HPIOB_M_I_O)
                                                      0.000     8.274 r  clock_IBUF_inst/IBUFCTRL_INST/O
                         net (fo=1, routed)           0.361     8.635    clock_IBUF
    BUFGCE_X0Y95         BUFGCE (Prop_BUFCE_BUFGCE_I_O)
                                                      0.039     8.674 r  clock_IBUF_BUFG_inst/O
    X1Y1 (CLOCK_ROOT)    net (fo=3, routed)           2.190    10.864    clock_gen_inst/clock
    SLICE_X23Y91         FDRE                                         r  clock_gen_inst/clk_count_reg[2]/C
                         clock pessimism              0.571    11.435    
                         clock uncertainty           -0.035    11.399    
    SLICE_X23Y91         FDRE (Setup_GFF2_SLICEL_C_D)
                                                      0.046    11.445    clock_gen_inst/clk_count_reg[2]
  -------------------------------------------------------------------
                         required time                         11.445    
                         arrival time                          -4.053    
  -------------------------------------------------------------------
                         slack                                  7.392    

Slack (MET) :             7.504ns  (required time - arrival time)
  Source:                 clock_gen_inst/clk_count_reg[0]/C
                            (rising edge-triggered cell FDRE clocked by clock  {rise@0.000ns fall@4.000ns period=8.000ns})
  Destination:            clock_gen_inst/clk_count_reg[1]/D
                            (rising edge-triggered cell FDRE clocked by clock  {rise@0.000ns fall@4.000ns period=8.000ns})
  Path Group:             clock
  Path Type:              Setup (Max at Slow Process Corner)
  Requirement:            8.000ns  (clock rise@8.000ns - clock rise@0.000ns)
  Data Path Delay:        0.492ns  (logic 0.254ns (51.623%)  route 0.238ns (48.377%))
  Logic Levels:           1  (LUT2=1)
  Clock Path Skew:        -0.013ns (DCD - SCD + CPR)
    Destination Clock Delay (DCD):    2.864ns = ( 10.864 - 8.000 ) 
    Source Clock Delay      (SCD):    3.448ns
    Clock Pessimism Removal (CPR):    0.571ns
  Clock Uncertainty:      0.035ns  ((TSJ^2 + TIJ^2)^1/2 + DJ) / 2 + PE
    Total System Jitter     (TSJ):    0.071ns
    Total Input Jitter      (TIJ):    0.000ns
    Discrete Jitter          (DJ):    0.000ns
    Phase Error              (PE):    0.000ns
  Clock Net Delay (Source):      2.419ns (routing 1.351ns, distribution 1.068ns)
  Clock Net Delay (Destination): 2.190ns (routing 1.242ns, distribution 0.948ns)

    Location             Delay type                Incr(ns)  Path(ns)    Netlist Resource(s)
  -------------------------------------------------------------------    -------------------
                         (clock clock rise edge)      0.000     0.000 r  
    E5                                                0.000     0.000 r  clock (IN)
                         net (fo=0)                   0.000     0.000    clock_IBUF_inst/I
    E5                   INBUF (Prop_INBUF_HPIOB_M_PAD_O)
                                                      0.524     0.524 r  clock_IBUF_inst/INBUF_INST/O
                         net (fo=1, routed)           0.000     0.524    clock_IBUF_inst/OUT
    E5                   IBUFCTRL (Prop_IBUFCTRL_HPIOB_M_I_O)
                                                      0.000     0.524 r  clock_IBUF_inst/IBUFCTRL_INST/O
                         net (fo=1, routed)           0.461     0.985    clock_IBUF
    BUFGCE_X0Y95         BUFGCE (Prop_BUFCE_BUFGCE_I_O)
                                                      0.044     1.029 r  clock_IBUF_BUFG_inst/O
    X1Y1 (CLOCK_ROOT)    net (fo=3, routed)           2.419     3.448    clock_gen_inst/clock
    SLICE_X23Y91         FDRE                                         r  clock_gen_inst/clk_count_reg[0]/C
  -------------------------------------------------------------------    -------------------
    SLICE_X23Y91         FDRE (Prop_FFF2_SLICEL_C_Q)
                                                      0.117     3.565 r  clock_gen_inst/clk_count_reg[0]/Q
                         net (fo=3, routed)           0.172     3.737    clock_gen_inst/clk_count_reg_n_0_[0]
    SLICE_X23Y91         LUT2 (Prop_G6LUT_SLICEL_I0_O)
                                                      0.137     3.874 r  clock_gen_inst/clk_count[1]_i_1/O
                         net (fo=1, routed)           0.066     3.940    clock_gen_inst/p_0_in[1]
    SLICE_X23Y91         FDRE                                         r  clock_gen_inst/clk_count_reg[1]/D
  -------------------------------------------------------------------    -------------------

                         (clock clock rise edge)      8.000     8.000 r  
    E5                                                0.000     8.000 r  clock (IN)
                         net (fo=0)                   0.000     8.000    clock_IBUF_inst/I
    E5                   INBUF (Prop_INBUF_HPIOB_M_PAD_O)
                                                      0.274     8.274 r  clock_IBUF_inst/INBUF_INST/O
                         net (fo=1, routed)           0.000     8.274    clock_IBUF_inst/OUT
    E5                   IBUFCTRL (Prop_IBUFCTRL_HPIOB_M_I_O)
                                                      0.000     8.274 r  clock_IBUF_inst/IBUFCTRL_INST/O
                         net (fo=1, routed)           0.361     8.635    clock_IBUF
    BUFGCE_X0Y95         BUFGCE (Prop_BUFCE_BUFGCE_I_O)
                                                      0.039     8.674 r  clock_IBUF_BUFG_inst/O
    X1Y1 (CLOCK_ROOT)    net (fo=3, routed)           2.190    10.864    clock_gen_inst/clock
    SLICE_X23Y91         FDRE                                         r  clock_gen_inst/clk_count_reg[1]/C
                         clock pessimism              0.571    11.435    
                         clock uncertainty           -0.035    11.399    
    SLICE_X23Y91         FDRE (Setup_GFF_SLICEL_C_D)
                                                      0.044    11.443    clock_gen_inst/clk_count_reg[1]
  -------------------------------------------------------------------
                         required time                         11.443    
                         arrival time                          -3.940    
  -------------------------------------------------------------------
                         slack                                  7.504    

Slack (MET) :             7.582ns  (required time - arrival time)
  Source:                 clock_gen_inst/clk_count_reg[0]/C
                            (rising edge-triggered cell FDRE clocked by clock  {rise@0.000ns fall@4.000ns period=8.000ns})
  Destination:            clock_gen_inst/clk_count_reg[0]/D
                            (rising edge-triggered cell FDRE clocked by clock  {rise@0.000ns fall@4.000ns period=8.000ns})
  Path Group:             clock
  Path Type:              Setup (Max at Slow Process Corner)
  Requirement:            8.000ns  (clock rise@8.000ns - clock rise@0.000ns)
  Data Path Delay:        0.416ns  (logic 0.279ns (67.063%)  route 0.137ns (32.937%))
  Logic Levels:           1  (LUT1=1)
  Clock Path Skew:        -0.013ns (DCD - SCD + CPR)
    Destination Clock Delay (DCD):    2.864ns = ( 10.864 - 8.000 ) 
    Source Clock Delay      (SCD):    3.448ns
    Clock Pessimism Removal (CPR):    0.571ns
  Clock Uncertainty:      0.035ns  ((TSJ^2 + TIJ^2)^1/2 + DJ) / 2 + PE
    Total System Jitter     (TSJ):    0.071ns
    Total Input Jitter      (TIJ):    0.000ns
    Discrete Jitter          (DJ):    0.000ns
    Phase Error              (PE):    0.000ns
  Clock Net Delay (Source):      2.419ns (routing 1.351ns, distribution 1.068ns)
  Clock Net Delay (Destination): 2.190ns (routing 1.242ns, distribution 0.948ns)

    Location             Delay type                Incr(ns)  Path(ns)    Netlist Resource(s)
  -------------------------------------------------------------------    -------------------
                         (clock clock rise edge)      0.000     0.000 r  
    E5                                                0.000     0.000 r  clock (IN)
                         net (fo=0)                   0.000     0.000    clock_IBUF_inst/I
    E5                   INBUF (Prop_INBUF_HPIOB_M_PAD_O)
                                                      0.524     0.524 r  clock_IBUF_inst/INBUF_INST/O
                         net (fo=1, routed)           0.000     0.524    clock_IBUF_inst/OUT
    E5                   IBUFCTRL (Prop_IBUFCTRL_HPIOB_M_I_O)
                                                      0.000     0.524 r  clock_IBUF_inst/IBUFCTRL_INST/O
                         net (fo=1, routed)           0.461     0.985    clock_IBUF
    BUFGCE_X0Y95         BUFGCE (Prop_BUFCE_BUFGCE_I_O)
                                                      0.044     1.029 r  clock_IBUF_BUFG_inst/O
    X1Y1 (CLOCK_ROOT)    net (fo=3, routed)           2.419     3.448    clock_gen_inst/clock
    SLICE_X23Y91         FDRE                                         r  clock_gen_inst/clk_count_reg[0]/C
  -------------------------------------------------------------------    -------------------
    SLICE_X23Y91         FDRE (Prop_FFF2_SLICEL_C_Q)
                                                      0.117     3.565 f  clock_gen_inst/clk_count_reg[0]/Q
                         net (fo=3, routed)           0.106     3.671    clock_gen_inst/clk_count_reg_n_0_[0]
    SLICE_X23Y91         LUT1 (Prop_F5LUT_SLICEL_I0_O)
                                                      0.162     3.833 r  clock_gen_inst/clk_count[0]_i_1/O
                         net (fo=1, routed)           0.031     3.864    clock_gen_inst/p_0_in[0]
    SLICE_X23Y91         FDRE                                         r  clock_gen_inst/clk_count_reg[0]/D
  -------------------------------------------------------------------    -------------------

                         (clock clock rise edge)      8.000     8.000 r  
    E5                                                0.000     8.000 r  clock (IN)
                         net (fo=0)                   0.000     8.000    clock_IBUF_inst/I
    E5                   INBUF (Prop_INBUF_HPIOB_M_PAD_O)
                                                      0.274     8.274 r  clock_IBUF_inst/INBUF_INST/O
                         net (fo=1, routed)           0.000     8.274    clock_IBUF_inst/OUT
    E5                   IBUFCTRL (Prop_IBUFCTRL_HPIOB_M_I_O)
                                                      0.000     8.274 r  clock_IBUF_inst/IBUFCTRL_INST/O
                         net (fo=1, routed)           0.361     8.635    clock_IBUF
    BUFGCE_X0Y95         BUFGCE (Prop_BUFCE_BUFGCE_I_O)
                                                      0.039     8.674 r  clock_IBUF_BUFG_inst/O
    X1Y1 (CLOCK_ROOT)    net (fo=3, routed)           2.190    10.864    clock_gen_inst/clock
    SLICE_X23Y91         FDRE                                         r  clock_gen_inst/clk_count_reg[0]/C
                         clock pessimism              0.571    11.435    
                         clock uncertainty           -0.035    11.399    
    SLICE_X23Y91         FDRE (Setup_FFF2_SLICEL_C_D)
                                                      0.046    11.445    clock_gen_inst/clk_count_reg[0]
  -------------------------------------------------------------------
                         required time                         11.445    
                         arrival time                          -3.864    
  -------------------------------------------------------------------
                         slack                                  7.582    





Min Delay Paths
--------------------------------------------------------------------------------------
Slack (MET) :             0.107ns  (arrival time - required time)
  Source:                 clock_gen_inst/clk_count_reg[1]/C
                            (rising edge-triggered cell FDRE clocked by clock  {rise@0.000ns fall@4.000ns period=8.000ns})
  Destination:            clock_gen_inst/clk_count_reg[2]/D
                            (rising edge-triggered cell FDRE clocked by clock  {rise@0.000ns fall@4.000ns period=8.000ns})
  Path Group:             clock
  Path Type:              Hold (Min at Fast Process Corner)
  Requirement:            0.000ns  (clock rise@0.000ns - clock rise@0.000ns)
  Data Path Delay:        0.158ns  (logic 0.127ns (80.380%)  route 0.031ns (19.620%))
  Logic Levels:           1  (LUT3=1)
  Clock Path Skew:        0.006ns (DCD - SCD - CPR)
    Destination Clock Delay (DCD):    2.123ns
    Source Clock Delay      (SCD):    1.679ns
    Clock Pessimism Removal (CPR):    0.438ns
  Clock Net Delay (Source):      1.320ns (routing 0.741ns, distribution 0.579ns)
  Clock Net Delay (Destination): 1.447ns (routing 0.812ns, distribution 0.635ns)

    Location             Delay type                Incr(ns)  Path(ns)    Netlist Resource(s)
  -------------------------------------------------------------------    -------------------
                         (clock clock rise edge)      0.000     0.000 r  
    E5                                                0.000     0.000 r  clock (IN)
                         net (fo=0)                   0.000     0.000    clock_IBUF_inst/I
    E5                   INBUF (Prop_INBUF_HPIOB_M_PAD_O)
                                                      0.159     0.159 r  clock_IBUF_inst/INBUF_INST/O
                         net (fo=1, routed)           0.000     0.159    clock_IBUF_inst/OUT
    E5                   IBUFCTRL (Prop_IBUFCTRL_HPIOB_M_I_O)
                                                      0.000     0.159 r  clock_IBUF_inst/IBUFCTRL_INST/O
                         net (fo=1, routed)           0.177     0.336    clock_IBUF
    BUFGCE_X0Y95         BUFGCE (Prop_BUFCE_BUFGCE_I_O)
                                                      0.023     0.359 r  clock_IBUF_BUFG_inst/O
    X1Y1 (CLOCK_ROOT)    net (fo=3, routed)           1.320     1.679    clock_gen_inst/clock
    SLICE_X23Y91         FDRE                                         r  clock_gen_inst/clk_count_reg[1]/C
  -------------------------------------------------------------------    -------------------
    SLICE_X23Y91         FDRE (Prop_GFF_SLICEL_C_Q)
                                                      0.084     1.763 r  clock_gen_inst/clk_count_reg[1]/Q
                         net (fo=2, routed)           0.024     1.787    clock_gen_inst/clk_count_reg_n_0_[1]
    SLICE_X23Y91         LUT3 (Prop_G5LUT_SLICEL_I1_O)
                                                      0.043     1.830 r  clock_gen_inst/clk_count[2]_i_1/O
                         net (fo=1, routed)           0.007     1.837    clock_gen_inst/p_0_in[2]
    SLICE_X23Y91         FDRE                                         r  clock_gen_inst/clk_count_reg[2]/D
  -------------------------------------------------------------------    -------------------

                         (clock clock rise edge)      0.000     0.000 r  
    E5                                                0.000     0.000 r  clock (IN)
                         net (fo=0)                   0.000     0.000    clock_IBUF_inst/I
    E5                   INBUF (Prop_INBUF_HPIOB_M_PAD_O)
                                                      0.344     0.344 r  clock_IBUF_inst/INBUF_INST/O
                         net (fo=1, routed)           0.000     0.344    clock_IBUF_inst/OUT
    E5                   IBUFCTRL (Prop_IBUFCTRL_HPIOB_M_I_O)
                                                      0.000     0.344 r  clock_IBUF_inst/IBUFCTRL_INST/O
                         net (fo=1, routed)           0.306     0.650    clock_IBUF
    BUFGCE_X0Y95         BUFGCE (Prop_BUFCE_BUFGCE_I_O)
                                                      0.026     0.676 r  clock_IBUF_BUFG_inst/O
    X1Y1 (CLOCK_ROOT)    net (fo=3, routed)           1.447     2.123    clock_gen_inst/clock
    SLICE_X23Y91         FDRE                                         r  clock_gen_inst/clk_count_reg[2]/C
                         clock pessimism             -0.438     1.685    
    SLICE_X23Y91         FDRE (Hold_GFF2_SLICEL_C_D)
                                                      0.045     1.730    clock_gen_inst/clk_count_reg[2]
  -------------------------------------------------------------------
                         required time                         -1.730    
                         arrival time                           1.837    
  -------------------------------------------------------------------
                         slack                                  0.107    

Slack (MET) :             0.135ns  (arrival time - required time)
  Source:                 clock_gen_inst/clk_count_reg[0]/C
                            (rising edge-triggered cell FDRE clocked by clock  {rise@0.000ns fall@4.000ns period=8.000ns})
  Destination:            clock_gen_inst/clk_count_reg[0]/D
                            (rising edge-triggered cell FDRE clocked by clock  {rise@0.000ns fall@4.000ns period=8.000ns})
  Path Group:             clock
  Path Type:              Hold (Min at Fast Process Corner)
  Requirement:            0.000ns  (clock rise@0.000ns - clock rise@0.000ns)
  Data Path Delay:        0.186ns  (logic 0.129ns (69.233%)  route 0.057ns (30.767%))
  Logic Levels:           1  (LUT1=1)
  Clock Path Skew:        0.006ns (DCD - SCD - CPR)
    Destination Clock Delay (DCD):    2.123ns
    Source Clock Delay      (SCD):    1.679ns
    Clock Pessimism Removal (CPR):    0.438ns
  Clock Net Delay (Source):      1.320ns (routing 0.741ns, distribution 0.579ns)
  Clock Net Delay (Destination): 1.447ns (routing 0.812ns, distribution 0.635ns)

    Location             Delay type                Incr(ns)  Path(ns)    Netlist Resource(s)
  -------------------------------------------------------------------    -------------------
                         (clock clock rise edge)      0.000     0.000 r  
    E5                                                0.000     0.000 r  clock (IN)
                         net (fo=0)                   0.000     0.000    clock_IBUF_inst/I
    E5                   INBUF (Prop_INBUF_HPIOB_M_PAD_O)
                                                      0.159     0.159 r  clock_IBUF_inst/INBUF_INST/O
                         net (fo=1, routed)           0.000     0.159    clock_IBUF_inst/OUT
    E5                   IBUFCTRL (Prop_IBUFCTRL_HPIOB_M_I_O)
                                                      0.000     0.159 r  clock_IBUF_inst/IBUFCTRL_INST/O
                         net (fo=1, routed)           0.177     0.336    clock_IBUF
    BUFGCE_X0Y95         BUFGCE (Prop_BUFCE_BUFGCE_I_O)
                                                      0.023     0.359 r  clock_IBUF_BUFG_inst/O
    X1Y1 (CLOCK_ROOT)    net (fo=3, routed)           1.320     1.679    clock_gen_inst/clock
    SLICE_X23Y91         FDRE                                         r  clock_gen_inst/clk_count_reg[0]/C
  -------------------------------------------------------------------    -------------------
    SLICE_X23Y91         FDRE (Prop_FFF2_SLICEL_C_Q)
                                                      0.085     1.764 f  clock_gen_inst/clk_count_reg[0]/Q
                         net (fo=3, routed)           0.049     1.813    clock_gen_inst/clk_count_reg_n_0_[0]
    SLICE_X23Y91         LUT1 (Prop_F5LUT_SLICEL_I0_O)
                                                      0.044     1.857 r  clock_gen_inst/clk_count[0]_i_1/O
                         net (fo=1, routed)           0.008     1.865    clock_gen_inst/p_0_in[0]
    SLICE_X23Y91         FDRE                                         r  clock_gen_inst/clk_count_reg[0]/D
  -------------------------------------------------------------------    -------------------

                         (clock clock rise edge)      0.000     0.000 r  
    E5                                                0.000     0.000 r  clock (IN)
                         net (fo=0)                   0.000     0.000    clock_IBUF_inst/I
    E5                   INBUF (Prop_INBUF_HPIOB_M_PAD_O)
                                                      0.344     0.344 r  clock_IBUF_inst/INBUF_INST/O
                         net (fo=1, routed)           0.000     0.344    clock_IBUF_inst/OUT
    E5                   IBUFCTRL (Prop_IBUFCTRL_HPIOB_M_I_O)
                                                      0.000     0.344 r  clock_IBUF_inst/IBUFCTRL_INST/O
                         net (fo=1, routed)           0.306     0.650    clock_IBUF
    BUFGCE_X0Y95         BUFGCE (Prop_BUFCE_BUFGCE_I_O)
                                                      0.026     0.676 r  clock_IBUF_BUFG_inst/O
    X1Y1 (CLOCK_ROOT)    net (fo=3, routed)           1.447     2.123    clock_gen_inst/clock
    SLICE_X23Y91         FDRE                                         r  clock_gen_inst/clk_count_reg[0]/C
                         clock pessimism             -0.438     1.685    
    SLICE_X23Y91         FDRE (Hold_FFF2_SLICEL_C_D)
                                                      0.045     1.730    clock_gen_inst/clk_count_reg[0]
  -------------------------------------------------------------------
                         required time                         -1.730    
                         arrival time                           1.865    
  -------------------------------------------------------------------
                         slack                                  0.135    

Slack (MET) :             0.152ns  (arrival time - required time)
  Source:                 clock_gen_inst/clk_count_reg[1]/C
                            (rising edge-triggered cell FDRE clocked by clock  {rise@0.000ns fall@4.000ns period=8.000ns})
  Destination:            clock_gen_inst/clk_count_reg[1]/D
                            (rising edge-triggered cell FDRE clocked by clock  {rise@0.000ns fall@4.000ns period=8.000ns})
  Path Group:             clock
  Path Type:              Hold (Min at Fast Process Corner)
  Requirement:            0.000ns  (clock rise@0.000ns - clock rise@0.000ns)
  Data Path Delay:        0.202ns  (logic 0.160ns (79.208%)  route 0.042ns (20.792%))
  Logic Levels:           1  (LUT2=1)
  Clock Path Skew:        0.006ns (DCD - SCD - CPR)
    Destination Clock Delay (DCD):    2.123ns
    Source Clock Delay      (SCD):    1.679ns
    Clock Pessimism Removal (CPR):    0.438ns
  Clock Net Delay (Source):      1.320ns (routing 0.741ns, distribution 0.579ns)
  Clock Net Delay (Destination): 1.447ns (routing 0.812ns, distribution 0.635ns)

    Location             Delay type                Incr(ns)  Path(ns)    Netlist Resource(s)
  -------------------------------------------------------------------    -------------------
                         (clock clock rise edge)      0.000     0.000 r  
    E5                                                0.000     0.000 r  clock (IN)
                         net (fo=0)                   0.000     0.000    clock_IBUF_inst/I
    E5                   INBUF (Prop_INBUF_HPIOB_M_PAD_O)
                                                      0.159     0.159 r  clock_IBUF_inst/INBUF_INST/O
                         net (fo=1, routed)           0.000     0.159    clock_IBUF_inst/OUT
    E5                   IBUFCTRL (Prop_IBUFCTRL_HPIOB_M_I_O)
                                                      0.000     0.159 r  clock_IBUF_inst/IBUFCTRL_INST/O
                         net (fo=1, routed)           0.177     0.336    clock_IBUF
    BUFGCE_X0Y95         BUFGCE (Prop_BUFCE_BUFGCE_I_O)
                                                      0.023     0.359 r  clock_IBUF_BUFG_inst/O
    X1Y1 (CLOCK_ROOT)    net (fo=3, routed)           1.320     1.679    clock_gen_inst/clock
    SLICE_X23Y91         FDRE                                         r  clock_gen_inst/clk_count_reg[1]/C
  -------------------------------------------------------------------    -------------------
    SLICE_X23Y91         FDRE (Prop_GFF_SLICEL_C_Q)
                                                      0.084     1.763 r  clock_gen_inst/clk_count_reg[1]/Q
                         net (fo=2, routed)           0.024     1.787    clock_gen_inst/clk_count_reg_n_0_[1]
    SLICE_X23Y91         LUT2 (Prop_G6LUT_SLICEL_I1_O)
                                                      0.076     1.863 r  clock_gen_inst/clk_count[1]_i_1/O
                         net (fo=1, routed)           0.018     1.881    clock_gen_inst/p_0_in[1]
    SLICE_X23Y91         FDRE                                         r  clock_gen_inst/clk_count_reg[1]/D
  -------------------------------------------------------------------    -------------------

                         (clock clock rise edge)      0.000     0.000 r  
    E5                                                0.000     0.000 r  clock (IN)
                         net (fo=0)                   0.000     0.000    clock_IBUF_inst/I
    E5                   INBUF (Prop_INBUF_HPIOB_M_PAD_O)
                                                      0.344     0.344 r  clock_IBUF_inst/INBUF_INST/O
                         net (fo=1, routed)           0.000     0.344    clock_IBUF_inst/OUT
    E5                   IBUFCTRL (Prop_IBUFCTRL_HPIOB_M_I_O)
                                                      0.000     0.344 r  clock_IBUF_inst/IBUFCTRL_INST/O
                         net (fo=1, routed)           0.306     0.650    clock_IBUF
    BUFGCE_X0Y95         BUFGCE (Prop_BUFCE_BUFGCE_I_O)
                                                      0.026     0.676 r  clock_IBUF_BUFG_inst/O
    X1Y1 (CLOCK_ROOT)    net (fo=3, routed)           1.447     2.123    clock_gen_inst/clock
    SLICE_X23Y91         FDRE                                         r  clock_gen_inst/clk_count_reg[1]/C
                         clock pessimism             -0.438     1.685    
    SLICE_X23Y91         FDRE (Hold_GFF_SLICEL_C_D)
                                                      0.044     1.729    clock_gen_inst/clk_count_reg[1]
  -------------------------------------------------------------------
                         required time                         -1.729    
                         arrival time                           1.881    
  -------------------------------------------------------------------
                         slack                                  0.152    





Pulse Width Checks
--------------------------------------------------------------------------------------
Clock Name:         clock
Waveform(ns):       { 0.000 4.000 }
Period(ns):         8.000
Sources:            { clock }

Check Type        Corner  Lib Pin   Reference Pin  Required(ns)  Actual(ns)  Slack(ns)  Location      Pin
Min Period        n/a     BUFGCE/I  n/a            1.379         8.000       6.621      BUFGCE_X0Y95  clock_IBUF_BUFG_inst/I
Min Period        n/a     FDRE/C    n/a            0.550         8.000       7.450      SLICE_X23Y91  clock_gen_inst/clk_count_reg[0]/C
Min Period        n/a     FDRE/C    n/a            0.550         8.000       7.450      SLICE_X23Y91  clock_gen_inst/clk_count_reg[1]/C
Min Period        n/a     FDRE/C    n/a            0.550         8.000       7.450      SLICE_X23Y91  clock_gen_inst/clk_count_reg[2]/C
Low Pulse Width   Slow    FDRE/C    n/a            0.275         4.000       3.725      SLICE_X23Y91  clock_gen_inst/clk_count_reg[0]/C
Low Pulse Width   Fast    FDRE/C    n/a            0.275         4.000       3.725      SLICE_X23Y91  clock_gen_inst/clk_count_reg[0]/C
Low Pulse Width   Slow    FDRE/C    n/a            0.275         4.000       3.725      SLICE_X23Y91  clock_gen_inst/clk_count_reg[1]/C
Low Pulse Width   Fast    FDRE/C    n/a            0.275         4.000       3.725      SLICE_X23Y91  clock_gen_inst/clk_count_reg[1]/C
Low Pulse Width   Slow    FDRE/C    n/a            0.275         4.000       3.725      SLICE_X23Y91  clock_gen_inst/clk_count_reg[2]/C
Low Pulse Width   Fast    FDRE/C    n/a            0.275         4.000       3.725      SLICE_X23Y91  clock_gen_inst/clk_count_reg[2]/C
High Pulse Width  Slow    FDRE/C    n/a            0.275         4.000       3.725      SLICE_X23Y91  clock_gen_inst/clk_count_reg[0]/C
High Pulse Width  Fast    FDRE/C    n/a            0.275         4.000       3.725      SLICE_X23Y91  clock_gen_inst/clk_count_reg[0]/C
High Pulse Width  Slow    FDRE/C    n/a            0.275         4.000       3.725      SLICE_X23Y91  clock_gen_inst/clk_count_reg[1]/C
High Pulse Width  Fast    FDRE/C    n/a            0.275         4.000       3.725      SLICE_X23Y91  clock_gen_inst/clk_count_reg[1]/C
High Pulse Width  Slow    FDRE/C    n/a            0.275         4.000       3.725      SLICE_X23Y91  clock_gen_inst/clk_count_reg[2]/C
High Pulse Width  Fast    FDRE/C    n/a            0.275         4.000       3.725      SLICE_X23Y91  clock_gen_inst/clk_count_reg[2]/C



--------------------------------------------------------------------------------------
Path Group:  (none)
From Clock:  
  To Clock:  

Max Delay        153630 Endpoints
Min Delay        153630 Endpoints
--------------------------------------------------------------------------------------


Max Delay Paths
--------------------------------------------------------------------------------------
Slack:                    inf
  Source:                 TOP_interface_inst/TOP_inst/TOP_controller/layer_count_reg[1]_rep/C
                            (rising edge-triggered cell FDRE)
  Destination:            TOP_interface_inst/TOP_inst/ClusterGroup_array/ClusterGroup_0_1/GLB_Cluster_inst/pSumSRAM2/Psum_Data_SRAM_BRAM_inst/mem_reg/DINBDIN[1]
  Path Group:             (none)
  Path Type:              Max at Slow Process Corner
  Data Path Delay:        19.953ns  (logic 3.347ns (16.774%)  route 16.606ns (83.226%))
  Logic Levels:           20  (CARRY8=8 FDRE=1 LUT3=1 LUT4=2 LUT5=8)

    Location             Delay type                Incr(ns)  Path(ns)    Netlist Resource(s)
  -------------------------------------------------------------------    -------------------
    SLICE_X37Y95         FDRE                         0.000     0.000 r  TOP_interface_inst/TOP_inst/TOP_controller/layer_count_reg[1]_rep/C
    SLICE_X37Y95         FDRE (Prop_HFF2_SLICEM_C_Q)
                                                      0.114     0.114 f  TOP_interface_inst/TOP_inst/TOP_controller/layer_count_reg[1]_rep/Q
                         net (fo=120, routed)         1.450     1.564    TOP_interface_inst/TOP_inst/TOP_controller/layer_count_reg[1]_rep_0
    SLICE_X41Y77         LUT3 (Prop_B5LUT_SLICEM_I1_O)
                                                      0.229     1.793 r  TOP_interface_inst/TOP_inst/TOP_controller/buffer[3][7]_i_4__3/O
                         net (fo=97, routed)          3.377     5.171    TOP_interface_inst/TOP_inst/ClusterGroup_array/ClusterGroup_1_1/PE_Cluster_inst/pe22/Processing_Element_core_inst/wr_reg_reg_0
    SLICE_X23Y43         LUT5 (Prop_B6LUT_SLICEL_I2_O)
                                                      0.188     5.359 f  TOP_interface_inst/TOP_inst/ClusterGroup_array/ClusterGroup_1_1/PE_Cluster_inst/pe22/Processing_Element_core_inst/wr_reg_i_2__33/O
                         net (fo=7, routed)           0.894     6.253    TOP_interface_inst/TOP_inst/ClusterGroup_array/ClusterGroup_1_1/PE_Cluster_inst/pe12/Processing_Element_core_inst/PE_1_2_psum_in_valid
    SLICE_X20Y48         LUT5 (Prop_C5LUT_SLICEM_I0_O)
                                                      0.223     6.476 f  TOP_interface_inst/TOP_inst/ClusterGroup_array/ClusterGroup_1_1/PE_Cluster_inst/pe12/Processing_Element_core_inst/wr_reg_i_2__28/O
                         net (fo=8, routed)           0.573     7.048    TOP_interface_inst/TOP_inst/ClusterGroup_array/ClusterGroup_1_1/PE_Cluster_inst/pe02/Processing_Element_core_inst/PE_0_2_psum_in_valid
    SLICE_X22Y64         LUT5 (Prop_C5LUT_SLICEL_I0_O)
                                                      0.091     7.139 f  TOP_interface_inst/TOP_inst/ClusterGroup_array/ClusterGroup_1_1/PE_Cluster_inst/pe02/Processing_Element_core_inst/mem_reg_i_13__4/O
                         net (fo=25, routed)          1.103     8.242    TOP_interface_inst/TOP_inst/ClusterGroup_array/ClusterGroup_1_1/Cluster_Group_Controller_inst/mem_reg
    SLICE_X27Y66         LUT5 (Prop_D6LUT_SLICEL_I3_O)
                                                      0.081     8.323 r  TOP_interface_inst/TOP_inst/ClusterGroup_array/ClusterGroup_1_1/Cluster_Group_Controller_inst/i__carry_i_17__8/O
                         net (fo=3, routed)           1.026     9.349    TOP_interface_inst/TOP_inst/ClusterGroup_array/ClusterGroup_1_1/PE_Cluster_inst/pe22/Processing_Element_core_inst/PECluster_psum_2_in[0]
    SLICE_X22Y49         LUT4 (Prop_A5LUT_SLICEL_I0_O)
                                                      0.137     9.486 r  TOP_interface_inst/TOP_inst/ClusterGroup_array/ClusterGroup_1_1/PE_Cluster_inst/pe22/Processing_Element_core_inst/i__carry_i_8__34/O
                         net (fo=1, routed)           1.510    10.996    TOP_interface_inst/TOP_inst/ClusterGroup_array/ClusterGroup_1_1/PE_Cluster_inst/pe22/Processing_Element_core_inst/p_1_in[0]
    SLICE_X21Y49         CARRY8 (Prop_CARRY8_SLICEM_DI[0]_O[1])
                                                      0.116    11.112 r  TOP_interface_inst/TOP_inst/ClusterGroup_array/ClusterGroup_1_1/PE_Cluster_inst/pe22/Processing_Element_core_inst/_inferred__1/i__carry/O[1]
                         net (fo=3, routed)           0.876    11.988    TOP_interface_inst/TOP_inst/ClusterGroup_array/ClusterGroup_1_1/PE_Cluster_inst/pe12/Processing_Element_core_inst/Psum_Spad_inst/Psum_DATA_Spad_BRAM_inst/PE_1_2_psum_in[1]
    SLICE_X19Y51         LUT5 (Prop_B6LUT_SLICEL_I1_O)
                                                      0.224    12.212 r  TOP_interface_inst/TOP_inst/ClusterGroup_array/ClusterGroup_1_1/PE_Cluster_inst/pe12/Processing_Element_core_inst/Psum_Spad_inst/Psum_DATA_Spad_BRAM_inst/i__carry_i_15__31/O
                         net (fo=1, routed)           0.013    12.225    TOP_interface_inst/TOP_inst/ClusterGroup_array/ClusterGroup_1_1/PE_Cluster_inst/pe12/Processing_Element_core_inst/Psum_Spad_inst_n_35
    SLICE_X19Y51         CARRY8 (Prop_CARRY8_SLICEL_S[1]_CO[7])
                                                      0.261    12.486 r  TOP_interface_inst/TOP_inst/ClusterGroup_array/ClusterGroup_1_1/PE_Cluster_inst/pe12/Processing_Element_core_inst/_inferred__1/i__carry/CO[7]
                         net (fo=1, routed)           0.030    12.516    TOP_interface_inst/TOP_inst/ClusterGroup_array/ClusterGroup_1_1/PE_Cluster_inst/pe12/Processing_Element_core_inst/_inferred__1/i__carry_n_0
    SLICE_X19Y52         CARRY8 (Prop_CARRY8_SLICEL_CI_O[1])
                                                      0.106    12.622 r  TOP_interface_inst/TOP_inst/ClusterGroup_array/ClusterGroup_1_1/PE_Cluster_inst/pe12/Processing_Element_core_inst/_inferred__1/i__carry__0/O[1]
                         net (fo=3, routed)           1.266    13.888    TOP_interface_inst/TOP_inst/ClusterGroup_array/ClusterGroup_1_1/PE_Cluster_inst/pe02/Processing_Element_core_inst/Psum_Spad_inst/Psum_DATA_Spad_BRAM_inst/PE_0_2_psum_in[9]
    SLICE_X22Y66         LUT5 (Prop_B6LUT_SLICEL_I1_O)
                                                      0.224    14.112 r  TOP_interface_inst/TOP_inst/ClusterGroup_array/ClusterGroup_1_1/PE_Cluster_inst/pe02/Processing_Element_core_inst/Psum_Spad_inst/Psum_DATA_Spad_BRAM_inst/i__carry__0_i_15__28/O
                         net (fo=1, routed)           0.013    14.125    TOP_interface_inst/TOP_inst/ClusterGroup_array/ClusterGroup_1_1/PE_Cluster_inst/pe02/Processing_Element_core_inst/Psum_Spad_inst_n_44
    SLICE_X22Y66         CARRY8 (Prop_CARRY8_SLICEL_S[1]_O[4])
                                                      0.279    14.404 r  TOP_interface_inst/TOP_inst/ClusterGroup_array/ClusterGroup_1_1/PE_Cluster_inst/pe02/Processing_Element_core_inst/_inferred__1/i__carry__0/O[4]
                         net (fo=4, routed)           1.176    15.580    TOP_interface_inst/TOP_inst/ClusterGroup_array/ClusterGroup_0_1/PE_Cluster_inst/pe22/Processing_Element_core_inst/_inferred__1/i__carry__1_0[12]
    SLICE_X25Y69         LUT4 (Prop_G6LUT_SLICEM_I0_O)
                                                      0.226    15.806 r  TOP_interface_inst/TOP_inst/ClusterGroup_array/ClusterGroup_0_1/PE_Cluster_inst/pe22/Processing_Element_core_inst/i__carry__0_i_4__16/O
                         net (fo=1, routed)           0.551    16.357    TOP_interface_inst/TOP_inst/ClusterGroup_array/ClusterGroup_0_1/PE_Cluster_inst/pe22/Processing_Element_core_inst/p_1_in[12]
    SLICE_X26Y69         CARRY8 (Prop_CARRY8_SLICEL_DI[4]_O[5])
                                                      0.115    16.472 r  TOP_interface_inst/TOP_inst/ClusterGroup_array/ClusterGroup_0_1/PE_Cluster_inst/pe22/Processing_Element_core_inst/_inferred__1/i__carry__0/O[5]
                         net (fo=3, routed)           0.855    17.327    TOP_interface_inst/TOP_inst/ClusterGroup_array/ClusterGroup_0_1/PE_Cluster_inst/pe12/Processing_Element_core_inst/Psum_Spad_inst/Psum_DATA_Spad_BRAM_inst/PE_1_2_psum_in[13]
    SLICE_X39Y105        LUT5 (Prop_F6LUT_SLICEL_I1_O)
                                                      0.136    17.463 r  TOP_interface_inst/TOP_inst/ClusterGroup_array/ClusterGroup_0_1/PE_Cluster_inst/pe12/Processing_Element_core_inst/Psum_Spad_inst/Psum_DATA_Spad_BRAM_inst/i__carry__0_i_11__13/O
                         net (fo=1, routed)           0.015    17.478    TOP_interface_inst/TOP_inst/ClusterGroup_array/ClusterGroup_0_1/PE_Cluster_inst/pe12/Processing_Element_core_inst/Psum_Spad_inst_n_43
    SLICE_X39Y105        CARRY8 (Prop_CARRY8_SLICEL_S[5]_CO[7])
                                                      0.232    17.710 r  TOP_interface_inst/TOP_inst/ClusterGroup_array/ClusterGroup_0_1/PE_Cluster_inst/pe12/Processing_Element_core_inst/_inferred__1/i__carry__0/CO[7]
                         net (fo=1, routed)           0.030    17.740    TOP_interface_inst/TOP_inst/ClusterGroup_array/ClusterGroup_0_1/PE_Cluster_inst/pe12/Processing_Element_core_inst/_inferred__1/i__carry__0_n_0
    SLICE_X39Y106        CARRY8 (Prop_CARRY8_SLICEL_CI_O[0])
                                                      0.078    17.818 r  TOP_interface_inst/TOP_inst/ClusterGroup_array/ClusterGroup_0_1/PE_Cluster_inst/pe12/Processing_Element_core_inst/_inferred__1/i__carry__1/O[0]
                         net (fo=3, routed)           0.522    18.340    TOP_interface_inst/TOP_inst/ClusterGroup_array/ClusterGroup_0_1/PE_Cluster_inst/pe02/Processing_Element_core_inst/Psum_Spad_inst/Psum_DATA_Spad_BRAM_inst/PE_0_2_psum_in[16]
    SLICE_X40Y105        LUT5 (Prop_A6LUT_SLICEM_I1_O)
                                                      0.152    18.492 r  TOP_interface_inst/TOP_inst/ClusterGroup_array/ClusterGroup_0_1/PE_Cluster_inst/pe02/Processing_Element_core_inst/Psum_Spad_inst/Psum_DATA_Spad_BRAM_inst/i__carry__1_i_9__10/O
                         net (fo=1, routed)           0.017    18.509    TOP_interface_inst/TOP_inst/ClusterGroup_array/ClusterGroup_0_1/PE_Cluster_inst/pe02/Processing_Element_core_inst/Psum_Spad_inst_n_8
    SLICE_X40Y105        CARRY8 (Prop_CARRY8_SLICEM_S[0]_O[1])
                                                      0.135    18.644 r  TOP_interface_inst/TOP_inst/ClusterGroup_array/ClusterGroup_0_1/PE_Cluster_inst/pe02/Processing_Element_core_inst/_inferred__1/i__carry__1/O[1]
                         net (fo=2, routed)           1.309    19.953    TOP_interface_inst/TOP_inst/ClusterGroup_array/ClusterGroup_0_1/GLB_Cluster_inst/pSumSRAM2/Psum_Data_SRAM_BRAM_inst/mem_reg_4[17]
    RAMB18_X1Y37         RAMB18E2                                     r  TOP_interface_inst/TOP_inst/ClusterGroup_array/ClusterGroup_0_1/GLB_Cluster_inst/pSumSRAM2/Psum_Data_SRAM_BRAM_inst/mem_reg/DINBDIN[1]
  -------------------------------------------------------------------    -------------------

Slack:                    inf
  Source:                 TOP_interface_inst/TOP_inst/TOP_controller/layer_count_reg[1]_rep/C
                            (rising edge-triggered cell FDRE)
  Destination:            TOP_interface_inst/TOP_inst/ClusterGroup_array/ClusterGroup_0_1/PE_Cluster_inst/pe02/Processing_Element_core_inst/Psum_Spad_inst/Psum_DATA_Spad_BRAM_inst/mem_reg_0_31_14_20/RAMB_D1/I
  Path Group:             (none)
  Path Type:              Max at Slow Process Corner
  Data Path Delay:        19.724ns  (logic 3.499ns (17.740%)  route 16.225ns (82.260%))
  Logic Levels:           21  (CARRY8=8 FDRE=1 LUT3=1 LUT4=2 LUT5=9)

    Location             Delay type                Incr(ns)  Path(ns)    Netlist Resource(s)
  -------------------------------------------------------------------    -------------------
    SLICE_X37Y95         FDRE                         0.000     0.000 r  TOP_interface_inst/TOP_inst/TOP_controller/layer_count_reg[1]_rep/C
    SLICE_X37Y95         FDRE (Prop_HFF2_SLICEM_C_Q)
                                                      0.114     0.114 f  TOP_interface_inst/TOP_inst/TOP_controller/layer_count_reg[1]_rep/Q
                         net (fo=120, routed)         1.450     1.564    TOP_interface_inst/TOP_inst/TOP_controller/layer_count_reg[1]_rep_0
    SLICE_X41Y77         LUT3 (Prop_B5LUT_SLICEM_I1_O)
                                                      0.229     1.793 r  TOP_interface_inst/TOP_inst/TOP_controller/buffer[3][7]_i_4__3/O
                         net (fo=97, routed)          3.377     5.171    TOP_interface_inst/TOP_inst/ClusterGroup_array/ClusterGroup_1_1/PE_Cluster_inst/pe22/Processing_Element_core_inst/wr_reg_reg_0
    SLICE_X23Y43         LUT5 (Prop_B6LUT_SLICEL_I2_O)
                                                      0.188     5.359 f  TOP_interface_inst/TOP_inst/ClusterGroup_array/ClusterGroup_1_1/PE_Cluster_inst/pe22/Processing_Element_core_inst/wr_reg_i_2__33/O
                         net (fo=7, routed)           0.894     6.253    TOP_interface_inst/TOP_inst/ClusterGroup_array/ClusterGroup_1_1/PE_Cluster_inst/pe12/Processing_Element_core_inst/PE_1_2_psum_in_valid
    SLICE_X20Y48         LUT5 (Prop_C5LUT_SLICEM_I0_O)
                                                      0.223     6.476 f  TOP_interface_inst/TOP_inst/ClusterGroup_array/ClusterGroup_1_1/PE_Cluster_inst/pe12/Processing_Element_core_inst/wr_reg_i_2__28/O
                         net (fo=8, routed)           0.573     7.048    TOP_interface_inst/TOP_inst/ClusterGroup_array/ClusterGroup_1_1/PE_Cluster_inst/pe02/Processing_Element_core_inst/PE_0_2_psum_in_valid
    SLICE_X22Y64         LUT5 (Prop_C5LUT_SLICEL_I0_O)
                                                      0.091     7.139 f  TOP_interface_inst/TOP_inst/ClusterGroup_array/ClusterGroup_1_1/PE_Cluster_inst/pe02/Processing_Element_core_inst/mem_reg_i_13__4/O
                         net (fo=25, routed)          1.103     8.242    TOP_interface_inst/TOP_inst/ClusterGroup_array/ClusterGroup_1_1/Cluster_Group_Controller_inst/mem_reg
    SLICE_X27Y66         LUT5 (Prop_D6LUT_SLICEL_I3_O)
                                                      0.081     8.323 r  TOP_interface_inst/TOP_inst/ClusterGroup_array/ClusterGroup_1_1/Cluster_Group_Controller_inst/i__carry_i_17__8/O
                         net (fo=3, routed)           1.026     9.349    TOP_interface_inst/TOP_inst/ClusterGroup_array/ClusterGroup_1_1/PE_Cluster_inst/pe22/Processing_Element_core_inst/PECluster_psum_2_in[0]
    SLICE_X22Y49         LUT4 (Prop_A5LUT_SLICEL_I0_O)
                                                      0.137     9.486 r  TOP_interface_inst/TOP_inst/ClusterGroup_array/ClusterGroup_1_1/PE_Cluster_inst/pe22/Processing_Element_core_inst/i__carry_i_8__34/O
                         net (fo=1, routed)           1.510    10.996    TOP_interface_inst/TOP_inst/ClusterGroup_array/ClusterGroup_1_1/PE_Cluster_inst/pe22/Processing_Element_core_inst/p_1_in[0]
    SLICE_X21Y49         CARRY8 (Prop_CARRY8_SLICEM_DI[0]_O[1])
                                                      0.116    11.112 r  TOP_interface_inst/TOP_inst/ClusterGroup_array/ClusterGroup_1_1/PE_Cluster_inst/pe22/Processing_Element_core_inst/_inferred__1/i__carry/O[1]
                         net (fo=3, routed)           0.876    11.988    TOP_interface_inst/TOP_inst/ClusterGroup_array/ClusterGroup_1_1/PE_Cluster_inst/pe12/Processing_Element_core_inst/Psum_Spad_inst/Psum_DATA_Spad_BRAM_inst/PE_1_2_psum_in[1]
    SLICE_X19Y51         LUT5 (Prop_B6LUT_SLICEL_I1_O)
                                                      0.224    12.212 r  TOP_interface_inst/TOP_inst/ClusterGroup_array/ClusterGroup_1_1/PE_Cluster_inst/pe12/Processing_Element_core_inst/Psum_Spad_inst/Psum_DATA_Spad_BRAM_inst/i__carry_i_15__31/O
                         net (fo=1, routed)           0.013    12.225    TOP_interface_inst/TOP_inst/ClusterGroup_array/ClusterGroup_1_1/PE_Cluster_inst/pe12/Processing_Element_core_inst/Psum_Spad_inst_n_35
    SLICE_X19Y51         CARRY8 (Prop_CARRY8_SLICEL_S[1]_CO[7])
                                                      0.261    12.486 r  TOP_interface_inst/TOP_inst/ClusterGroup_array/ClusterGroup_1_1/PE_Cluster_inst/pe12/Processing_Element_core_inst/_inferred__1/i__carry/CO[7]
                         net (fo=1, routed)           0.030    12.516    TOP_interface_inst/TOP_inst/ClusterGroup_array/ClusterGroup_1_1/PE_Cluster_inst/pe12/Processing_Element_core_inst/_inferred__1/i__carry_n_0
    SLICE_X19Y52         CARRY8 (Prop_CARRY8_SLICEL_CI_O[1])
                                                      0.106    12.622 r  TOP_interface_inst/TOP_inst/ClusterGroup_array/ClusterGroup_1_1/PE_Cluster_inst/pe12/Processing_Element_core_inst/_inferred__1/i__carry__0/O[1]
                         net (fo=3, routed)           1.266    13.888    TOP_interface_inst/TOP_inst/ClusterGroup_array/ClusterGroup_1_1/PE_Cluster_inst/pe02/Processing_Element_core_inst/Psum_Spad_inst/Psum_DATA_Spad_BRAM_inst/PE_0_2_psum_in[9]
    SLICE_X22Y66         LUT5 (Prop_B6LUT_SLICEL_I1_O)
                                                      0.224    14.112 r  TOP_interface_inst/TOP_inst/ClusterGroup_array/ClusterGroup_1_1/PE_Cluster_inst/pe02/Processing_Element_core_inst/Psum_Spad_inst/Psum_DATA_Spad_BRAM_inst/i__carry__0_i_15__28/O
                         net (fo=1, routed)           0.013    14.125    TOP_interface_inst/TOP_inst/ClusterGroup_array/ClusterGroup_1_1/PE_Cluster_inst/pe02/Processing_Element_core_inst/Psum_Spad_inst_n_44
    SLICE_X22Y66         CARRY8 (Prop_CARRY8_SLICEL_S[1]_O[4])
                                                      0.279    14.404 r  TOP_interface_inst/TOP_inst/ClusterGroup_array/ClusterGroup_1_1/PE_Cluster_inst/pe02/Processing_Element_core_inst/_inferred__1/i__carry__0/O[4]
                         net (fo=4, routed)           1.176    15.580    TOP_interface_inst/TOP_inst/ClusterGroup_array/ClusterGroup_0_1/PE_Cluster_inst/pe22/Processing_Element_core_inst/_inferred__1/i__carry__1_0[12]
    SLICE_X25Y69         LUT4 (Prop_G6LUT_SLICEM_I0_O)
                                                      0.226    15.806 r  TOP_interface_inst/TOP_inst/ClusterGroup_array/ClusterGroup_0_1/PE_Cluster_inst/pe22/Processing_Element_core_inst/i__carry__0_i_4__16/O
                         net (fo=1, routed)           0.551    16.357    TOP_interface_inst/TOP_inst/ClusterGroup_array/ClusterGroup_0_1/PE_Cluster_inst/pe22/Processing_Element_core_inst/p_1_in[12]
    SLICE_X26Y69         CARRY8 (Prop_CARRY8_SLICEL_DI[4]_O[5])
                                                      0.115    16.472 r  TOP_interface_inst/TOP_inst/ClusterGroup_array/ClusterGroup_0_1/PE_Cluster_inst/pe22/Processing_Element_core_inst/_inferred__1/i__carry__0/O[5]
                         net (fo=3, routed)           0.855    17.327    TOP_interface_inst/TOP_inst/ClusterGroup_array/ClusterGroup_0_1/PE_Cluster_inst/pe12/Processing_Element_core_inst/Psum_Spad_inst/Psum_DATA_Spad_BRAM_inst/PE_1_2_psum_in[13]
    SLICE_X39Y105        LUT5 (Prop_F6LUT_SLICEL_I1_O)
                                                      0.136    17.463 r  TOP_interface_inst/TOP_inst/ClusterGroup_array/ClusterGroup_0_1/PE_Cluster_inst/pe12/Processing_Element_core_inst/Psum_Spad_inst/Psum_DATA_Spad_BRAM_inst/i__carry__0_i_11__13/O
                         net (fo=1, routed)           0.015    17.478    TOP_interface_inst/TOP_inst/ClusterGroup_array/ClusterGroup_0_1/PE_Cluster_inst/pe12/Processing_Element_core_inst/Psum_Spad_inst_n_43
    SLICE_X39Y105        CARRY8 (Prop_CARRY8_SLICEL_S[5]_CO[7])
                                                      0.232    17.710 r  TOP_interface_inst/TOP_inst/ClusterGroup_array/ClusterGroup_0_1/PE_Cluster_inst/pe12/Processing_Element_core_inst/_inferred__1/i__carry__0/CO[7]
                         net (fo=1, routed)           0.030    17.740    TOP_interface_inst/TOP_inst/ClusterGroup_array/ClusterGroup_0_1/PE_Cluster_inst/pe12/Processing_Element_core_inst/_inferred__1/i__carry__0_n_0
    SLICE_X39Y106        CARRY8 (Prop_CARRY8_SLICEL_CI_O[0])
                                                      0.078    17.818 r  TOP_interface_inst/TOP_inst/ClusterGroup_array/ClusterGroup_0_1/PE_Cluster_inst/pe12/Processing_Element_core_inst/_inferred__1/i__carry__1/O[0]
                         net (fo=3, routed)           0.522    18.340    TOP_interface_inst/TOP_inst/ClusterGroup_array/ClusterGroup_0_1/PE_Cluster_inst/pe02/Processing_Element_core_inst/Psum_Spad_inst/Psum_DATA_Spad_BRAM_inst/PE_0_2_psum_in[16]
    SLICE_X40Y105        LUT5 (Prop_A6LUT_SLICEM_I1_O)
                                                      0.152    18.492 r  TOP_interface_inst/TOP_inst/ClusterGroup_array/ClusterGroup_0_1/PE_Cluster_inst/pe02/Processing_Element_core_inst/Psum_Spad_inst/Psum_DATA_Spad_BRAM_inst/i__carry__1_i_9__10/O
                         net (fo=1, routed)           0.017    18.509    TOP_interface_inst/TOP_inst/ClusterGroup_array/ClusterGroup_0_1/PE_Cluster_inst/pe02/Processing_Element_core_inst/Psum_Spad_inst_n_8
    SLICE_X40Y105        CARRY8 (Prop_CARRY8_SLICEM_S[0]_O[1])
                                                      0.135    18.644 r  TOP_interface_inst/TOP_inst/ClusterGroup_array/ClusterGroup_0_1/PE_Cluster_inst/pe02/Processing_Element_core_inst/_inferred__1/i__carry__1/O[1]
                         net (fo=2, routed)           0.507    19.152    TOP_interface_inst/TOP_inst/ClusterGroup_array/ClusterGroup_0_1/PE_Cluster_inst/pe02/Processing_Element_core_inst/Psum_Spad_inst/Psum_DATA_Spad_BRAM_inst/doutb_reg[15]_0[17]
    SLICE_X41Y102        LUT5 (Prop_B6LUT_SLICEM_I0_O)
                                                      0.152    19.304 r  TOP_interface_inst/TOP_inst/ClusterGroup_array/ClusterGroup_0_1/PE_Cluster_inst/pe02/Processing_Element_core_inst/Psum_Spad_inst/Psum_DATA_Spad_BRAM_inst/mem_reg_0_31_14_20_i_3__10/O
                         net (fo=1, routed)           0.420    19.724    TOP_interface_inst/TOP_inst/ClusterGroup_array/ClusterGroup_0_1/PE_Cluster_inst/pe02/Processing_Element_core_inst/Psum_Spad_inst/Psum_DATA_Spad_BRAM_inst/mem_reg_0_31_14_20/DIB1
    SLICE_X40Y102        RAMD32                                       r  TOP_interface_inst/TOP_inst/ClusterGroup_array/ClusterGroup_0_1/PE_Cluster_inst/pe02/Processing_Element_core_inst/Psum_Spad_inst/Psum_DATA_Spad_BRAM_inst/mem_reg_0_31_14_20/RAMB_D1/I
  -------------------------------------------------------------------    -------------------

Slack:                    inf
  Source:                 TOP_interface_inst/TOP_inst/TOP_controller/layer_count_reg[1]_rep/C
                            (rising edge-triggered cell FDRE)
  Destination:            TOP_interface_inst/TOP_inst/ClusterGroup_array/ClusterGroup_0_1/PE_Cluster_inst/pe02/Processing_Element_core_inst/Psum_Spad_inst/Psum_DATA_Spad_BRAM_inst/mem_reg_0_31_14_20/RAMD/I
  Path Group:             (none)
  Path Type:              Max at Slow Process Corner
  Data Path Delay:        19.583ns  (logic 3.638ns (18.577%)  route 15.945ns (81.423%))
  Logic Levels:           21  (CARRY8=8 FDRE=1 LUT3=1 LUT4=2 LUT5=9)

    Location             Delay type                Incr(ns)  Path(ns)    Netlist Resource(s)
  -------------------------------------------------------------------    -------------------
    SLICE_X37Y95         FDRE                         0.000     0.000 r  TOP_interface_inst/TOP_inst/TOP_controller/layer_count_reg[1]_rep/C
    SLICE_X37Y95         FDRE (Prop_HFF2_SLICEM_C_Q)
                                                      0.114     0.114 f  TOP_interface_inst/TOP_inst/TOP_controller/layer_count_reg[1]_rep/Q
                         net (fo=120, routed)         1.450     1.564    TOP_interface_inst/TOP_inst/TOP_controller/layer_count_reg[1]_rep_0
    SLICE_X41Y77         LUT3 (Prop_B5LUT_SLICEM_I1_O)
                                                      0.229     1.793 r  TOP_interface_inst/TOP_inst/TOP_controller/buffer[3][7]_i_4__3/O
                         net (fo=97, routed)          3.377     5.171    TOP_interface_inst/TOP_inst/ClusterGroup_array/ClusterGroup_1_1/PE_Cluster_inst/pe22/Processing_Element_core_inst/wr_reg_reg_0
    SLICE_X23Y43         LUT5 (Prop_B6LUT_SLICEL_I2_O)
                                                      0.188     5.359 f  TOP_interface_inst/TOP_inst/ClusterGroup_array/ClusterGroup_1_1/PE_Cluster_inst/pe22/Processing_Element_core_inst/wr_reg_i_2__33/O
                         net (fo=7, routed)           0.894     6.253    TOP_interface_inst/TOP_inst/ClusterGroup_array/ClusterGroup_1_1/PE_Cluster_inst/pe12/Processing_Element_core_inst/PE_1_2_psum_in_valid
    SLICE_X20Y48         LUT5 (Prop_C5LUT_SLICEM_I0_O)
                                                      0.223     6.476 f  TOP_interface_inst/TOP_inst/ClusterGroup_array/ClusterGroup_1_1/PE_Cluster_inst/pe12/Processing_Element_core_inst/wr_reg_i_2__28/O
                         net (fo=8, routed)           0.573     7.048    TOP_interface_inst/TOP_inst/ClusterGroup_array/ClusterGroup_1_1/PE_Cluster_inst/pe02/Processing_Element_core_inst/PE_0_2_psum_in_valid
    SLICE_X22Y64         LUT5 (Prop_C5LUT_SLICEL_I0_O)
                                                      0.091     7.139 f  TOP_interface_inst/TOP_inst/ClusterGroup_array/ClusterGroup_1_1/PE_Cluster_inst/pe02/Processing_Element_core_inst/mem_reg_i_13__4/O
                         net (fo=25, routed)          1.103     8.242    TOP_interface_inst/TOP_inst/ClusterGroup_array/ClusterGroup_1_1/Cluster_Group_Controller_inst/mem_reg
    SLICE_X27Y66         LUT5 (Prop_D6LUT_SLICEL_I3_O)
                                                      0.081     8.323 r  TOP_interface_inst/TOP_inst/ClusterGroup_array/ClusterGroup_1_1/Cluster_Group_Controller_inst/i__carry_i_17__8/O
                         net (fo=3, routed)           1.026     9.349    TOP_interface_inst/TOP_inst/ClusterGroup_array/ClusterGroup_1_1/PE_Cluster_inst/pe22/Processing_Element_core_inst/PECluster_psum_2_in[0]
    SLICE_X22Y49         LUT4 (Prop_A5LUT_SLICEL_I0_O)
                                                      0.137     9.486 r  TOP_interface_inst/TOP_inst/ClusterGroup_array/ClusterGroup_1_1/PE_Cluster_inst/pe22/Processing_Element_core_inst/i__carry_i_8__34/O
                         net (fo=1, routed)           1.510    10.996    TOP_interface_inst/TOP_inst/ClusterGroup_array/ClusterGroup_1_1/PE_Cluster_inst/pe22/Processing_Element_core_inst/p_1_in[0]
    SLICE_X21Y49         CARRY8 (Prop_CARRY8_SLICEM_DI[0]_O[1])
                                                      0.116    11.112 r  TOP_interface_inst/TOP_inst/ClusterGroup_array/ClusterGroup_1_1/PE_Cluster_inst/pe22/Processing_Element_core_inst/_inferred__1/i__carry/O[1]
                         net (fo=3, routed)           0.876    11.988    TOP_interface_inst/TOP_inst/ClusterGroup_array/ClusterGroup_1_1/PE_Cluster_inst/pe12/Processing_Element_core_inst/Psum_Spad_inst/Psum_DATA_Spad_BRAM_inst/PE_1_2_psum_in[1]
    SLICE_X19Y51         LUT5 (Prop_B6LUT_SLICEL_I1_O)
                                                      0.224    12.212 r  TOP_interface_inst/TOP_inst/ClusterGroup_array/ClusterGroup_1_1/PE_Cluster_inst/pe12/Processing_Element_core_inst/Psum_Spad_inst/Psum_DATA_Spad_BRAM_inst/i__carry_i_15__31/O
                         net (fo=1, routed)           0.013    12.225    TOP_interface_inst/TOP_inst/ClusterGroup_array/ClusterGroup_1_1/PE_Cluster_inst/pe12/Processing_Element_core_inst/Psum_Spad_inst_n_35
    SLICE_X19Y51         CARRY8 (Prop_CARRY8_SLICEL_S[1]_CO[7])
                                                      0.261    12.486 r  TOP_interface_inst/TOP_inst/ClusterGroup_array/ClusterGroup_1_1/PE_Cluster_inst/pe12/Processing_Element_core_inst/_inferred__1/i__carry/CO[7]
                         net (fo=1, routed)           0.030    12.516    TOP_interface_inst/TOP_inst/ClusterGroup_array/ClusterGroup_1_1/PE_Cluster_inst/pe12/Processing_Element_core_inst/_inferred__1/i__carry_n_0
    SLICE_X19Y52         CARRY8 (Prop_CARRY8_SLICEL_CI_O[1])
                                                      0.106    12.622 r  TOP_interface_inst/TOP_inst/ClusterGroup_array/ClusterGroup_1_1/PE_Cluster_inst/pe12/Processing_Element_core_inst/_inferred__1/i__carry__0/O[1]
                         net (fo=3, routed)           1.266    13.888    TOP_interface_inst/TOP_inst/ClusterGroup_array/ClusterGroup_1_1/PE_Cluster_inst/pe02/Processing_Element_core_inst/Psum_Spad_inst/Psum_DATA_Spad_BRAM_inst/PE_0_2_psum_in[9]
    SLICE_X22Y66         LUT5 (Prop_B6LUT_SLICEL_I1_O)
                                                      0.224    14.112 r  TOP_interface_inst/TOP_inst/ClusterGroup_array/ClusterGroup_1_1/PE_Cluster_inst/pe02/Processing_Element_core_inst/Psum_Spad_inst/Psum_DATA_Spad_BRAM_inst/i__carry__0_i_15__28/O
                         net (fo=1, routed)           0.013    14.125    TOP_interface_inst/TOP_inst/ClusterGroup_array/ClusterGroup_1_1/PE_Cluster_inst/pe02/Processing_Element_core_inst/Psum_Spad_inst_n_44
    SLICE_X22Y66         CARRY8 (Prop_CARRY8_SLICEL_S[1]_O[4])
                                                      0.279    14.404 r  TOP_interface_inst/TOP_inst/ClusterGroup_array/ClusterGroup_1_1/PE_Cluster_inst/pe02/Processing_Element_core_inst/_inferred__1/i__carry__0/O[4]
                         net (fo=4, routed)           1.176    15.580    TOP_interface_inst/TOP_inst/ClusterGroup_array/ClusterGroup_0_1/PE_Cluster_inst/pe22/Processing_Element_core_inst/_inferred__1/i__carry__1_0[12]
    SLICE_X25Y69         LUT4 (Prop_G6LUT_SLICEM_I0_O)
                                                      0.226    15.806 r  TOP_interface_inst/TOP_inst/ClusterGroup_array/ClusterGroup_0_1/PE_Cluster_inst/pe22/Processing_Element_core_inst/i__carry__0_i_4__16/O
                         net (fo=1, routed)           0.551    16.357    TOP_interface_inst/TOP_inst/ClusterGroup_array/ClusterGroup_0_1/PE_Cluster_inst/pe22/Processing_Element_core_inst/p_1_in[12]
    SLICE_X26Y69         CARRY8 (Prop_CARRY8_SLICEL_DI[4]_O[5])
                                                      0.115    16.472 r  TOP_interface_inst/TOP_inst/ClusterGroup_array/ClusterGroup_0_1/PE_Cluster_inst/pe22/Processing_Element_core_inst/_inferred__1/i__carry__0/O[5]
                         net (fo=3, routed)           0.855    17.327    TOP_interface_inst/TOP_inst/ClusterGroup_array/ClusterGroup_0_1/PE_Cluster_inst/pe12/Processing_Element_core_inst/Psum_Spad_inst/Psum_DATA_Spad_BRAM_inst/PE_1_2_psum_in[13]
    SLICE_X39Y105        LUT5 (Prop_F6LUT_SLICEL_I1_O)
                                                      0.136    17.463 r  TOP_interface_inst/TOP_inst/ClusterGroup_array/ClusterGroup_0_1/PE_Cluster_inst/pe12/Processing_Element_core_inst/Psum_Spad_inst/Psum_DATA_Spad_BRAM_inst/i__carry__0_i_11__13/O
                         net (fo=1, routed)           0.015    17.478    TOP_interface_inst/TOP_inst/ClusterGroup_array/ClusterGroup_0_1/PE_Cluster_inst/pe12/Processing_Element_core_inst/Psum_Spad_inst_n_43
    SLICE_X39Y105        CARRY8 (Prop_CARRY8_SLICEL_S[5]_CO[7])
                                                      0.232    17.710 r  TOP_interface_inst/TOP_inst/ClusterGroup_array/ClusterGroup_0_1/PE_Cluster_inst/pe12/Processing_Element_core_inst/_inferred__1/i__carry__0/CO[7]
                         net (fo=1, routed)           0.030    17.740    TOP_interface_inst/TOP_inst/ClusterGroup_array/ClusterGroup_0_1/PE_Cluster_inst/pe12/Processing_Element_core_inst/_inferred__1/i__carry__0_n_0
    SLICE_X39Y106        CARRY8 (Prop_CARRY8_SLICEL_CI_O[0])
                                                      0.078    17.818 r  TOP_interface_inst/TOP_inst/ClusterGroup_array/ClusterGroup_0_1/PE_Cluster_inst/pe12/Processing_Element_core_inst/_inferred__1/i__carry__1/O[0]
                         net (fo=3, routed)           0.522    18.340    TOP_interface_inst/TOP_inst/ClusterGroup_array/ClusterGroup_0_1/PE_Cluster_inst/pe02/Processing_Element_core_inst/Psum_Spad_inst/Psum_DATA_Spad_BRAM_inst/PE_0_2_psum_in[16]
    SLICE_X40Y105        LUT5 (Prop_A6LUT_SLICEM_I1_O)
                                                      0.152    18.492 r  TOP_interface_inst/TOP_inst/ClusterGroup_array/ClusterGroup_0_1/PE_Cluster_inst/pe02/Processing_Element_core_inst/Psum_Spad_inst/Psum_DATA_Spad_BRAM_inst/i__carry__1_i_9__10/O
                         net (fo=1, routed)           0.017    18.509    TOP_interface_inst/TOP_inst/ClusterGroup_array/ClusterGroup_0_1/PE_Cluster_inst/pe02/Processing_Element_core_inst/Psum_Spad_inst_n_8
    SLICE_X40Y105        CARRY8 (Prop_CARRY8_SLICEM_S[0]_O[4])
                                                      0.288    18.797 r  TOP_interface_inst/TOP_inst/ClusterGroup_array/ClusterGroup_0_1/PE_Cluster_inst/pe02/Processing_Element_core_inst/_inferred__1/i__carry__1/O[4]
                         net (fo=2, routed)           0.380    19.177    TOP_interface_inst/TOP_inst/ClusterGroup_array/ClusterGroup_0_1/PE_Cluster_inst/pe02/Processing_Element_core_inst/Psum_Spad_inst/Psum_DATA_Spad_BRAM_inst/doutb_reg[15]_0[20]
    SLICE_X41Y102        LUT5 (Prop_A6LUT_SLICEM_I0_O)
                                                      0.138    19.315 r  TOP_interface_inst/TOP_inst/ClusterGroup_array/ClusterGroup_0_1/PE_Cluster_inst/pe02/Processing_Element_core_inst/Psum_Spad_inst/Psum_DATA_Spad_BRAM_inst/mem_reg_0_31_14_20_i_7__10/O
                         net (fo=1, routed)           0.268    19.583    TOP_interface_inst/TOP_inst/ClusterGroup_array/ClusterGroup_0_1/PE_Cluster_inst/pe02/Processing_Element_core_inst/Psum_Spad_inst/Psum_DATA_Spad_BRAM_inst/mem_reg_0_31_14_20/DID0
    SLICE_X40Y102        RAMD32                                       r  TOP_interface_inst/TOP_inst/ClusterGroup_array/ClusterGroup_0_1/PE_Cluster_inst/pe02/Processing_Element_core_inst/Psum_Spad_inst/Psum_DATA_Spad_BRAM_inst/mem_reg_0_31_14_20/RAMD/I
  -------------------------------------------------------------------    -------------------

Slack:                    inf
  Source:                 TOP_interface_inst/TOP_inst/TOP_controller/layer_count_reg[1]_rep/C
                            (rising edge-triggered cell FDRE)
  Destination:            TOP_interface_inst/TOP_inst/ClusterGroup_array/ClusterGroup_0_1/PE_Cluster_inst/pe02/Processing_Element_core_inst/Psum_Spad_inst/Psum_DATA_Spad_BRAM_inst/mem_reg_0_31_14_20/RAMC_D1/I
  Path Group:             (none)
  Path Type:              Max at Slow Process Corner
  Data Path Delay:        19.575ns  (logic 3.632ns (18.554%)  route 15.943ns (81.446%))
  Logic Levels:           21  (CARRY8=8 FDRE=1 LUT3=1 LUT4=2 LUT5=9)

    Location             Delay type                Incr(ns)  Path(ns)    Netlist Resource(s)
  -------------------------------------------------------------------    -------------------
    SLICE_X37Y95         FDRE                         0.000     0.000 r  TOP_interface_inst/TOP_inst/TOP_controller/layer_count_reg[1]_rep/C
    SLICE_X37Y95         FDRE (Prop_HFF2_SLICEM_C_Q)
                                                      0.114     0.114 f  TOP_interface_inst/TOP_inst/TOP_controller/layer_count_reg[1]_rep/Q
                         net (fo=120, routed)         1.450     1.564    TOP_interface_inst/TOP_inst/TOP_controller/layer_count_reg[1]_rep_0
    SLICE_X41Y77         LUT3 (Prop_B5LUT_SLICEM_I1_O)
                                                      0.229     1.793 r  TOP_interface_inst/TOP_inst/TOP_controller/buffer[3][7]_i_4__3/O
                         net (fo=97, routed)          3.377     5.171    TOP_interface_inst/TOP_inst/ClusterGroup_array/ClusterGroup_1_1/PE_Cluster_inst/pe22/Processing_Element_core_inst/wr_reg_reg_0
    SLICE_X23Y43         LUT5 (Prop_B6LUT_SLICEL_I2_O)
                                                      0.188     5.359 f  TOP_interface_inst/TOP_inst/ClusterGroup_array/ClusterGroup_1_1/PE_Cluster_inst/pe22/Processing_Element_core_inst/wr_reg_i_2__33/O
                         net (fo=7, routed)           0.894     6.253    TOP_interface_inst/TOP_inst/ClusterGroup_array/ClusterGroup_1_1/PE_Cluster_inst/pe12/Processing_Element_core_inst/PE_1_2_psum_in_valid
    SLICE_X20Y48         LUT5 (Prop_C5LUT_SLICEM_I0_O)
                                                      0.223     6.476 f  TOP_interface_inst/TOP_inst/ClusterGroup_array/ClusterGroup_1_1/PE_Cluster_inst/pe12/Processing_Element_core_inst/wr_reg_i_2__28/O
                         net (fo=8, routed)           0.573     7.048    TOP_interface_inst/TOP_inst/ClusterGroup_array/ClusterGroup_1_1/PE_Cluster_inst/pe02/Processing_Element_core_inst/PE_0_2_psum_in_valid
    SLICE_X22Y64         LUT5 (Prop_C5LUT_SLICEL_I0_O)
                                                      0.091     7.139 f  TOP_interface_inst/TOP_inst/ClusterGroup_array/ClusterGroup_1_1/PE_Cluster_inst/pe02/Processing_Element_core_inst/mem_reg_i_13__4/O
                         net (fo=25, routed)          1.103     8.242    TOP_interface_inst/TOP_inst/ClusterGroup_array/ClusterGroup_1_1/Cluster_Group_Controller_inst/mem_reg
    SLICE_X27Y66         LUT5 (Prop_D6LUT_SLICEL_I3_O)
                                                      0.081     8.323 r  TOP_interface_inst/TOP_inst/ClusterGroup_array/ClusterGroup_1_1/Cluster_Group_Controller_inst/i__carry_i_17__8/O
                         net (fo=3, routed)           1.026     9.349    TOP_interface_inst/TOP_inst/ClusterGroup_array/ClusterGroup_1_1/PE_Cluster_inst/pe22/Processing_Element_core_inst/PECluster_psum_2_in[0]
    SLICE_X22Y49         LUT4 (Prop_A5LUT_SLICEL_I0_O)
                                                      0.137     9.486 r  TOP_interface_inst/TOP_inst/ClusterGroup_array/ClusterGroup_1_1/PE_Cluster_inst/pe22/Processing_Element_core_inst/i__carry_i_8__34/O
                         net (fo=1, routed)           1.510    10.996    TOP_interface_inst/TOP_inst/ClusterGroup_array/ClusterGroup_1_1/PE_Cluster_inst/pe22/Processing_Element_core_inst/p_1_in[0]
    SLICE_X21Y49         CARRY8 (Prop_CARRY8_SLICEM_DI[0]_O[1])
                                                      0.116    11.112 r  TOP_interface_inst/TOP_inst/ClusterGroup_array/ClusterGroup_1_1/PE_Cluster_inst/pe22/Processing_Element_core_inst/_inferred__1/i__carry/O[1]
                         net (fo=3, routed)           0.876    11.988    TOP_interface_inst/TOP_inst/ClusterGroup_array/ClusterGroup_1_1/PE_Cluster_inst/pe12/Processing_Element_core_inst/Psum_Spad_inst/Psum_DATA_Spad_BRAM_inst/PE_1_2_psum_in[1]
    SLICE_X19Y51         LUT5 (Prop_B6LUT_SLICEL_I1_O)
                                                      0.224    12.212 r  TOP_interface_inst/TOP_inst/ClusterGroup_array/ClusterGroup_1_1/PE_Cluster_inst/pe12/Processing_Element_core_inst/Psum_Spad_inst/Psum_DATA_Spad_BRAM_inst/i__carry_i_15__31/O
                         net (fo=1, routed)           0.013    12.225    TOP_interface_inst/TOP_inst/ClusterGroup_array/ClusterGroup_1_1/PE_Cluster_inst/pe12/Processing_Element_core_inst/Psum_Spad_inst_n_35
    SLICE_X19Y51         CARRY8 (Prop_CARRY8_SLICEL_S[1]_CO[7])
                                                      0.261    12.486 r  TOP_interface_inst/TOP_inst/ClusterGroup_array/ClusterGroup_1_1/PE_Cluster_inst/pe12/Processing_Element_core_inst/_inferred__1/i__carry/CO[7]
                         net (fo=1, routed)           0.030    12.516    TOP_interface_inst/TOP_inst/ClusterGroup_array/ClusterGroup_1_1/PE_Cluster_inst/pe12/Processing_Element_core_inst/_inferred__1/i__carry_n_0
    SLICE_X19Y52         CARRY8 (Prop_CARRY8_SLICEL_CI_O[1])
                                                      0.106    12.622 r  TOP_interface_inst/TOP_inst/ClusterGroup_array/ClusterGroup_1_1/PE_Cluster_inst/pe12/Processing_Element_core_inst/_inferred__1/i__carry__0/O[1]
                         net (fo=3, routed)           1.266    13.888    TOP_interface_inst/TOP_inst/ClusterGroup_array/ClusterGroup_1_1/PE_Cluster_inst/pe02/Processing_Element_core_inst/Psum_Spad_inst/Psum_DATA_Spad_BRAM_inst/PE_0_2_psum_in[9]
    SLICE_X22Y66         LUT5 (Prop_B6LUT_SLICEL_I1_O)
                                                      0.224    14.112 r  TOP_interface_inst/TOP_inst/ClusterGroup_array/ClusterGroup_1_1/PE_Cluster_inst/pe02/Processing_Element_core_inst/Psum_Spad_inst/Psum_DATA_Spad_BRAM_inst/i__carry__0_i_15__28/O
                         net (fo=1, routed)           0.013    14.125    TOP_interface_inst/TOP_inst/ClusterGroup_array/ClusterGroup_1_1/PE_Cluster_inst/pe02/Processing_Element_core_inst/Psum_Spad_inst_n_44
    SLICE_X22Y66         CARRY8 (Prop_CARRY8_SLICEL_S[1]_O[4])
                                                      0.279    14.404 r  TOP_interface_inst/TOP_inst/ClusterGroup_array/ClusterGroup_1_1/PE_Cluster_inst/pe02/Processing_Element_core_inst/_inferred__1/i__carry__0/O[4]
                         net (fo=4, routed)           1.176    15.580    TOP_interface_inst/TOP_inst/ClusterGroup_array/ClusterGroup_0_1/PE_Cluster_inst/pe22/Processing_Element_core_inst/_inferred__1/i__carry__1_0[12]
    SLICE_X25Y69         LUT4 (Prop_G6LUT_SLICEM_I0_O)
                                                      0.226    15.806 r  TOP_interface_inst/TOP_inst/ClusterGroup_array/ClusterGroup_0_1/PE_Cluster_inst/pe22/Processing_Element_core_inst/i__carry__0_i_4__16/O
                         net (fo=1, routed)           0.551    16.357    TOP_interface_inst/TOP_inst/ClusterGroup_array/ClusterGroup_0_1/PE_Cluster_inst/pe22/Processing_Element_core_inst/p_1_in[12]
    SLICE_X26Y69         CARRY8 (Prop_CARRY8_SLICEL_DI[4]_O[5])
                                                      0.115    16.472 r  TOP_interface_inst/TOP_inst/ClusterGroup_array/ClusterGroup_0_1/PE_Cluster_inst/pe22/Processing_Element_core_inst/_inferred__1/i__carry__0/O[5]
                         net (fo=3, routed)           0.855    17.327    TOP_interface_inst/TOP_inst/ClusterGroup_array/ClusterGroup_0_1/PE_Cluster_inst/pe12/Processing_Element_core_inst/Psum_Spad_inst/Psum_DATA_Spad_BRAM_inst/PE_1_2_psum_in[13]
    SLICE_X39Y105        LUT5 (Prop_F6LUT_SLICEL_I1_O)
                                                      0.136    17.463 r  TOP_interface_inst/TOP_inst/ClusterGroup_array/ClusterGroup_0_1/PE_Cluster_inst/pe12/Processing_Element_core_inst/Psum_Spad_inst/Psum_DATA_Spad_BRAM_inst/i__carry__0_i_11__13/O
                         net (fo=1, routed)           0.015    17.478    TOP_interface_inst/TOP_inst/ClusterGroup_array/ClusterGroup_0_1/PE_Cluster_inst/pe12/Processing_Element_core_inst/Psum_Spad_inst_n_43
    SLICE_X39Y105        CARRY8 (Prop_CARRY8_SLICEL_S[5]_CO[7])
                                                      0.232    17.710 r  TOP_interface_inst/TOP_inst/ClusterGroup_array/ClusterGroup_0_1/PE_Cluster_inst/pe12/Processing_Element_core_inst/_inferred__1/i__carry__0/CO[7]
                         net (fo=1, routed)           0.030    17.740    TOP_interface_inst/TOP_inst/ClusterGroup_array/ClusterGroup_0_1/PE_Cluster_inst/pe12/Processing_Element_core_inst/_inferred__1/i__carry__0_n_0
    SLICE_X39Y106        CARRY8 (Prop_CARRY8_SLICEL_CI_O[0])
                                                      0.078    17.818 r  TOP_interface_inst/TOP_inst/ClusterGroup_array/ClusterGroup_0_1/PE_Cluster_inst/pe12/Processing_Element_core_inst/_inferred__1/i__carry__1/O[0]
                         net (fo=3, routed)           0.522    18.340    TOP_interface_inst/TOP_inst/ClusterGroup_array/ClusterGroup_0_1/PE_Cluster_inst/pe02/Processing_Element_core_inst/Psum_Spad_inst/Psum_DATA_Spad_BRAM_inst/PE_0_2_psum_in[16]
    SLICE_X40Y105        LUT5 (Prop_A6LUT_SLICEM_I1_O)
                                                      0.152    18.492 r  TOP_interface_inst/TOP_inst/ClusterGroup_array/ClusterGroup_0_1/PE_Cluster_inst/pe02/Processing_Element_core_inst/Psum_Spad_inst/Psum_DATA_Spad_BRAM_inst/i__carry__1_i_9__10/O
                         net (fo=1, routed)           0.017    18.509    TOP_interface_inst/TOP_inst/ClusterGroup_array/ClusterGroup_0_1/PE_Cluster_inst/pe02/Processing_Element_core_inst/Psum_Spad_inst_n_8
    SLICE_X40Y105        CARRY8 (Prop_CARRY8_SLICEM_S[0]_O[3])
                                                      0.197    18.706 r  TOP_interface_inst/TOP_inst/ClusterGroup_array/ClusterGroup_0_1/PE_Cluster_inst/pe02/Processing_Element_core_inst/_inferred__1/i__carry__1/O[3]
                         net (fo=2, routed)           0.365    19.071    TOP_interface_inst/TOP_inst/ClusterGroup_array/ClusterGroup_0_1/PE_Cluster_inst/pe02/Processing_Element_core_inst/Psum_Spad_inst/Psum_DATA_Spad_BRAM_inst/doutb_reg[15]_0[19]
    SLICE_X42Y102        LUT5 (Prop_E6LUT_SLICEL_I0_O)
                                                      0.223    19.294 r  TOP_interface_inst/TOP_inst/ClusterGroup_array/ClusterGroup_0_1/PE_Cluster_inst/pe02/Processing_Element_core_inst/Psum_Spad_inst/Psum_DATA_Spad_BRAM_inst/mem_reg_0_31_14_20_i_5__10/O
                         net (fo=1, routed)           0.281    19.575    TOP_interface_inst/TOP_inst/ClusterGroup_array/ClusterGroup_0_1/PE_Cluster_inst/pe02/Processing_Element_core_inst/Psum_Spad_inst/Psum_DATA_Spad_BRAM_inst/mem_reg_0_31_14_20/DIC1
    SLICE_X40Y102        RAMD32                                       r  TOP_interface_inst/TOP_inst/ClusterGroup_array/ClusterGroup_0_1/PE_Cluster_inst/pe02/Processing_Element_core_inst/Psum_Spad_inst/Psum_DATA_Spad_BRAM_inst/mem_reg_0_31_14_20/RAMC_D1/I
  -------------------------------------------------------------------    -------------------

Slack:                    inf
  Source:                 TOP_interface_inst/TOP_inst/TOP_controller/layer_count_reg[1]_rep/C
                            (rising edge-triggered cell FDRE)
  Destination:            TOP_interface_inst/TOP_inst/ClusterGroup_array/ClusterGroup_0_1/GLB_Cluster_inst/pSumSRAM2/Psum_Data_SRAM_BRAM_inst/mem_reg/DINBDIN[4]
  Path Group:             (none)
  Path Type:              Max at Slow Process Corner
  Data Path Delay:        19.563ns  (logic 3.500ns (17.891%)  route 16.063ns (82.109%))
  Logic Levels:           20  (CARRY8=8 FDRE=1 LUT3=1 LUT4=2 LUT5=8)

    Location             Delay type                Incr(ns)  Path(ns)    Netlist Resource(s)
  -------------------------------------------------------------------    -------------------
    SLICE_X37Y95         FDRE                         0.000     0.000 r  TOP_interface_inst/TOP_inst/TOP_controller/layer_count_reg[1]_rep/C
    SLICE_X37Y95         FDRE (Prop_HFF2_SLICEM_C_Q)
                                                      0.114     0.114 f  TOP_interface_inst/TOP_inst/TOP_controller/layer_count_reg[1]_rep/Q
                         net (fo=120, routed)         1.450     1.564    TOP_interface_inst/TOP_inst/TOP_controller/layer_count_reg[1]_rep_0
    SLICE_X41Y77         LUT3 (Prop_B5LUT_SLICEM_I1_O)
                                                      0.229     1.793 r  TOP_interface_inst/TOP_inst/TOP_controller/buffer[3][7]_i_4__3/O
                         net (fo=97, routed)          3.377     5.171    TOP_interface_inst/TOP_inst/ClusterGroup_array/ClusterGroup_1_1/PE_Cluster_inst/pe22/Processing_Element_core_inst/wr_reg_reg_0
    SLICE_X23Y43         LUT5 (Prop_B6LUT_SLICEL_I2_O)
                                                      0.188     5.359 f  TOP_interface_inst/TOP_inst/ClusterGroup_array/ClusterGroup_1_1/PE_Cluster_inst/pe22/Processing_Element_core_inst/wr_reg_i_2__33/O
                         net (fo=7, routed)           0.894     6.253    TOP_interface_inst/TOP_inst/ClusterGroup_array/ClusterGroup_1_1/PE_Cluster_inst/pe12/Processing_Element_core_inst/PE_1_2_psum_in_valid
    SLICE_X20Y48         LUT5 (Prop_C5LUT_SLICEM_I0_O)
                                                      0.223     6.476 f  TOP_interface_inst/TOP_inst/ClusterGroup_array/ClusterGroup_1_1/PE_Cluster_inst/pe12/Processing_Element_core_inst/wr_reg_i_2__28/O
                         net (fo=8, routed)           0.573     7.048    TOP_interface_inst/TOP_inst/ClusterGroup_array/ClusterGroup_1_1/PE_Cluster_inst/pe02/Processing_Element_core_inst/PE_0_2_psum_in_valid
    SLICE_X22Y64         LUT5 (Prop_C5LUT_SLICEL_I0_O)
                                                      0.091     7.139 f  TOP_interface_inst/TOP_inst/ClusterGroup_array/ClusterGroup_1_1/PE_Cluster_inst/pe02/Processing_Element_core_inst/mem_reg_i_13__4/O
                         net (fo=25, routed)          1.103     8.242    TOP_interface_inst/TOP_inst/ClusterGroup_array/ClusterGroup_1_1/Cluster_Group_Controller_inst/mem_reg
    SLICE_X27Y66         LUT5 (Prop_D6LUT_SLICEL_I3_O)
                                                      0.081     8.323 r  TOP_interface_inst/TOP_inst/ClusterGroup_array/ClusterGroup_1_1/Cluster_Group_Controller_inst/i__carry_i_17__8/O
                         net (fo=3, routed)           1.026     9.349    TOP_interface_inst/TOP_inst/ClusterGroup_array/ClusterGroup_1_1/PE_Cluster_inst/pe22/Processing_Element_core_inst/PECluster_psum_2_in[0]
    SLICE_X22Y49         LUT4 (Prop_A5LUT_SLICEL_I0_O)
                                                      0.137     9.486 r  TOP_interface_inst/TOP_inst/ClusterGroup_array/ClusterGroup_1_1/PE_Cluster_inst/pe22/Processing_Element_core_inst/i__carry_i_8__34/O
                         net (fo=1, routed)           1.510    10.996    TOP_interface_inst/TOP_inst/ClusterGroup_array/ClusterGroup_1_1/PE_Cluster_inst/pe22/Processing_Element_core_inst/p_1_in[0]
    SLICE_X21Y49         CARRY8 (Prop_CARRY8_SLICEM_DI[0]_O[1])
                                                      0.116    11.112 r  TOP_interface_inst/TOP_inst/ClusterGroup_array/ClusterGroup_1_1/PE_Cluster_inst/pe22/Processing_Element_core_inst/_inferred__1/i__carry/O[1]
                         net (fo=3, routed)           0.876    11.988    TOP_interface_inst/TOP_inst/ClusterGroup_array/ClusterGroup_1_1/PE_Cluster_inst/pe12/Processing_Element_core_inst/Psum_Spad_inst/Psum_DATA_Spad_BRAM_inst/PE_1_2_psum_in[1]
    SLICE_X19Y51         LUT5 (Prop_B6LUT_SLICEL_I1_O)
                                                      0.224    12.212 r  TOP_interface_inst/TOP_inst/ClusterGroup_array/ClusterGroup_1_1/PE_Cluster_inst/pe12/Processing_Element_core_inst/Psum_Spad_inst/Psum_DATA_Spad_BRAM_inst/i__carry_i_15__31/O
                         net (fo=1, routed)           0.013    12.225    TOP_interface_inst/TOP_inst/ClusterGroup_array/ClusterGroup_1_1/PE_Cluster_inst/pe12/Processing_Element_core_inst/Psum_Spad_inst_n_35
    SLICE_X19Y51         CARRY8 (Prop_CARRY8_SLICEL_S[1]_CO[7])
                                                      0.261    12.486 r  TOP_interface_inst/TOP_inst/ClusterGroup_array/ClusterGroup_1_1/PE_Cluster_inst/pe12/Processing_Element_core_inst/_inferred__1/i__carry/CO[7]
                         net (fo=1, routed)           0.030    12.516    TOP_interface_inst/TOP_inst/ClusterGroup_array/ClusterGroup_1_1/PE_Cluster_inst/pe12/Processing_Element_core_inst/_inferred__1/i__carry_n_0
    SLICE_X19Y52         CARRY8 (Prop_CARRY8_SLICEL_CI_O[1])
                                                      0.106    12.622 r  TOP_interface_inst/TOP_inst/ClusterGroup_array/ClusterGroup_1_1/PE_Cluster_inst/pe12/Processing_Element_core_inst/_inferred__1/i__carry__0/O[1]
                         net (fo=3, routed)           1.266    13.888    TOP_interface_inst/TOP_inst/ClusterGroup_array/ClusterGroup_1_1/PE_Cluster_inst/pe02/Processing_Element_core_inst/Psum_Spad_inst/Psum_DATA_Spad_BRAM_inst/PE_0_2_psum_in[9]
    SLICE_X22Y66         LUT5 (Prop_B6LUT_SLICEL_I1_O)
                                                      0.224    14.112 r  TOP_interface_inst/TOP_inst/ClusterGroup_array/ClusterGroup_1_1/PE_Cluster_inst/pe02/Processing_Element_core_inst/Psum_Spad_inst/Psum_DATA_Spad_BRAM_inst/i__carry__0_i_15__28/O
                         net (fo=1, routed)           0.013    14.125    TOP_interface_inst/TOP_inst/ClusterGroup_array/ClusterGroup_1_1/PE_Cluster_inst/pe02/Processing_Element_core_inst/Psum_Spad_inst_n_44
    SLICE_X22Y66         CARRY8 (Prop_CARRY8_SLICEL_S[1]_O[4])
                                                      0.279    14.404 r  TOP_interface_inst/TOP_inst/ClusterGroup_array/ClusterGroup_1_1/PE_Cluster_inst/pe02/Processing_Element_core_inst/_inferred__1/i__carry__0/O[4]
                         net (fo=4, routed)           1.176    15.580    TOP_interface_inst/TOP_inst/ClusterGroup_array/ClusterGroup_0_1/PE_Cluster_inst/pe22/Processing_Element_core_inst/_inferred__1/i__carry__1_0[12]
    SLICE_X25Y69         LUT4 (Prop_G6LUT_SLICEM_I0_O)
                                                      0.226    15.806 r  TOP_interface_inst/TOP_inst/ClusterGroup_array/ClusterGroup_0_1/PE_Cluster_inst/pe22/Processing_Element_core_inst/i__carry__0_i_4__16/O
                         net (fo=1, routed)           0.551    16.357    TOP_interface_inst/TOP_inst/ClusterGroup_array/ClusterGroup_0_1/PE_Cluster_inst/pe22/Processing_Element_core_inst/p_1_in[12]
    SLICE_X26Y69         CARRY8 (Prop_CARRY8_SLICEL_DI[4]_O[5])
                                                      0.115    16.472 r  TOP_interface_inst/TOP_inst/ClusterGroup_array/ClusterGroup_0_1/PE_Cluster_inst/pe22/Processing_Element_core_inst/_inferred__1/i__carry__0/O[5]
                         net (fo=3, routed)           0.855    17.327    TOP_interface_inst/TOP_inst/ClusterGroup_array/ClusterGroup_0_1/PE_Cluster_inst/pe12/Processing_Element_core_inst/Psum_Spad_inst/Psum_DATA_Spad_BRAM_inst/PE_1_2_psum_in[13]
    SLICE_X39Y105        LUT5 (Prop_F6LUT_SLICEL_I1_O)
                                                      0.136    17.463 r  TOP_interface_inst/TOP_inst/ClusterGroup_array/ClusterGroup_0_1/PE_Cluster_inst/pe12/Processing_Element_core_inst/Psum_Spad_inst/Psum_DATA_Spad_BRAM_inst/i__carry__0_i_11__13/O
                         net (fo=1, routed)           0.015    17.478    TOP_interface_inst/TOP_inst/ClusterGroup_array/ClusterGroup_0_1/PE_Cluster_inst/pe12/Processing_Element_core_inst/Psum_Spad_inst_n_43
    SLICE_X39Y105        CARRY8 (Prop_CARRY8_SLICEL_S[5]_CO[7])
                                                      0.232    17.710 r  TOP_interface_inst/TOP_inst/ClusterGroup_array/ClusterGroup_0_1/PE_Cluster_inst/pe12/Processing_Element_core_inst/_inferred__1/i__carry__0/CO[7]
                         net (fo=1, routed)           0.030    17.740    TOP_interface_inst/TOP_inst/ClusterGroup_array/ClusterGroup_0_1/PE_Cluster_inst/pe12/Processing_Element_core_inst/_inferred__1/i__carry__0_n_0
    SLICE_X39Y106        CARRY8 (Prop_CARRY8_SLICEL_CI_O[0])
                                                      0.078    17.818 r  TOP_interface_inst/TOP_inst/ClusterGroup_array/ClusterGroup_0_1/PE_Cluster_inst/pe12/Processing_Element_core_inst/_inferred__1/i__carry__1/O[0]
                         net (fo=3, routed)           0.522    18.340    TOP_interface_inst/TOP_inst/ClusterGroup_array/ClusterGroup_0_1/PE_Cluster_inst/pe02/Processing_Element_core_inst/Psum_Spad_inst/Psum_DATA_Spad_BRAM_inst/PE_0_2_psum_in[16]
    SLICE_X40Y105        LUT5 (Prop_A6LUT_SLICEM_I1_O)
                                                      0.152    18.492 r  TOP_interface_inst/TOP_inst/ClusterGroup_array/ClusterGroup_0_1/PE_Cluster_inst/pe02/Processing_Element_core_inst/Psum_Spad_inst/Psum_DATA_Spad_BRAM_inst/i__carry__1_i_9__10/O
                         net (fo=1, routed)           0.017    18.509    TOP_interface_inst/TOP_inst/ClusterGroup_array/ClusterGroup_0_1/PE_Cluster_inst/pe02/Processing_Element_core_inst/Psum_Spad_inst_n_8
    SLICE_X40Y105        CARRY8 (Prop_CARRY8_SLICEM_S[0]_O[4])
                                                      0.288    18.797 r  TOP_interface_inst/TOP_inst/ClusterGroup_array/ClusterGroup_0_1/PE_Cluster_inst/pe02/Processing_Element_core_inst/_inferred__1/i__carry__1/O[4]
                         net (fo=2, routed)           0.766    19.563    TOP_interface_inst/TOP_inst/ClusterGroup_array/ClusterGroup_0_1/GLB_Cluster_inst/pSumSRAM2/Psum_Data_SRAM_BRAM_inst/mem_reg_4[20]
    RAMB18_X1Y37         RAMB18E2                                     r  TOP_interface_inst/TOP_inst/ClusterGroup_array/ClusterGroup_0_1/GLB_Cluster_inst/pSumSRAM2/Psum_Data_SRAM_BRAM_inst/mem_reg/DINBDIN[4]
  -------------------------------------------------------------------    -------------------

Slack:                    inf
  Source:                 TOP_interface_inst/TOP_inst/TOP_controller/layer_count_reg[1]_rep/C
                            (rising edge-triggered cell FDRE)
  Destination:            TOP_interface_inst/TOP_inst/ClusterGroup_array/ClusterGroup_0_1/GLB_Cluster_inst/pSumSRAM2/Psum_Data_SRAM_BRAM_inst/mem_reg/DINBDIN[0]
  Path Group:             (none)
  Path Type:              Max at Slow Process Corner
  Data Path Delay:        19.383ns  (logic 3.291ns (16.979%)  route 16.092ns (83.021%))
  Logic Levels:           20  (CARRY8=8 FDRE=1 LUT3=1 LUT4=2 LUT5=8)

    Location             Delay type                Incr(ns)  Path(ns)    Netlist Resource(s)
  -------------------------------------------------------------------    -------------------
    SLICE_X37Y95         FDRE                         0.000     0.000 r  TOP_interface_inst/TOP_inst/TOP_controller/layer_count_reg[1]_rep/C
    SLICE_X37Y95         FDRE (Prop_HFF2_SLICEM_C_Q)
                                                      0.114     0.114 f  TOP_interface_inst/TOP_inst/TOP_controller/layer_count_reg[1]_rep/Q
                         net (fo=120, routed)         1.450     1.564    TOP_interface_inst/TOP_inst/TOP_controller/layer_count_reg[1]_rep_0
    SLICE_X41Y77         LUT3 (Prop_B5LUT_SLICEM_I1_O)
                                                      0.229     1.793 r  TOP_interface_inst/TOP_inst/TOP_controller/buffer[3][7]_i_4__3/O
                         net (fo=97, routed)          3.377     5.171    TOP_interface_inst/TOP_inst/ClusterGroup_array/ClusterGroup_1_1/PE_Cluster_inst/pe22/Processing_Element_core_inst/wr_reg_reg_0
    SLICE_X23Y43         LUT5 (Prop_B6LUT_SLICEL_I2_O)
                                                      0.188     5.359 f  TOP_interface_inst/TOP_inst/ClusterGroup_array/ClusterGroup_1_1/PE_Cluster_inst/pe22/Processing_Element_core_inst/wr_reg_i_2__33/O
                         net (fo=7, routed)           0.894     6.253    TOP_interface_inst/TOP_inst/ClusterGroup_array/ClusterGroup_1_1/PE_Cluster_inst/pe12/Processing_Element_core_inst/PE_1_2_psum_in_valid
    SLICE_X20Y48         LUT5 (Prop_C5LUT_SLICEM_I0_O)
                                                      0.223     6.476 f  TOP_interface_inst/TOP_inst/ClusterGroup_array/ClusterGroup_1_1/PE_Cluster_inst/pe12/Processing_Element_core_inst/wr_reg_i_2__28/O
                         net (fo=8, routed)           0.573     7.048    TOP_interface_inst/TOP_inst/ClusterGroup_array/ClusterGroup_1_1/PE_Cluster_inst/pe02/Processing_Element_core_inst/PE_0_2_psum_in_valid
    SLICE_X22Y64         LUT5 (Prop_C5LUT_SLICEL_I0_O)
                                                      0.091     7.139 f  TOP_interface_inst/TOP_inst/ClusterGroup_array/ClusterGroup_1_1/PE_Cluster_inst/pe02/Processing_Element_core_inst/mem_reg_i_13__4/O
                         net (fo=25, routed)          1.103     8.242    TOP_interface_inst/TOP_inst/ClusterGroup_array/ClusterGroup_1_1/Cluster_Group_Controller_inst/mem_reg
    SLICE_X27Y66         LUT5 (Prop_D6LUT_SLICEL_I3_O)
                                                      0.081     8.323 r  TOP_interface_inst/TOP_inst/ClusterGroup_array/ClusterGroup_1_1/Cluster_Group_Controller_inst/i__carry_i_17__8/O
                         net (fo=3, routed)           1.026     9.349    TOP_interface_inst/TOP_inst/ClusterGroup_array/ClusterGroup_1_1/PE_Cluster_inst/pe22/Processing_Element_core_inst/PECluster_psum_2_in[0]
    SLICE_X22Y49         LUT4 (Prop_A5LUT_SLICEL_I0_O)
                                                      0.137     9.486 r  TOP_interface_inst/TOP_inst/ClusterGroup_array/ClusterGroup_1_1/PE_Cluster_inst/pe22/Processing_Element_core_inst/i__carry_i_8__34/O
                         net (fo=1, routed)           1.510    10.996    TOP_interface_inst/TOP_inst/ClusterGroup_array/ClusterGroup_1_1/PE_Cluster_inst/pe22/Processing_Element_core_inst/p_1_in[0]
    SLICE_X21Y49         CARRY8 (Prop_CARRY8_SLICEM_DI[0]_O[1])
                                                      0.116    11.112 r  TOP_interface_inst/TOP_inst/ClusterGroup_array/ClusterGroup_1_1/PE_Cluster_inst/pe22/Processing_Element_core_inst/_inferred__1/i__carry/O[1]
                         net (fo=3, routed)           0.876    11.988    TOP_interface_inst/TOP_inst/ClusterGroup_array/ClusterGroup_1_1/PE_Cluster_inst/pe12/Processing_Element_core_inst/Psum_Spad_inst/Psum_DATA_Spad_BRAM_inst/PE_1_2_psum_in[1]
    SLICE_X19Y51         LUT5 (Prop_B6LUT_SLICEL_I1_O)
                                                      0.224    12.212 r  TOP_interface_inst/TOP_inst/ClusterGroup_array/ClusterGroup_1_1/PE_Cluster_inst/pe12/Processing_Element_core_inst/Psum_Spad_inst/Psum_DATA_Spad_BRAM_inst/i__carry_i_15__31/O
                         net (fo=1, routed)           0.013    12.225    TOP_interface_inst/TOP_inst/ClusterGroup_array/ClusterGroup_1_1/PE_Cluster_inst/pe12/Processing_Element_core_inst/Psum_Spad_inst_n_35
    SLICE_X19Y51         CARRY8 (Prop_CARRY8_SLICEL_S[1]_CO[7])
                                                      0.261    12.486 r  TOP_interface_inst/TOP_inst/ClusterGroup_array/ClusterGroup_1_1/PE_Cluster_inst/pe12/Processing_Element_core_inst/_inferred__1/i__carry/CO[7]
                         net (fo=1, routed)           0.030    12.516    TOP_interface_inst/TOP_inst/ClusterGroup_array/ClusterGroup_1_1/PE_Cluster_inst/pe12/Processing_Element_core_inst/_inferred__1/i__carry_n_0
    SLICE_X19Y52         CARRY8 (Prop_CARRY8_SLICEL_CI_O[1])
                                                      0.106    12.622 r  TOP_interface_inst/TOP_inst/ClusterGroup_array/ClusterGroup_1_1/PE_Cluster_inst/pe12/Processing_Element_core_inst/_inferred__1/i__carry__0/O[1]
                         net (fo=3, routed)           1.266    13.888    TOP_interface_inst/TOP_inst/ClusterGroup_array/ClusterGroup_1_1/PE_Cluster_inst/pe02/Processing_Element_core_inst/Psum_Spad_inst/Psum_DATA_Spad_BRAM_inst/PE_0_2_psum_in[9]
    SLICE_X22Y66         LUT5 (Prop_B6LUT_SLICEL_I1_O)
                                                      0.224    14.112 r  TOP_interface_inst/TOP_inst/ClusterGroup_array/ClusterGroup_1_1/PE_Cluster_inst/pe02/Processing_Element_core_inst/Psum_Spad_inst/Psum_DATA_Spad_BRAM_inst/i__carry__0_i_15__28/O
                         net (fo=1, routed)           0.013    14.125    TOP_interface_inst/TOP_inst/ClusterGroup_array/ClusterGroup_1_1/PE_Cluster_inst/pe02/Processing_Element_core_inst/Psum_Spad_inst_n_44
    SLICE_X22Y66         CARRY8 (Prop_CARRY8_SLICEL_S[1]_O[4])
                                                      0.279    14.404 r  TOP_interface_inst/TOP_inst/ClusterGroup_array/ClusterGroup_1_1/PE_Cluster_inst/pe02/Processing_Element_core_inst/_inferred__1/i__carry__0/O[4]
                         net (fo=4, routed)           1.176    15.580    TOP_interface_inst/TOP_inst/ClusterGroup_array/ClusterGroup_0_1/PE_Cluster_inst/pe22/Processing_Element_core_inst/_inferred__1/i__carry__1_0[12]
    SLICE_X25Y69         LUT4 (Prop_G6LUT_SLICEM_I0_O)
                                                      0.226    15.806 r  TOP_interface_inst/TOP_inst/ClusterGroup_array/ClusterGroup_0_1/PE_Cluster_inst/pe22/Processing_Element_core_inst/i__carry__0_i_4__16/O
                         net (fo=1, routed)           0.551    16.357    TOP_interface_inst/TOP_inst/ClusterGroup_array/ClusterGroup_0_1/PE_Cluster_inst/pe22/Processing_Element_core_inst/p_1_in[12]
    SLICE_X26Y69         CARRY8 (Prop_CARRY8_SLICEL_DI[4]_O[5])
                                                      0.115    16.472 r  TOP_interface_inst/TOP_inst/ClusterGroup_array/ClusterGroup_0_1/PE_Cluster_inst/pe22/Processing_Element_core_inst/_inferred__1/i__carry__0/O[5]
                         net (fo=3, routed)           0.855    17.327    TOP_interface_inst/TOP_inst/ClusterGroup_array/ClusterGroup_0_1/PE_Cluster_inst/pe12/Processing_Element_core_inst/Psum_Spad_inst/Psum_DATA_Spad_BRAM_inst/PE_1_2_psum_in[13]
    SLICE_X39Y105        LUT5 (Prop_F6LUT_SLICEL_I1_O)
                                                      0.136    17.463 r  TOP_interface_inst/TOP_inst/ClusterGroup_array/ClusterGroup_0_1/PE_Cluster_inst/pe12/Processing_Element_core_inst/Psum_Spad_inst/Psum_DATA_Spad_BRAM_inst/i__carry__0_i_11__13/O
                         net (fo=1, routed)           0.015    17.478    TOP_interface_inst/TOP_inst/ClusterGroup_array/ClusterGroup_0_1/PE_Cluster_inst/pe12/Processing_Element_core_inst/Psum_Spad_inst_n_43
    SLICE_X39Y105        CARRY8 (Prop_CARRY8_SLICEL_S[5]_CO[7])
                                                      0.232    17.710 r  TOP_interface_inst/TOP_inst/ClusterGroup_array/ClusterGroup_0_1/PE_Cluster_inst/pe12/Processing_Element_core_inst/_inferred__1/i__carry__0/CO[7]
                         net (fo=1, routed)           0.030    17.740    TOP_interface_inst/TOP_inst/ClusterGroup_array/ClusterGroup_0_1/PE_Cluster_inst/pe12/Processing_Element_core_inst/_inferred__1/i__carry__0_n_0
    SLICE_X39Y106        CARRY8 (Prop_CARRY8_SLICEL_CI_O[0])
                                                      0.078    17.818 r  TOP_interface_inst/TOP_inst/ClusterGroup_array/ClusterGroup_0_1/PE_Cluster_inst/pe12/Processing_Element_core_inst/_inferred__1/i__carry__1/O[0]
                         net (fo=3, routed)           0.522    18.340    TOP_interface_inst/TOP_inst/ClusterGroup_array/ClusterGroup_0_1/PE_Cluster_inst/pe02/Processing_Element_core_inst/Psum_Spad_inst/Psum_DATA_Spad_BRAM_inst/PE_0_2_psum_in[16]
    SLICE_X40Y105        LUT5 (Prop_A6LUT_SLICEM_I1_O)
                                                      0.152    18.492 r  TOP_interface_inst/TOP_inst/ClusterGroup_array/ClusterGroup_0_1/PE_Cluster_inst/pe02/Processing_Element_core_inst/Psum_Spad_inst/Psum_DATA_Spad_BRAM_inst/i__carry__1_i_9__10/O
                         net (fo=1, routed)           0.017    18.509    TOP_interface_inst/TOP_inst/ClusterGroup_array/ClusterGroup_0_1/PE_Cluster_inst/pe02/Processing_Element_core_inst/Psum_Spad_inst_n_8
    SLICE_X40Y105        CARRY8 (Prop_CARRY8_SLICEM_S[0]_O[0])
                                                      0.079    18.588 r  TOP_interface_inst/TOP_inst/ClusterGroup_array/ClusterGroup_0_1/PE_Cluster_inst/pe02/Processing_Element_core_inst/_inferred__1/i__carry__1/O[0]
                         net (fo=2, routed)           0.795    19.383    TOP_interface_inst/TOP_inst/ClusterGroup_array/ClusterGroup_0_1/GLB_Cluster_inst/pSumSRAM2/Psum_Data_SRAM_BRAM_inst/mem_reg_4[16]
    RAMB18_X1Y37         RAMB18E2                                     r  TOP_interface_inst/TOP_inst/ClusterGroup_array/ClusterGroup_0_1/GLB_Cluster_inst/pSumSRAM2/Psum_Data_SRAM_BRAM_inst/mem_reg/DINBDIN[0]
  -------------------------------------------------------------------    -------------------

Slack:                    inf
  Source:                 TOP_interface_inst/TOP_inst/TOP_controller/layer_count_reg[1]_rep/C
                            (rising edge-triggered cell FDRE)
  Destination:            TOP_interface_inst/TOP_inst/ClusterGroup_array/ClusterGroup_0_1/GLB_Cluster_inst/pSumSRAM2/Psum_Data_SRAM_BRAM_inst/mem_reg/DINBDIN[2]
  Path Group:             (none)
  Path Type:              Max at Slow Process Corner
  Data Path Delay:        19.372ns  (logic 3.399ns (17.546%)  route 15.973ns (82.454%))
  Logic Levels:           20  (CARRY8=8 FDRE=1 LUT3=1 LUT4=2 LUT5=8)

    Location             Delay type                Incr(ns)  Path(ns)    Netlist Resource(s)
  -------------------------------------------------------------------    -------------------
    SLICE_X37Y95         FDRE                         0.000     0.000 r  TOP_interface_inst/TOP_inst/TOP_controller/layer_count_reg[1]_rep/C
    SLICE_X37Y95         FDRE (Prop_HFF2_SLICEM_C_Q)
                                                      0.114     0.114 f  TOP_interface_inst/TOP_inst/TOP_controller/layer_count_reg[1]_rep/Q
                         net (fo=120, routed)         1.450     1.564    TOP_interface_inst/TOP_inst/TOP_controller/layer_count_reg[1]_rep_0
    SLICE_X41Y77         LUT3 (Prop_B5LUT_SLICEM_I1_O)
                                                      0.229     1.793 r  TOP_interface_inst/TOP_inst/TOP_controller/buffer[3][7]_i_4__3/O
                         net (fo=97, routed)          3.377     5.171    TOP_interface_inst/TOP_inst/ClusterGroup_array/ClusterGroup_1_1/PE_Cluster_inst/pe22/Processing_Element_core_inst/wr_reg_reg_0
    SLICE_X23Y43         LUT5 (Prop_B6LUT_SLICEL_I2_O)
                                                      0.188     5.359 f  TOP_interface_inst/TOP_inst/ClusterGroup_array/ClusterGroup_1_1/PE_Cluster_inst/pe22/Processing_Element_core_inst/wr_reg_i_2__33/O
                         net (fo=7, routed)           0.894     6.253    TOP_interface_inst/TOP_inst/ClusterGroup_array/ClusterGroup_1_1/PE_Cluster_inst/pe12/Processing_Element_core_inst/PE_1_2_psum_in_valid
    SLICE_X20Y48         LUT5 (Prop_C5LUT_SLICEM_I0_O)
                                                      0.223     6.476 f  TOP_interface_inst/TOP_inst/ClusterGroup_array/ClusterGroup_1_1/PE_Cluster_inst/pe12/Processing_Element_core_inst/wr_reg_i_2__28/O
                         net (fo=8, routed)           0.573     7.048    TOP_interface_inst/TOP_inst/ClusterGroup_array/ClusterGroup_1_1/PE_Cluster_inst/pe02/Processing_Element_core_inst/PE_0_2_psum_in_valid
    SLICE_X22Y64         LUT5 (Prop_C5LUT_SLICEL_I0_O)
                                                      0.091     7.139 f  TOP_interface_inst/TOP_inst/ClusterGroup_array/ClusterGroup_1_1/PE_Cluster_inst/pe02/Processing_Element_core_inst/mem_reg_i_13__4/O
                         net (fo=25, routed)          1.103     8.242    TOP_interface_inst/TOP_inst/ClusterGroup_array/ClusterGroup_1_1/Cluster_Group_Controller_inst/mem_reg
    SLICE_X27Y66         LUT5 (Prop_D6LUT_SLICEL_I3_O)
                                                      0.081     8.323 r  TOP_interface_inst/TOP_inst/ClusterGroup_array/ClusterGroup_1_1/Cluster_Group_Controller_inst/i__carry_i_17__8/O
                         net (fo=3, routed)           1.026     9.349    TOP_interface_inst/TOP_inst/ClusterGroup_array/ClusterGroup_1_1/PE_Cluster_inst/pe22/Processing_Element_core_inst/PECluster_psum_2_in[0]
    SLICE_X22Y49         LUT4 (Prop_A5LUT_SLICEL_I0_O)
                                                      0.137     9.486 r  TOP_interface_inst/TOP_inst/ClusterGroup_array/ClusterGroup_1_1/PE_Cluster_inst/pe22/Processing_Element_core_inst/i__carry_i_8__34/O
                         net (fo=1, routed)           1.510    10.996    TOP_interface_inst/TOP_inst/ClusterGroup_array/ClusterGroup_1_1/PE_Cluster_inst/pe22/Processing_Element_core_inst/p_1_in[0]
    SLICE_X21Y49         CARRY8 (Prop_CARRY8_SLICEM_DI[0]_O[1])
                                                      0.116    11.112 r  TOP_interface_inst/TOP_inst/ClusterGroup_array/ClusterGroup_1_1/PE_Cluster_inst/pe22/Processing_Element_core_inst/_inferred__1/i__carry/O[1]
                         net (fo=3, routed)           0.876    11.988    TOP_interface_inst/TOP_inst/ClusterGroup_array/ClusterGroup_1_1/PE_Cluster_inst/pe12/Processing_Element_core_inst/Psum_Spad_inst/Psum_DATA_Spad_BRAM_inst/PE_1_2_psum_in[1]
    SLICE_X19Y51         LUT5 (Prop_B6LUT_SLICEL_I1_O)
                                                      0.224    12.212 r  TOP_interface_inst/TOP_inst/ClusterGroup_array/ClusterGroup_1_1/PE_Cluster_inst/pe12/Processing_Element_core_inst/Psum_Spad_inst/Psum_DATA_Spad_BRAM_inst/i__carry_i_15__31/O
                         net (fo=1, routed)           0.013    12.225    TOP_interface_inst/TOP_inst/ClusterGroup_array/ClusterGroup_1_1/PE_Cluster_inst/pe12/Processing_Element_core_inst/Psum_Spad_inst_n_35
    SLICE_X19Y51         CARRY8 (Prop_CARRY8_SLICEL_S[1]_CO[7])
                                                      0.261    12.486 r  TOP_interface_inst/TOP_inst/ClusterGroup_array/ClusterGroup_1_1/PE_Cluster_inst/pe12/Processing_Element_core_inst/_inferred__1/i__carry/CO[7]
                         net (fo=1, routed)           0.030    12.516    TOP_interface_inst/TOP_inst/ClusterGroup_array/ClusterGroup_1_1/PE_Cluster_inst/pe12/Processing_Element_core_inst/_inferred__1/i__carry_n_0
    SLICE_X19Y52         CARRY8 (Prop_CARRY8_SLICEL_CI_O[1])
                                                      0.106    12.622 r  TOP_interface_inst/TOP_inst/ClusterGroup_array/ClusterGroup_1_1/PE_Cluster_inst/pe12/Processing_Element_core_inst/_inferred__1/i__carry__0/O[1]
                         net (fo=3, routed)           1.266    13.888    TOP_interface_inst/TOP_inst/ClusterGroup_array/ClusterGroup_1_1/PE_Cluster_inst/pe02/Processing_Element_core_inst/Psum_Spad_inst/Psum_DATA_Spad_BRAM_inst/PE_0_2_psum_in[9]
    SLICE_X22Y66         LUT5 (Prop_B6LUT_SLICEL_I1_O)
                                                      0.224    14.112 r  TOP_interface_inst/TOP_inst/ClusterGroup_array/ClusterGroup_1_1/PE_Cluster_inst/pe02/Processing_Element_core_inst/Psum_Spad_inst/Psum_DATA_Spad_BRAM_inst/i__carry__0_i_15__28/O
                         net (fo=1, routed)           0.013    14.125    TOP_interface_inst/TOP_inst/ClusterGroup_array/ClusterGroup_1_1/PE_Cluster_inst/pe02/Processing_Element_core_inst/Psum_Spad_inst_n_44
    SLICE_X22Y66         CARRY8 (Prop_CARRY8_SLICEL_S[1]_O[4])
                                                      0.279    14.404 r  TOP_interface_inst/TOP_inst/ClusterGroup_array/ClusterGroup_1_1/PE_Cluster_inst/pe02/Processing_Element_core_inst/_inferred__1/i__carry__0/O[4]
                         net (fo=4, routed)           1.176    15.580    TOP_interface_inst/TOP_inst/ClusterGroup_array/ClusterGroup_0_1/PE_Cluster_inst/pe22/Processing_Element_core_inst/_inferred__1/i__carry__1_0[12]
    SLICE_X25Y69         LUT4 (Prop_G6LUT_SLICEM_I0_O)
                                                      0.226    15.806 r  TOP_interface_inst/TOP_inst/ClusterGroup_array/ClusterGroup_0_1/PE_Cluster_inst/pe22/Processing_Element_core_inst/i__carry__0_i_4__16/O
                         net (fo=1, routed)           0.551    16.357    TOP_interface_inst/TOP_inst/ClusterGroup_array/ClusterGroup_0_1/PE_Cluster_inst/pe22/Processing_Element_core_inst/p_1_in[12]
    SLICE_X26Y69         CARRY8 (Prop_CARRY8_SLICEL_DI[4]_O[5])
                                                      0.115    16.472 r  TOP_interface_inst/TOP_inst/ClusterGroup_array/ClusterGroup_0_1/PE_Cluster_inst/pe22/Processing_Element_core_inst/_inferred__1/i__carry__0/O[5]
                         net (fo=3, routed)           0.855    17.327    TOP_interface_inst/TOP_inst/ClusterGroup_array/ClusterGroup_0_1/PE_Cluster_inst/pe12/Processing_Element_core_inst/Psum_Spad_inst/Psum_DATA_Spad_BRAM_inst/PE_1_2_psum_in[13]
    SLICE_X39Y105        LUT5 (Prop_F6LUT_SLICEL_I1_O)
                                                      0.136    17.463 r  TOP_interface_inst/TOP_inst/ClusterGroup_array/ClusterGroup_0_1/PE_Cluster_inst/pe12/Processing_Element_core_inst/Psum_Spad_inst/Psum_DATA_Spad_BRAM_inst/i__carry__0_i_11__13/O
                         net (fo=1, routed)           0.015    17.478    TOP_interface_inst/TOP_inst/ClusterGroup_array/ClusterGroup_0_1/PE_Cluster_inst/pe12/Processing_Element_core_inst/Psum_Spad_inst_n_43
    SLICE_X39Y105        CARRY8 (Prop_CARRY8_SLICEL_S[5]_CO[7])
                                                      0.232    17.710 r  TOP_interface_inst/TOP_inst/ClusterGroup_array/ClusterGroup_0_1/PE_Cluster_inst/pe12/Processing_Element_core_inst/_inferred__1/i__carry__0/CO[7]
                         net (fo=1, routed)           0.030    17.740    TOP_interface_inst/TOP_inst/ClusterGroup_array/ClusterGroup_0_1/PE_Cluster_inst/pe12/Processing_Element_core_inst/_inferred__1/i__carry__0_n_0
    SLICE_X39Y106        CARRY8 (Prop_CARRY8_SLICEL_CI_O[0])
                                                      0.078    17.818 r  TOP_interface_inst/TOP_inst/ClusterGroup_array/ClusterGroup_0_1/PE_Cluster_inst/pe12/Processing_Element_core_inst/_inferred__1/i__carry__1/O[0]
                         net (fo=3, routed)           0.522    18.340    TOP_interface_inst/TOP_inst/ClusterGroup_array/ClusterGroup_0_1/PE_Cluster_inst/pe02/Processing_Element_core_inst/Psum_Spad_inst/Psum_DATA_Spad_BRAM_inst/PE_0_2_psum_in[16]
    SLICE_X40Y105        LUT5 (Prop_A6LUT_SLICEM_I1_O)
                                                      0.152    18.492 r  TOP_interface_inst/TOP_inst/ClusterGroup_array/ClusterGroup_0_1/PE_Cluster_inst/pe02/Processing_Element_core_inst/Psum_Spad_inst/Psum_DATA_Spad_BRAM_inst/i__carry__1_i_9__10/O
                         net (fo=1, routed)           0.017    18.509    TOP_interface_inst/TOP_inst/ClusterGroup_array/ClusterGroup_0_1/PE_Cluster_inst/pe02/Processing_Element_core_inst/Psum_Spad_inst_n_8
    SLICE_X40Y105        CARRY8 (Prop_CARRY8_SLICEM_S[0]_O[2])
                                                      0.187    18.696 r  TOP_interface_inst/TOP_inst/ClusterGroup_array/ClusterGroup_0_1/PE_Cluster_inst/pe02/Processing_Element_core_inst/_inferred__1/i__carry__1/O[2]
                         net (fo=2, routed)           0.675    19.372    TOP_interface_inst/TOP_inst/ClusterGroup_array/ClusterGroup_0_1/GLB_Cluster_inst/pSumSRAM2/Psum_Data_SRAM_BRAM_inst/mem_reg_4[18]
    RAMB18_X1Y37         RAMB18E2                                     r  TOP_interface_inst/TOP_inst/ClusterGroup_array/ClusterGroup_0_1/GLB_Cluster_inst/pSumSRAM2/Psum_Data_SRAM_BRAM_inst/mem_reg/DINBDIN[2]
  -------------------------------------------------------------------    -------------------

Slack:                    inf
  Source:                 TOP_interface_inst/TOP_inst/TOP_controller/layer_count_reg[1]_rep/C
                            (rising edge-triggered cell FDRE)
  Destination:            TOP_interface_inst/TOP_inst/ClusterGroup_array/ClusterGroup_0_1/GLB_Cluster_inst/pSumSRAM2/Psum_Data_SRAM_BRAM_inst/mem_reg/DINBDIN[3]
  Path Group:             (none)
  Path Type:              Max at Slow Process Corner
  Data Path Delay:        19.357ns  (logic 3.409ns (17.611%)  route 15.948ns (82.389%))
  Logic Levels:           20  (CARRY8=8 FDRE=1 LUT3=1 LUT4=2 LUT5=8)

    Location             Delay type                Incr(ns)  Path(ns)    Netlist Resource(s)
  -------------------------------------------------------------------    -------------------
    SLICE_X37Y95         FDRE                         0.000     0.000 r  TOP_interface_inst/TOP_inst/TOP_controller/layer_count_reg[1]_rep/C
    SLICE_X37Y95         FDRE (Prop_HFF2_SLICEM_C_Q)
                                                      0.114     0.114 f  TOP_interface_inst/TOP_inst/TOP_controller/layer_count_reg[1]_rep/Q
                         net (fo=120, routed)         1.450     1.564    TOP_interface_inst/TOP_inst/TOP_controller/layer_count_reg[1]_rep_0
    SLICE_X41Y77         LUT3 (Prop_B5LUT_SLICEM_I1_O)
                                                      0.229     1.793 r  TOP_interface_inst/TOP_inst/TOP_controller/buffer[3][7]_i_4__3/O
                         net (fo=97, routed)          3.377     5.171    TOP_interface_inst/TOP_inst/ClusterGroup_array/ClusterGroup_1_1/PE_Cluster_inst/pe22/Processing_Element_core_inst/wr_reg_reg_0
    SLICE_X23Y43         LUT5 (Prop_B6LUT_SLICEL_I2_O)
                                                      0.188     5.359 f  TOP_interface_inst/TOP_inst/ClusterGroup_array/ClusterGroup_1_1/PE_Cluster_inst/pe22/Processing_Element_core_inst/wr_reg_i_2__33/O
                         net (fo=7, routed)           0.894     6.253    TOP_interface_inst/TOP_inst/ClusterGroup_array/ClusterGroup_1_1/PE_Cluster_inst/pe12/Processing_Element_core_inst/PE_1_2_psum_in_valid
    SLICE_X20Y48         LUT5 (Prop_C5LUT_SLICEM_I0_O)
                                                      0.223     6.476 f  TOP_interface_inst/TOP_inst/ClusterGroup_array/ClusterGroup_1_1/PE_Cluster_inst/pe12/Processing_Element_core_inst/wr_reg_i_2__28/O
                         net (fo=8, routed)           0.573     7.048    TOP_interface_inst/TOP_inst/ClusterGroup_array/ClusterGroup_1_1/PE_Cluster_inst/pe02/Processing_Element_core_inst/PE_0_2_psum_in_valid
    SLICE_X22Y64         LUT5 (Prop_C5LUT_SLICEL_I0_O)
                                                      0.091     7.139 f  TOP_interface_inst/TOP_inst/ClusterGroup_array/ClusterGroup_1_1/PE_Cluster_inst/pe02/Processing_Element_core_inst/mem_reg_i_13__4/O
                         net (fo=25, routed)          1.103     8.242    TOP_interface_inst/TOP_inst/ClusterGroup_array/ClusterGroup_1_1/Cluster_Group_Controller_inst/mem_reg
    SLICE_X27Y66         LUT5 (Prop_D6LUT_SLICEL_I3_O)
                                                      0.081     8.323 r  TOP_interface_inst/TOP_inst/ClusterGroup_array/ClusterGroup_1_1/Cluster_Group_Controller_inst/i__carry_i_17__8/O
                         net (fo=3, routed)           1.026     9.349    TOP_interface_inst/TOP_inst/ClusterGroup_array/ClusterGroup_1_1/PE_Cluster_inst/pe22/Processing_Element_core_inst/PECluster_psum_2_in[0]
    SLICE_X22Y49         LUT4 (Prop_A5LUT_SLICEL_I0_O)
                                                      0.137     9.486 r  TOP_interface_inst/TOP_inst/ClusterGroup_array/ClusterGroup_1_1/PE_Cluster_inst/pe22/Processing_Element_core_inst/i__carry_i_8__34/O
                         net (fo=1, routed)           1.510    10.996    TOP_interface_inst/TOP_inst/ClusterGroup_array/ClusterGroup_1_1/PE_Cluster_inst/pe22/Processing_Element_core_inst/p_1_in[0]
    SLICE_X21Y49         CARRY8 (Prop_CARRY8_SLICEM_DI[0]_O[1])
                                                      0.116    11.112 r  TOP_interface_inst/TOP_inst/ClusterGroup_array/ClusterGroup_1_1/PE_Cluster_inst/pe22/Processing_Element_core_inst/_inferred__1/i__carry/O[1]
                         net (fo=3, routed)           0.876    11.988    TOP_interface_inst/TOP_inst/ClusterGroup_array/ClusterGroup_1_1/PE_Cluster_inst/pe12/Processing_Element_core_inst/Psum_Spad_inst/Psum_DATA_Spad_BRAM_inst/PE_1_2_psum_in[1]
    SLICE_X19Y51         LUT5 (Prop_B6LUT_SLICEL_I1_O)
                                                      0.224    12.212 r  TOP_interface_inst/TOP_inst/ClusterGroup_array/ClusterGroup_1_1/PE_Cluster_inst/pe12/Processing_Element_core_inst/Psum_Spad_inst/Psum_DATA_Spad_BRAM_inst/i__carry_i_15__31/O
                         net (fo=1, routed)           0.013    12.225    TOP_interface_inst/TOP_inst/ClusterGroup_array/ClusterGroup_1_1/PE_Cluster_inst/pe12/Processing_Element_core_inst/Psum_Spad_inst_n_35
    SLICE_X19Y51         CARRY8 (Prop_CARRY8_SLICEL_S[1]_CO[7])
                                                      0.261    12.486 r  TOP_interface_inst/TOP_inst/ClusterGroup_array/ClusterGroup_1_1/PE_Cluster_inst/pe12/Processing_Element_core_inst/_inferred__1/i__carry/CO[7]
                         net (fo=1, routed)           0.030    12.516    TOP_interface_inst/TOP_inst/ClusterGroup_array/ClusterGroup_1_1/PE_Cluster_inst/pe12/Processing_Element_core_inst/_inferred__1/i__carry_n_0
    SLICE_X19Y52         CARRY8 (Prop_CARRY8_SLICEL_CI_O[1])
                                                      0.106    12.622 r  TOP_interface_inst/TOP_inst/ClusterGroup_array/ClusterGroup_1_1/PE_Cluster_inst/pe12/Processing_Element_core_inst/_inferred__1/i__carry__0/O[1]
                         net (fo=3, routed)           1.266    13.888    TOP_interface_inst/TOP_inst/ClusterGroup_array/ClusterGroup_1_1/PE_Cluster_inst/pe02/Processing_Element_core_inst/Psum_Spad_inst/Psum_DATA_Spad_BRAM_inst/PE_0_2_psum_in[9]
    SLICE_X22Y66         LUT5 (Prop_B6LUT_SLICEL_I1_O)
                                                      0.224    14.112 r  TOP_interface_inst/TOP_inst/ClusterGroup_array/ClusterGroup_1_1/PE_Cluster_inst/pe02/Processing_Element_core_inst/Psum_Spad_inst/Psum_DATA_Spad_BRAM_inst/i__carry__0_i_15__28/O
                         net (fo=1, routed)           0.013    14.125    TOP_interface_inst/TOP_inst/ClusterGroup_array/ClusterGroup_1_1/PE_Cluster_inst/pe02/Processing_Element_core_inst/Psum_Spad_inst_n_44
    SLICE_X22Y66         CARRY8 (Prop_CARRY8_SLICEL_S[1]_O[4])
                                                      0.279    14.404 r  TOP_interface_inst/TOP_inst/ClusterGroup_array/ClusterGroup_1_1/PE_Cluster_inst/pe02/Processing_Element_core_inst/_inferred__1/i__carry__0/O[4]
                         net (fo=4, routed)           1.176    15.580    TOP_interface_inst/TOP_inst/ClusterGroup_array/ClusterGroup_0_1/PE_Cluster_inst/pe22/Processing_Element_core_inst/_inferred__1/i__carry__1_0[12]
    SLICE_X25Y69         LUT4 (Prop_G6LUT_SLICEM_I0_O)
                                                      0.226    15.806 r  TOP_interface_inst/TOP_inst/ClusterGroup_array/ClusterGroup_0_1/PE_Cluster_inst/pe22/Processing_Element_core_inst/i__carry__0_i_4__16/O
                         net (fo=1, routed)           0.551    16.357    TOP_interface_inst/TOP_inst/ClusterGroup_array/ClusterGroup_0_1/PE_Cluster_inst/pe22/Processing_Element_core_inst/p_1_in[12]
    SLICE_X26Y69         CARRY8 (Prop_CARRY8_SLICEL_DI[4]_O[5])
                                                      0.115    16.472 r  TOP_interface_inst/TOP_inst/ClusterGroup_array/ClusterGroup_0_1/PE_Cluster_inst/pe22/Processing_Element_core_inst/_inferred__1/i__carry__0/O[5]
                         net (fo=3, routed)           0.855    17.327    TOP_interface_inst/TOP_inst/ClusterGroup_array/ClusterGroup_0_1/PE_Cluster_inst/pe12/Processing_Element_core_inst/Psum_Spad_inst/Psum_DATA_Spad_BRAM_inst/PE_1_2_psum_in[13]
    SLICE_X39Y105        LUT5 (Prop_F6LUT_SLICEL_I1_O)
                                                      0.136    17.463 r  TOP_interface_inst/TOP_inst/ClusterGroup_array/ClusterGroup_0_1/PE_Cluster_inst/pe12/Processing_Element_core_inst/Psum_Spad_inst/Psum_DATA_Spad_BRAM_inst/i__carry__0_i_11__13/O
                         net (fo=1, routed)           0.015    17.478    TOP_interface_inst/TOP_inst/ClusterGroup_array/ClusterGroup_0_1/PE_Cluster_inst/pe12/Processing_Element_core_inst/Psum_Spad_inst_n_43
    SLICE_X39Y105        CARRY8 (Prop_CARRY8_SLICEL_S[5]_CO[7])
                                                      0.232    17.710 r  TOP_interface_inst/TOP_inst/ClusterGroup_array/ClusterGroup_0_1/PE_Cluster_inst/pe12/Processing_Element_core_inst/_inferred__1/i__carry__0/CO[7]
                         net (fo=1, routed)           0.030    17.740    TOP_interface_inst/TOP_inst/ClusterGroup_array/ClusterGroup_0_1/PE_Cluster_inst/pe12/Processing_Element_core_inst/_inferred__1/i__carry__0_n_0
    SLICE_X39Y106        CARRY8 (Prop_CARRY8_SLICEL_CI_O[0])
                                                      0.078    17.818 r  TOP_interface_inst/TOP_inst/ClusterGroup_array/ClusterGroup_0_1/PE_Cluster_inst/pe12/Processing_Element_core_inst/_inferred__1/i__carry__1/O[0]
                         net (fo=3, routed)           0.522    18.340    TOP_interface_inst/TOP_inst/ClusterGroup_array/ClusterGroup_0_1/PE_Cluster_inst/pe02/Processing_Element_core_inst/Psum_Spad_inst/Psum_DATA_Spad_BRAM_inst/PE_0_2_psum_in[16]
    SLICE_X40Y105        LUT5 (Prop_A6LUT_SLICEM_I1_O)
                                                      0.152    18.492 r  TOP_interface_inst/TOP_inst/ClusterGroup_array/ClusterGroup_0_1/PE_Cluster_inst/pe02/Processing_Element_core_inst/Psum_Spad_inst/Psum_DATA_Spad_BRAM_inst/i__carry__1_i_9__10/O
                         net (fo=1, routed)           0.017    18.509    TOP_interface_inst/TOP_inst/ClusterGroup_array/ClusterGroup_0_1/PE_Cluster_inst/pe02/Processing_Element_core_inst/Psum_Spad_inst_n_8
    SLICE_X40Y105        CARRY8 (Prop_CARRY8_SLICEM_S[0]_O[3])
                                                      0.197    18.706 r  TOP_interface_inst/TOP_inst/ClusterGroup_array/ClusterGroup_0_1/PE_Cluster_inst/pe02/Processing_Element_core_inst/_inferred__1/i__carry__1/O[3]
                         net (fo=2, routed)           0.651    19.357    TOP_interface_inst/TOP_inst/ClusterGroup_array/ClusterGroup_0_1/GLB_Cluster_inst/pSumSRAM2/Psum_Data_SRAM_BRAM_inst/mem_reg_4[19]
    RAMB18_X1Y37         RAMB18E2                                     r  TOP_interface_inst/TOP_inst/ClusterGroup_array/ClusterGroup_0_1/GLB_Cluster_inst/pSumSRAM2/Psum_Data_SRAM_BRAM_inst/mem_reg/DINBDIN[3]
  -------------------------------------------------------------------    -------------------

Slack:                    inf
  Source:                 TOP_interface_inst/TOP_inst/TOP_controller/layer_count_reg[1]_rep/C
                            (rising edge-triggered cell FDRE)
  Destination:            TOP_interface_inst/TOP_inst/ClusterGroup_array/ClusterGroup_0_1/PE_Cluster_inst/pe02/Processing_Element_core_inst/Psum_Spad_inst/Psum_DATA_Spad_BRAM_inst/mem_reg_0_31_14_20/RAMC/I
  Path Group:             (none)
  Path Type:              Max at Slow Process Corner
  Data Path Delay:        19.308ns  (logic 3.479ns (18.019%)  route 15.829ns (81.981%))
  Logic Levels:           21  (CARRY8=8 FDRE=1 LUT3=1 LUT4=2 LUT5=9)

    Location             Delay type                Incr(ns)  Path(ns)    Netlist Resource(s)
  -------------------------------------------------------------------    -------------------
    SLICE_X37Y95         FDRE                         0.000     0.000 r  TOP_interface_inst/TOP_inst/TOP_controller/layer_count_reg[1]_rep/C
    SLICE_X37Y95         FDRE (Prop_HFF2_SLICEM_C_Q)
                                                      0.114     0.114 f  TOP_interface_inst/TOP_inst/TOP_controller/layer_count_reg[1]_rep/Q
                         net (fo=120, routed)         1.450     1.564    TOP_interface_inst/TOP_inst/TOP_controller/layer_count_reg[1]_rep_0
    SLICE_X41Y77         LUT3 (Prop_B5LUT_SLICEM_I1_O)
                                                      0.229     1.793 r  TOP_interface_inst/TOP_inst/TOP_controller/buffer[3][7]_i_4__3/O
                         net (fo=97, routed)          3.377     5.171    TOP_interface_inst/TOP_inst/ClusterGroup_array/ClusterGroup_1_1/PE_Cluster_inst/pe22/Processing_Element_core_inst/wr_reg_reg_0
    SLICE_X23Y43         LUT5 (Prop_B6LUT_SLICEL_I2_O)
                                                      0.188     5.359 f  TOP_interface_inst/TOP_inst/ClusterGroup_array/ClusterGroup_1_1/PE_Cluster_inst/pe22/Processing_Element_core_inst/wr_reg_i_2__33/O
                         net (fo=7, routed)           0.894     6.253    TOP_interface_inst/TOP_inst/ClusterGroup_array/ClusterGroup_1_1/PE_Cluster_inst/pe12/Processing_Element_core_inst/PE_1_2_psum_in_valid
    SLICE_X20Y48         LUT5 (Prop_C5LUT_SLICEM_I0_O)
                                                      0.223     6.476 f  TOP_interface_inst/TOP_inst/ClusterGroup_array/ClusterGroup_1_1/PE_Cluster_inst/pe12/Processing_Element_core_inst/wr_reg_i_2__28/O
                         net (fo=8, routed)           0.573     7.048    TOP_interface_inst/TOP_inst/ClusterGroup_array/ClusterGroup_1_1/PE_Cluster_inst/pe02/Processing_Element_core_inst/PE_0_2_psum_in_valid
    SLICE_X22Y64         LUT5 (Prop_C5LUT_SLICEL_I0_O)
                                                      0.091     7.139 f  TOP_interface_inst/TOP_inst/ClusterGroup_array/ClusterGroup_1_1/PE_Cluster_inst/pe02/Processing_Element_core_inst/mem_reg_i_13__4/O
                         net (fo=25, routed)          1.103     8.242    TOP_interface_inst/TOP_inst/ClusterGroup_array/ClusterGroup_1_1/Cluster_Group_Controller_inst/mem_reg
    SLICE_X27Y66         LUT5 (Prop_D6LUT_SLICEL_I3_O)
                                                      0.081     8.323 r  TOP_interface_inst/TOP_inst/ClusterGroup_array/ClusterGroup_1_1/Cluster_Group_Controller_inst/i__carry_i_17__8/O
                         net (fo=3, routed)           1.026     9.349    TOP_interface_inst/TOP_inst/ClusterGroup_array/ClusterGroup_1_1/PE_Cluster_inst/pe22/Processing_Element_core_inst/PECluster_psum_2_in[0]
    SLICE_X22Y49         LUT4 (Prop_A5LUT_SLICEL_I0_O)
                                                      0.137     9.486 r  TOP_interface_inst/TOP_inst/ClusterGroup_array/ClusterGroup_1_1/PE_Cluster_inst/pe22/Processing_Element_core_inst/i__carry_i_8__34/O
                         net (fo=1, routed)           1.510    10.996    TOP_interface_inst/TOP_inst/ClusterGroup_array/ClusterGroup_1_1/PE_Cluster_inst/pe22/Processing_Element_core_inst/p_1_in[0]
    SLICE_X21Y49         CARRY8 (Prop_CARRY8_SLICEM_DI[0]_O[1])
                                                      0.116    11.112 r  TOP_interface_inst/TOP_inst/ClusterGroup_array/ClusterGroup_1_1/PE_Cluster_inst/pe22/Processing_Element_core_inst/_inferred__1/i__carry/O[1]
                         net (fo=3, routed)           0.876    11.988    TOP_interface_inst/TOP_inst/ClusterGroup_array/ClusterGroup_1_1/PE_Cluster_inst/pe12/Processing_Element_core_inst/Psum_Spad_inst/Psum_DATA_Spad_BRAM_inst/PE_1_2_psum_in[1]
    SLICE_X19Y51         LUT5 (Prop_B6LUT_SLICEL_I1_O)
                                                      0.224    12.212 r  TOP_interface_inst/TOP_inst/ClusterGroup_array/ClusterGroup_1_1/PE_Cluster_inst/pe12/Processing_Element_core_inst/Psum_Spad_inst/Psum_DATA_Spad_BRAM_inst/i__carry_i_15__31/O
                         net (fo=1, routed)           0.013    12.225    TOP_interface_inst/TOP_inst/ClusterGroup_array/ClusterGroup_1_1/PE_Cluster_inst/pe12/Processing_Element_core_inst/Psum_Spad_inst_n_35
    SLICE_X19Y51         CARRY8 (Prop_CARRY8_SLICEL_S[1]_CO[7])
                                                      0.261    12.486 r  TOP_interface_inst/TOP_inst/ClusterGroup_array/ClusterGroup_1_1/PE_Cluster_inst/pe12/Processing_Element_core_inst/_inferred__1/i__carry/CO[7]
                         net (fo=1, routed)           0.030    12.516    TOP_interface_inst/TOP_inst/ClusterGroup_array/ClusterGroup_1_1/PE_Cluster_inst/pe12/Processing_Element_core_inst/_inferred__1/i__carry_n_0
    SLICE_X19Y52         CARRY8 (Prop_CARRY8_SLICEL_CI_O[1])
                                                      0.106    12.622 r  TOP_interface_inst/TOP_inst/ClusterGroup_array/ClusterGroup_1_1/PE_Cluster_inst/pe12/Processing_Element_core_inst/_inferred__1/i__carry__0/O[1]
                         net (fo=3, routed)           1.266    13.888    TOP_interface_inst/TOP_inst/ClusterGroup_array/ClusterGroup_1_1/PE_Cluster_inst/pe02/Processing_Element_core_inst/Psum_Spad_inst/Psum_DATA_Spad_BRAM_inst/PE_0_2_psum_in[9]
    SLICE_X22Y66         LUT5 (Prop_B6LUT_SLICEL_I1_O)
                                                      0.224    14.112 r  TOP_interface_inst/TOP_inst/ClusterGroup_array/ClusterGroup_1_1/PE_Cluster_inst/pe02/Processing_Element_core_inst/Psum_Spad_inst/Psum_DATA_Spad_BRAM_inst/i__carry__0_i_15__28/O
                         net (fo=1, routed)           0.013    14.125    TOP_interface_inst/TOP_inst/ClusterGroup_array/ClusterGroup_1_1/PE_Cluster_inst/pe02/Processing_Element_core_inst/Psum_Spad_inst_n_44
    SLICE_X22Y66         CARRY8 (Prop_CARRY8_SLICEL_S[1]_O[4])
                                                      0.279    14.404 r  TOP_interface_inst/TOP_inst/ClusterGroup_array/ClusterGroup_1_1/PE_Cluster_inst/pe02/Processing_Element_core_inst/_inferred__1/i__carry__0/O[4]
                         net (fo=4, routed)           1.176    15.580    TOP_interface_inst/TOP_inst/ClusterGroup_array/ClusterGroup_0_1/PE_Cluster_inst/pe22/Processing_Element_core_inst/_inferred__1/i__carry__1_0[12]
    SLICE_X25Y69         LUT4 (Prop_G6LUT_SLICEM_I0_O)
                                                      0.226    15.806 r  TOP_interface_inst/TOP_inst/ClusterGroup_array/ClusterGroup_0_1/PE_Cluster_inst/pe22/Processing_Element_core_inst/i__carry__0_i_4__16/O
                         net (fo=1, routed)           0.551    16.357    TOP_interface_inst/TOP_inst/ClusterGroup_array/ClusterGroup_0_1/PE_Cluster_inst/pe22/Processing_Element_core_inst/p_1_in[12]
    SLICE_X26Y69         CARRY8 (Prop_CARRY8_SLICEL_DI[4]_O[5])
                                                      0.115    16.472 r  TOP_interface_inst/TOP_inst/ClusterGroup_array/ClusterGroup_0_1/PE_Cluster_inst/pe22/Processing_Element_core_inst/_inferred__1/i__carry__0/O[5]
                         net (fo=3, routed)           0.855    17.327    TOP_interface_inst/TOP_inst/ClusterGroup_array/ClusterGroup_0_1/PE_Cluster_inst/pe12/Processing_Element_core_inst/Psum_Spad_inst/Psum_DATA_Spad_BRAM_inst/PE_1_2_psum_in[13]
    SLICE_X39Y105        LUT5 (Prop_F6LUT_SLICEL_I1_O)
                                                      0.136    17.463 r  TOP_interface_inst/TOP_inst/ClusterGroup_array/ClusterGroup_0_1/PE_Cluster_inst/pe12/Processing_Element_core_inst/Psum_Spad_inst/Psum_DATA_Spad_BRAM_inst/i__carry__0_i_11__13/O
                         net (fo=1, routed)           0.015    17.478    TOP_interface_inst/TOP_inst/ClusterGroup_array/ClusterGroup_0_1/PE_Cluster_inst/pe12/Processing_Element_core_inst/Psum_Spad_inst_n_43
    SLICE_X39Y105        CARRY8 (Prop_CARRY8_SLICEL_S[5]_CO[7])
                                                      0.232    17.710 r  TOP_interface_inst/TOP_inst/ClusterGroup_array/ClusterGroup_0_1/PE_Cluster_inst/pe12/Processing_Element_core_inst/_inferred__1/i__carry__0/CO[7]
                         net (fo=1, routed)           0.030    17.740    TOP_interface_inst/TOP_inst/ClusterGroup_array/ClusterGroup_0_1/PE_Cluster_inst/pe12/Processing_Element_core_inst/_inferred__1/i__carry__0_n_0
    SLICE_X39Y106        CARRY8 (Prop_CARRY8_SLICEL_CI_O[0])
                                                      0.078    17.818 r  TOP_interface_inst/TOP_inst/ClusterGroup_array/ClusterGroup_0_1/PE_Cluster_inst/pe12/Processing_Element_core_inst/_inferred__1/i__carry__1/O[0]
                         net (fo=3, routed)           0.522    18.340    TOP_interface_inst/TOP_inst/ClusterGroup_array/ClusterGroup_0_1/PE_Cluster_inst/pe02/Processing_Element_core_inst/Psum_Spad_inst/Psum_DATA_Spad_BRAM_inst/PE_0_2_psum_in[16]
    SLICE_X40Y105        LUT5 (Prop_A6LUT_SLICEM_I1_O)
                                                      0.152    18.492 r  TOP_interface_inst/TOP_inst/ClusterGroup_array/ClusterGroup_0_1/PE_Cluster_inst/pe02/Processing_Element_core_inst/Psum_Spad_inst/Psum_DATA_Spad_BRAM_inst/i__carry__1_i_9__10/O
                         net (fo=1, routed)           0.017    18.509    TOP_interface_inst/TOP_inst/ClusterGroup_array/ClusterGroup_0_1/PE_Cluster_inst/pe02/Processing_Element_core_inst/Psum_Spad_inst_n_8
    SLICE_X40Y105        CARRY8 (Prop_CARRY8_SLICEM_S[0]_O[2])
                                                      0.187    18.696 r  TOP_interface_inst/TOP_inst/ClusterGroup_array/ClusterGroup_0_1/PE_Cluster_inst/pe02/Processing_Element_core_inst/_inferred__1/i__carry__1/O[2]
                         net (fo=2, routed)           0.281    18.978    TOP_interface_inst/TOP_inst/ClusterGroup_array/ClusterGroup_0_1/PE_Cluster_inst/pe02/Processing_Element_core_inst/Psum_Spad_inst/Psum_DATA_Spad_BRAM_inst/doutb_reg[15]_0[18]
    SLICE_X41Y102        LUT5 (Prop_F6LUT_SLICEM_I0_O)
                                                      0.080    19.058 r  TOP_interface_inst/TOP_inst/ClusterGroup_array/ClusterGroup_0_1/PE_Cluster_inst/pe02/Processing_Element_core_inst/Psum_Spad_inst/Psum_DATA_Spad_BRAM_inst/mem_reg_0_31_14_20_i_6__10/O
                         net (fo=1, routed)           0.250    19.308    TOP_interface_inst/TOP_inst/ClusterGroup_array/ClusterGroup_0_1/PE_Cluster_inst/pe02/Processing_Element_core_inst/Psum_Spad_inst/Psum_DATA_Spad_BRAM_inst/mem_reg_0_31_14_20/DIC0
    SLICE_X40Y102        RAMD32                                       r  TOP_interface_inst/TOP_inst/ClusterGroup_array/ClusterGroup_0_1/PE_Cluster_inst/pe02/Processing_Element_core_inst/Psum_Spad_inst/Psum_DATA_Spad_BRAM_inst/mem_reg_0_31_14_20/RAMC/I
  -------------------------------------------------------------------    -------------------

Slack:                    inf
  Source:                 TOP_interface_inst/TOP_inst/TOP_controller/layer_count_reg[1]_rep/C
                            (rising edge-triggered cell FDRE)
  Destination:            TOP_interface_inst/TOP_inst/ClusterGroup_array/ClusterGroup_0_1/PE_Cluster_inst/pe02/Processing_Element_core_inst/Psum_Spad_inst/Psum_DATA_Spad_BRAM_inst/mem_reg_0_31_14_20/RAMB/I
  Path Group:             (none)
  Path Type:              Max at Slow Process Corner
  Data Path Delay:        19.183ns  (logic 3.347ns (17.448%)  route 15.836ns (82.552%))
  Logic Levels:           21  (CARRY8=8 FDRE=1 LUT3=1 LUT4=2 LUT5=9)

    Location             Delay type                Incr(ns)  Path(ns)    Netlist Resource(s)
  -------------------------------------------------------------------    -------------------
    SLICE_X37Y95         FDRE                         0.000     0.000 r  TOP_interface_inst/TOP_inst/TOP_controller/layer_count_reg[1]_rep/C
    SLICE_X37Y95         FDRE (Prop_HFF2_SLICEM_C_Q)
                                                      0.114     0.114 f  TOP_interface_inst/TOP_inst/TOP_controller/layer_count_reg[1]_rep/Q
                         net (fo=120, routed)         1.450     1.564    TOP_interface_inst/TOP_inst/TOP_controller/layer_count_reg[1]_rep_0
    SLICE_X41Y77         LUT3 (Prop_B5LUT_SLICEM_I1_O)
                                                      0.229     1.793 r  TOP_interface_inst/TOP_inst/TOP_controller/buffer[3][7]_i_4__3/O
                         net (fo=97, routed)          3.377     5.171    TOP_interface_inst/TOP_inst/ClusterGroup_array/ClusterGroup_1_1/PE_Cluster_inst/pe22/Processing_Element_core_inst/wr_reg_reg_0
    SLICE_X23Y43         LUT5 (Prop_B6LUT_SLICEL_I2_O)
                                                      0.188     5.359 f  TOP_interface_inst/TOP_inst/ClusterGroup_array/ClusterGroup_1_1/PE_Cluster_inst/pe22/Processing_Element_core_inst/wr_reg_i_2__33/O
                         net (fo=7, routed)           0.894     6.253    TOP_interface_inst/TOP_inst/ClusterGroup_array/ClusterGroup_1_1/PE_Cluster_inst/pe12/Processing_Element_core_inst/PE_1_2_psum_in_valid
    SLICE_X20Y48         LUT5 (Prop_C5LUT_SLICEM_I0_O)
                                                      0.223     6.476 f  TOP_interface_inst/TOP_inst/ClusterGroup_array/ClusterGroup_1_1/PE_Cluster_inst/pe12/Processing_Element_core_inst/wr_reg_i_2__28/O
                         net (fo=8, routed)           0.573     7.048    TOP_interface_inst/TOP_inst/ClusterGroup_array/ClusterGroup_1_1/PE_Cluster_inst/pe02/Processing_Element_core_inst/PE_0_2_psum_in_valid
    SLICE_X22Y64         LUT5 (Prop_C5LUT_SLICEL_I0_O)
                                                      0.091     7.139 f  TOP_interface_inst/TOP_inst/ClusterGroup_array/ClusterGroup_1_1/PE_Cluster_inst/pe02/Processing_Element_core_inst/mem_reg_i_13__4/O
                         net (fo=25, routed)          1.103     8.242    TOP_interface_inst/TOP_inst/ClusterGroup_array/ClusterGroup_1_1/Cluster_Group_Controller_inst/mem_reg
    SLICE_X27Y66         LUT5 (Prop_D6LUT_SLICEL_I3_O)
                                                      0.081     8.323 r  TOP_interface_inst/TOP_inst/ClusterGroup_array/ClusterGroup_1_1/Cluster_Group_Controller_inst/i__carry_i_17__8/O
                         net (fo=3, routed)           1.026     9.349    TOP_interface_inst/TOP_inst/ClusterGroup_array/ClusterGroup_1_1/PE_Cluster_inst/pe22/Processing_Element_core_inst/PECluster_psum_2_in[0]
    SLICE_X22Y49         LUT4 (Prop_A5LUT_SLICEL_I0_O)
                                                      0.137     9.486 r  TOP_interface_inst/TOP_inst/ClusterGroup_array/ClusterGroup_1_1/PE_Cluster_inst/pe22/Processing_Element_core_inst/i__carry_i_8__34/O
                         net (fo=1, routed)           1.510    10.996    TOP_interface_inst/TOP_inst/ClusterGroup_array/ClusterGroup_1_1/PE_Cluster_inst/pe22/Processing_Element_core_inst/p_1_in[0]
    SLICE_X21Y49         CARRY8 (Prop_CARRY8_SLICEM_DI[0]_O[1])
                                                      0.116    11.112 r  TOP_interface_inst/TOP_inst/ClusterGroup_array/ClusterGroup_1_1/PE_Cluster_inst/pe22/Processing_Element_core_inst/_inferred__1/i__carry/O[1]
                         net (fo=3, routed)           0.876    11.988    TOP_interface_inst/TOP_inst/ClusterGroup_array/ClusterGroup_1_1/PE_Cluster_inst/pe12/Processing_Element_core_inst/Psum_Spad_inst/Psum_DATA_Spad_BRAM_inst/PE_1_2_psum_in[1]
    SLICE_X19Y51         LUT5 (Prop_B6LUT_SLICEL_I1_O)
                                                      0.224    12.212 r  TOP_interface_inst/TOP_inst/ClusterGroup_array/ClusterGroup_1_1/PE_Cluster_inst/pe12/Processing_Element_core_inst/Psum_Spad_inst/Psum_DATA_Spad_BRAM_inst/i__carry_i_15__31/O
                         net (fo=1, routed)           0.013    12.225    TOP_interface_inst/TOP_inst/ClusterGroup_array/ClusterGroup_1_1/PE_Cluster_inst/pe12/Processing_Element_core_inst/Psum_Spad_inst_n_35
    SLICE_X19Y51         CARRY8 (Prop_CARRY8_SLICEL_S[1]_CO[7])
                                                      0.261    12.486 r  TOP_interface_inst/TOP_inst/ClusterGroup_array/ClusterGroup_1_1/PE_Cluster_inst/pe12/Processing_Element_core_inst/_inferred__1/i__carry/CO[7]
                         net (fo=1, routed)           0.030    12.516    TOP_interface_inst/TOP_inst/ClusterGroup_array/ClusterGroup_1_1/PE_Cluster_inst/pe12/Processing_Element_core_inst/_inferred__1/i__carry_n_0
    SLICE_X19Y52         CARRY8 (Prop_CARRY8_SLICEL_CI_O[1])
                                                      0.106    12.622 r  TOP_interface_inst/TOP_inst/ClusterGroup_array/ClusterGroup_1_1/PE_Cluster_inst/pe12/Processing_Element_core_inst/_inferred__1/i__carry__0/O[1]
                         net (fo=3, routed)           1.266    13.888    TOP_interface_inst/TOP_inst/ClusterGroup_array/ClusterGroup_1_1/PE_Cluster_inst/pe02/Processing_Element_core_inst/Psum_Spad_inst/Psum_DATA_Spad_BRAM_inst/PE_0_2_psum_in[9]
    SLICE_X22Y66         LUT5 (Prop_B6LUT_SLICEL_I1_O)
                                                      0.224    14.112 r  TOP_interface_inst/TOP_inst/ClusterGroup_array/ClusterGroup_1_1/PE_Cluster_inst/pe02/Processing_Element_core_inst/Psum_Spad_inst/Psum_DATA_Spad_BRAM_inst/i__carry__0_i_15__28/O
                         net (fo=1, routed)           0.013    14.125    TOP_interface_inst/TOP_inst/ClusterGroup_array/ClusterGroup_1_1/PE_Cluster_inst/pe02/Processing_Element_core_inst/Psum_Spad_inst_n_44
    SLICE_X22Y66         CARRY8 (Prop_CARRY8_SLICEL_S[1]_O[4])
                                                      0.279    14.404 r  TOP_interface_inst/TOP_inst/ClusterGroup_array/ClusterGroup_1_1/PE_Cluster_inst/pe02/Processing_Element_core_inst/_inferred__1/i__carry__0/O[4]
                         net (fo=4, routed)           1.176    15.580    TOP_interface_inst/TOP_inst/ClusterGroup_array/ClusterGroup_0_1/PE_Cluster_inst/pe22/Processing_Element_core_inst/_inferred__1/i__carry__1_0[12]
    SLICE_X25Y69         LUT4 (Prop_G6LUT_SLICEM_I0_O)
                                                      0.226    15.806 r  TOP_interface_inst/TOP_inst/ClusterGroup_array/ClusterGroup_0_1/PE_Cluster_inst/pe22/Processing_Element_core_inst/i__carry__0_i_4__16/O
                         net (fo=1, routed)           0.551    16.357    TOP_interface_inst/TOP_inst/ClusterGroup_array/ClusterGroup_0_1/PE_Cluster_inst/pe22/Processing_Element_core_inst/p_1_in[12]
    SLICE_X26Y69         CARRY8 (Prop_CARRY8_SLICEL_DI[4]_O[5])
                                                      0.115    16.472 r  TOP_interface_inst/TOP_inst/ClusterGroup_array/ClusterGroup_0_1/PE_Cluster_inst/pe22/Processing_Element_core_inst/_inferred__1/i__carry__0/O[5]
                         net (fo=3, routed)           0.855    17.327    TOP_interface_inst/TOP_inst/ClusterGroup_array/ClusterGroup_0_1/PE_Cluster_inst/pe12/Processing_Element_core_inst/Psum_Spad_inst/Psum_DATA_Spad_BRAM_inst/PE_1_2_psum_in[13]
    SLICE_X39Y105        LUT5 (Prop_F6LUT_SLICEL_I1_O)
                                                      0.136    17.463 r  TOP_interface_inst/TOP_inst/ClusterGroup_array/ClusterGroup_0_1/PE_Cluster_inst/pe12/Processing_Element_core_inst/Psum_Spad_inst/Psum_DATA_Spad_BRAM_inst/i__carry__0_i_11__13/O
                         net (fo=1, routed)           0.015    17.478    TOP_interface_inst/TOP_inst/ClusterGroup_array/ClusterGroup_0_1/PE_Cluster_inst/pe12/Processing_Element_core_inst/Psum_Spad_inst_n_43
    SLICE_X39Y105        CARRY8 (Prop_CARRY8_SLICEL_S[5]_CO[7])
                                                      0.232    17.710 r  TOP_interface_inst/TOP_inst/ClusterGroup_array/ClusterGroup_0_1/PE_Cluster_inst/pe12/Processing_Element_core_inst/_inferred__1/i__carry__0/CO[7]
                         net (fo=1, routed)           0.030    17.740    TOP_interface_inst/TOP_inst/ClusterGroup_array/ClusterGroup_0_1/PE_Cluster_inst/pe12/Processing_Element_core_inst/_inferred__1/i__carry__0_n_0
    SLICE_X39Y106        CARRY8 (Prop_CARRY8_SLICEL_CI_O[0])
                                                      0.078    17.818 r  TOP_interface_inst/TOP_inst/ClusterGroup_array/ClusterGroup_0_1/PE_Cluster_inst/pe12/Processing_Element_core_inst/_inferred__1/i__carry__1/O[0]
                         net (fo=3, routed)           0.522    18.340    TOP_interface_inst/TOP_inst/ClusterGroup_array/ClusterGroup_0_1/PE_Cluster_inst/pe02/Processing_Element_core_inst/Psum_Spad_inst/Psum_DATA_Spad_BRAM_inst/PE_0_2_psum_in[16]
    SLICE_X40Y105        LUT5 (Prop_A6LUT_SLICEM_I1_O)
                                                      0.152    18.492 r  TOP_interface_inst/TOP_inst/ClusterGroup_array/ClusterGroup_0_1/PE_Cluster_inst/pe02/Processing_Element_core_inst/Psum_Spad_inst/Psum_DATA_Spad_BRAM_inst/i__carry__1_i_9__10/O
                         net (fo=1, routed)           0.017    18.509    TOP_interface_inst/TOP_inst/ClusterGroup_array/ClusterGroup_0_1/PE_Cluster_inst/pe02/Processing_Element_core_inst/Psum_Spad_inst_n_8
    SLICE_X40Y105        CARRY8 (Prop_CARRY8_SLICEM_S[0]_O[0])
                                                      0.079    18.588 r  TOP_interface_inst/TOP_inst/ClusterGroup_array/ClusterGroup_0_1/PE_Cluster_inst/pe02/Processing_Element_core_inst/_inferred__1/i__carry__1/O[0]
                         net (fo=2, routed)           0.287    18.875    TOP_interface_inst/TOP_inst/ClusterGroup_array/ClusterGroup_0_1/PE_Cluster_inst/pe02/Processing_Element_core_inst/Psum_Spad_inst/Psum_DATA_Spad_BRAM_inst/doutb_reg[15]_0[16]
    SLICE_X39Y101        LUT5 (Prop_F6LUT_SLICEL_I0_O)
                                                      0.056    18.931 r  TOP_interface_inst/TOP_inst/ClusterGroup_array/ClusterGroup_0_1/PE_Cluster_inst/pe02/Processing_Element_core_inst/Psum_Spad_inst/Psum_DATA_Spad_BRAM_inst/mem_reg_0_31_14_20_i_4__10/O
                         net (fo=1, routed)           0.252    19.183    TOP_interface_inst/TOP_inst/ClusterGroup_array/ClusterGroup_0_1/PE_Cluster_inst/pe02/Processing_Element_core_inst/Psum_Spad_inst/Psum_DATA_Spad_BRAM_inst/mem_reg_0_31_14_20/DIB0
    SLICE_X40Y102        RAMD32                                       r  TOP_interface_inst/TOP_inst/ClusterGroup_array/ClusterGroup_0_1/PE_Cluster_inst/pe02/Processing_Element_core_inst/Psum_Spad_inst/Psum_DATA_Spad_BRAM_inst/mem_reg_0_31_14_20/RAMB/I
  -------------------------------------------------------------------    -------------------





Min Delay Paths
--------------------------------------------------------------------------------------
Slack:                    inf
  Source:                 TOP_interface_inst/TOP_inst/ClusterGroup_array/ClusterGroup_0_1/PE_Cluster_inst/pe11/Processing_Element_core_inst/Later_Data_Spad_inst/column_num_reg[5]/C
                            (rising edge-triggered cell FDRE)
  Destination:            TOP_interface_inst/TOP_inst/ClusterGroup_array/ClusterGroup_0_1/PE_Cluster_inst/pe11/Processing_Element_core_inst/Later_Data_Spad_inst/spad_read_addr_reg[5]/D
  Path Group:             (none)
  Path Type:              Min at Fast Process Corner
  Data Path Delay:        0.122ns  (logic 0.084ns (68.779%)  route 0.038ns (31.221%))
  Logic Levels:           1  (FDRE=1)

    Location             Delay type                Incr(ns)  Path(ns)    Netlist Resource(s)
  -------------------------------------------------------------------    -------------------
    SLICE_X55Y87         FDRE                         0.000     0.000 r  TOP_interface_inst/TOP_inst/ClusterGroup_array/ClusterGroup_0_1/PE_Cluster_inst/pe11/Processing_Element_core_inst/Later_Data_Spad_inst/column_num_reg[5]/C
    SLICE_X55Y87         FDRE (Prop_HFF_SLICEL_C_Q)
                                                      0.084     0.084 r  TOP_interface_inst/TOP_inst/ClusterGroup_array/ClusterGroup_0_1/PE_Cluster_inst/pe11/Processing_Element_core_inst/Later_Data_Spad_inst/column_num_reg[5]/Q
                         net (fo=4, routed)           0.038     0.122    TOP_interface_inst/TOP_inst/ClusterGroup_array/ClusterGroup_0_1/PE_Cluster_inst/pe11/Processing_Element_core_inst/Later_Data_Spad_inst/column_num_reg_n_0_[5]
    SLICE_X55Y87         FDRE                                         r  TOP_interface_inst/TOP_inst/ClusterGroup_array/ClusterGroup_0_1/PE_Cluster_inst/pe11/Processing_Element_core_inst/Later_Data_Spad_inst/spad_read_addr_reg[5]/D
  -------------------------------------------------------------------    -------------------

Slack:                    inf
  Source:                 TOP_interface_inst/TOP_inst/ClusterGroup_array/ClusterGroup_0_1/PE_Cluster_inst/pe20/Processing_Element_core_inst/Later_Data_Spad_inst/column_num_reg[3]/C
                            (rising edge-triggered cell FDRE)
  Destination:            TOP_interface_inst/TOP_inst/ClusterGroup_array/ClusterGroup_0_1/PE_Cluster_inst/pe20/Processing_Element_core_inst/Later_Data_Spad_inst/spad_read_addr_reg[3]/D
  Path Group:             (none)
  Path Type:              Min at Fast Process Corner
  Data Path Delay:        0.124ns  (logic 0.084ns (67.865%)  route 0.040ns (32.135%))
  Logic Levels:           1  (FDRE=1)

    Location             Delay type                Incr(ns)  Path(ns)    Netlist Resource(s)
  -------------------------------------------------------------------    -------------------
    SLICE_X39Y73         FDRE                         0.000     0.000 r  TOP_interface_inst/TOP_inst/ClusterGroup_array/ClusterGroup_0_1/PE_Cluster_inst/pe20/Processing_Element_core_inst/Later_Data_Spad_inst/column_num_reg[3]/C
    SLICE_X39Y73         FDRE (Prop_HFF_SLICEL_C_Q)
                                                      0.084     0.084 r  TOP_interface_inst/TOP_inst/ClusterGroup_array/ClusterGroup_0_1/PE_Cluster_inst/pe20/Processing_Element_core_inst/Later_Data_Spad_inst/column_num_reg[3]/Q
                         net (fo=6, routed)           0.040     0.124    TOP_interface_inst/TOP_inst/ClusterGroup_array/ClusterGroup_0_1/PE_Cluster_inst/pe20/Processing_Element_core_inst/Later_Data_Spad_inst/column_num_reg_n_0_[3]
    SLICE_X39Y73         FDRE                                         r  TOP_interface_inst/TOP_inst/ClusterGroup_array/ClusterGroup_0_1/PE_Cluster_inst/pe20/Processing_Element_core_inst/Later_Data_Spad_inst/spad_read_addr_reg[3]/D
  -------------------------------------------------------------------    -------------------

Slack:                    inf
  Source:                 TOP_interface_inst/TOP_inst/ClusterGroup_array/ClusterGroup_0_0/PE_Cluster_inst/pe00/Processing_Element_core_inst/Psum_Spad_inst/Psum_DATA_Spad_BRAM_inst/mem_reg_0_31_0_13/RAMG/CLK
                            (rising edge-triggered cell RAMD32)
  Destination:            TOP_interface_inst/TOP_inst/ClusterGroup_array/ClusterGroup_0_0/PE_Cluster_inst/pe00/Processing_Element_core_inst/Psum_Spad_inst/Psum_DATA_Spad_BRAM_inst/doutb_reg[12]/D
  Path Group:             (none)
  Path Type:              Min at Fast Process Corner
  Data Path Delay:        0.127ns  (logic 0.118ns (92.913%)  route 0.009ns (7.087%))
  Logic Levels:           1  (RAMD32=1)

    Location             Delay type                Incr(ns)  Path(ns)    Netlist Resource(s)
  -------------------------------------------------------------------    -------------------
    SLICE_X32Y106        RAMD32                       0.000     0.000 r  TOP_interface_inst/TOP_inst/ClusterGroup_array/ClusterGroup_0_0/PE_Cluster_inst/pe00/Processing_Element_core_inst/Psum_Spad_inst/Psum_DATA_Spad_BRAM_inst/mem_reg_0_31_0_13/RAMG/CLK
    SLICE_X32Y106        RAMD32 (Prop_G5LUT_SLICEM_CLK_O)
                                                      0.118     0.118 r  TOP_interface_inst/TOP_inst/ClusterGroup_array/ClusterGroup_0_0/PE_Cluster_inst/pe00/Processing_Element_core_inst/Psum_Spad_inst/Psum_DATA_Spad_BRAM_inst/mem_reg_0_31_0_13/RAMG/O
                         net (fo=1, routed)           0.009     0.127    TOP_interface_inst/TOP_inst/ClusterGroup_array/ClusterGroup_0_0/PE_Cluster_inst/pe00/Processing_Element_core_inst/Psum_Spad_inst/Psum_DATA_Spad_BRAM_inst/doutb0[12]
    SLICE_X32Y106        FDRE                                         r  TOP_interface_inst/TOP_inst/ClusterGroup_array/ClusterGroup_0_0/PE_Cluster_inst/pe00/Processing_Element_core_inst/Psum_Spad_inst/Psum_DATA_Spad_BRAM_inst/doutb_reg[12]/D
  -------------------------------------------------------------------    -------------------

Slack:                    inf
  Source:                 TOP_interface_inst/TOP_inst/ClusterGroup_array/ClusterGroup_0_0/PE_Cluster_inst/pe01/Processing_Element_core_inst/Psum_Spad_inst/Psum_DATA_Spad_BRAM_inst/mem_reg_0_31_0_13/RAMG/CLK
                            (rising edge-triggered cell RAMD32)
  Destination:            TOP_interface_inst/TOP_inst/ClusterGroup_array/ClusterGroup_0_0/PE_Cluster_inst/pe01/Processing_Element_core_inst/Psum_Spad_inst/Psum_DATA_Spad_BRAM_inst/doutb_reg[12]/D
  Path Group:             (none)
  Path Type:              Min at Fast Process Corner
  Data Path Delay:        0.127ns  (logic 0.118ns (92.913%)  route 0.009ns (7.087%))
  Logic Levels:           1  (RAMD32=1)

    Location             Delay type                Incr(ns)  Path(ns)    Netlist Resource(s)
  -------------------------------------------------------------------    -------------------
    SLICE_X28Y106        RAMD32                       0.000     0.000 r  TOP_interface_inst/TOP_inst/ClusterGroup_array/ClusterGroup_0_0/PE_Cluster_inst/pe01/Processing_Element_core_inst/Psum_Spad_inst/Psum_DATA_Spad_BRAM_inst/mem_reg_0_31_0_13/RAMG/CLK
    SLICE_X28Y106        RAMD32 (Prop_G5LUT_SLICEM_CLK_O)
                                                      0.118     0.118 r  TOP_interface_inst/TOP_inst/ClusterGroup_array/ClusterGroup_0_0/PE_Cluster_inst/pe01/Processing_Element_core_inst/Psum_Spad_inst/Psum_DATA_Spad_BRAM_inst/mem_reg_0_31_0_13/RAMG/O
                         net (fo=1, routed)           0.009     0.127    TOP_interface_inst/TOP_inst/ClusterGroup_array/ClusterGroup_0_0/PE_Cluster_inst/pe01/Processing_Element_core_inst/Psum_Spad_inst/Psum_DATA_Spad_BRAM_inst/doutb0[12]
    SLICE_X28Y106        FDRE                                         r  TOP_interface_inst/TOP_inst/ClusterGroup_array/ClusterGroup_0_0/PE_Cluster_inst/pe01/Processing_Element_core_inst/Psum_Spad_inst/Psum_DATA_Spad_BRAM_inst/doutb_reg[12]/D
  -------------------------------------------------------------------    -------------------

Slack:                    inf
  Source:                 TOP_interface_inst/TOP_inst/ClusterGroup_array/ClusterGroup_0_0/PE_Cluster_inst/pe02/Processing_Element_core_inst/Psum_Spad_inst/Psum_DATA_Spad_BRAM_inst/mem_reg_0_31_0_13/RAMG/CLK
                            (rising edge-triggered cell RAMD32)
  Destination:            TOP_interface_inst/TOP_inst/ClusterGroup_array/ClusterGroup_0_0/PE_Cluster_inst/pe02/Processing_Element_core_inst/Psum_Spad_inst/Psum_DATA_Spad_BRAM_inst/doutb_reg[12]/D
  Path Group:             (none)
  Path Type:              Min at Fast Process Corner
  Data Path Delay:        0.127ns  (logic 0.118ns (92.913%)  route 0.009ns (7.087%))
  Logic Levels:           1  (RAMD32=1)

    Location             Delay type                Incr(ns)  Path(ns)    Netlist Resource(s)
  -------------------------------------------------------------------    -------------------
    SLICE_X28Y102        RAMD32                       0.000     0.000 r  TOP_interface_inst/TOP_inst/ClusterGroup_array/ClusterGroup_0_0/PE_Cluster_inst/pe02/Processing_Element_core_inst/Psum_Spad_inst/Psum_DATA_Spad_BRAM_inst/mem_reg_0_31_0_13/RAMG/CLK
    SLICE_X28Y102        RAMD32 (Prop_G5LUT_SLICEM_CLK_O)
                                                      0.118     0.118 r  TOP_interface_inst/TOP_inst/ClusterGroup_array/ClusterGroup_0_0/PE_Cluster_inst/pe02/Processing_Element_core_inst/Psum_Spad_inst/Psum_DATA_Spad_BRAM_inst/mem_reg_0_31_0_13/RAMG/O
                         net (fo=1, routed)           0.009     0.127    TOP_interface_inst/TOP_inst/ClusterGroup_array/ClusterGroup_0_0/PE_Cluster_inst/pe02/Processing_Element_core_inst/Psum_Spad_inst/Psum_DATA_Spad_BRAM_inst/doutb0[12]
    SLICE_X28Y102        FDRE                                         r  TOP_interface_inst/TOP_inst/ClusterGroup_array/ClusterGroup_0_0/PE_Cluster_inst/pe02/Processing_Element_core_inst/Psum_Spad_inst/Psum_DATA_Spad_BRAM_inst/doutb_reg[12]/D
  -------------------------------------------------------------------    -------------------

Slack:                    inf
  Source:                 TOP_interface_inst/TOP_inst/ClusterGroup_array/ClusterGroup_0_0/PE_Cluster_inst/pe10/Processing_Element_core_inst/Psum_Spad_inst/Psum_DATA_Spad_BRAM_inst/mem_reg_0_31_0_13/RAMG/CLK
                            (rising edge-triggered cell RAMD32)
  Destination:            TOP_interface_inst/TOP_inst/ClusterGroup_array/ClusterGroup_0_0/PE_Cluster_inst/pe10/Processing_Element_core_inst/Psum_Spad_inst/Psum_DATA_Spad_BRAM_inst/doutb_reg[12]/D
  Path Group:             (none)
  Path Type:              Min at Fast Process Corner
  Data Path Delay:        0.127ns  (logic 0.118ns (92.913%)  route 0.009ns (7.087%))
  Logic Levels:           1  (RAMD32=1)

    Location             Delay type                Incr(ns)  Path(ns)    Netlist Resource(s)
  -------------------------------------------------------------------    -------------------
    SLICE_X31Y112        RAMD32                       0.000     0.000 r  TOP_interface_inst/TOP_inst/ClusterGroup_array/ClusterGroup_0_0/PE_Cluster_inst/pe10/Processing_Element_core_inst/Psum_Spad_inst/Psum_DATA_Spad_BRAM_inst/mem_reg_0_31_0_13/RAMG/CLK
    SLICE_X31Y112        RAMD32 (Prop_G5LUT_SLICEM_CLK_O)
                                                      0.118     0.118 r  TOP_interface_inst/TOP_inst/ClusterGroup_array/ClusterGroup_0_0/PE_Cluster_inst/pe10/Processing_Element_core_inst/Psum_Spad_inst/Psum_DATA_Spad_BRAM_inst/mem_reg_0_31_0_13/RAMG/O
                         net (fo=1, routed)           0.009     0.127    TOP_interface_inst/TOP_inst/ClusterGroup_array/ClusterGroup_0_0/PE_Cluster_inst/pe10/Processing_Element_core_inst/Psum_Spad_inst/Psum_DATA_Spad_BRAM_inst/doutb0[12]
    SLICE_X31Y112        FDRE                                         r  TOP_interface_inst/TOP_inst/ClusterGroup_array/ClusterGroup_0_0/PE_Cluster_inst/pe10/Processing_Element_core_inst/Psum_Spad_inst/Psum_DATA_Spad_BRAM_inst/doutb_reg[12]/D
  -------------------------------------------------------------------    -------------------

Slack:                    inf
  Source:                 TOP_interface_inst/TOP_inst/ClusterGroup_array/ClusterGroup_0_0/PE_Cluster_inst/pe11/Processing_Element_core_inst/Psum_Spad_inst/Psum_DATA_Spad_BRAM_inst/mem_reg_0_31_0_13/RAMG/CLK
                            (rising edge-triggered cell RAMD32)
  Destination:            TOP_interface_inst/TOP_inst/ClusterGroup_array/ClusterGroup_0_0/PE_Cluster_inst/pe11/Processing_Element_core_inst/Psum_Spad_inst/Psum_DATA_Spad_BRAM_inst/doutb_reg[12]/D
  Path Group:             (none)
  Path Type:              Min at Fast Process Corner
  Data Path Delay:        0.127ns  (logic 0.118ns (92.913%)  route 0.009ns (7.087%))
  Logic Levels:           1  (RAMD32=1)

    Location             Delay type                Incr(ns)  Path(ns)    Netlist Resource(s)
  -------------------------------------------------------------------    -------------------
    SLICE_X31Y106        RAMD32                       0.000     0.000 r  TOP_interface_inst/TOP_inst/ClusterGroup_array/ClusterGroup_0_0/PE_Cluster_inst/pe11/Processing_Element_core_inst/Psum_Spad_inst/Psum_DATA_Spad_BRAM_inst/mem_reg_0_31_0_13/RAMG/CLK
    SLICE_X31Y106        RAMD32 (Prop_G5LUT_SLICEM_CLK_O)
                                                      0.118     0.118 r  TOP_interface_inst/TOP_inst/ClusterGroup_array/ClusterGroup_0_0/PE_Cluster_inst/pe11/Processing_Element_core_inst/Psum_Spad_inst/Psum_DATA_Spad_BRAM_inst/mem_reg_0_31_0_13/RAMG/O
                         net (fo=1, routed)           0.009     0.127    TOP_interface_inst/TOP_inst/ClusterGroup_array/ClusterGroup_0_0/PE_Cluster_inst/pe11/Processing_Element_core_inst/Psum_Spad_inst/Psum_DATA_Spad_BRAM_inst/doutb0[12]
    SLICE_X31Y106        FDRE                                         r  TOP_interface_inst/TOP_inst/ClusterGroup_array/ClusterGroup_0_0/PE_Cluster_inst/pe11/Processing_Element_core_inst/Psum_Spad_inst/Psum_DATA_Spad_BRAM_inst/doutb_reg[12]/D
  -------------------------------------------------------------------    -------------------

Slack:                    inf
  Source:                 TOP_interface_inst/TOP_inst/ClusterGroup_array/ClusterGroup_0_0/PE_Cluster_inst/pe12/Processing_Element_core_inst/Psum_Spad_inst/Psum_DATA_Spad_BRAM_inst/mem_reg_0_31_0_13/RAMG/CLK
                            (rising edge-triggered cell RAMD32)
  Destination:            TOP_interface_inst/TOP_inst/ClusterGroup_array/ClusterGroup_0_0/PE_Cluster_inst/pe12/Processing_Element_core_inst/Psum_Spad_inst/Psum_DATA_Spad_BRAM_inst/doutb_reg[12]/D
  Path Group:             (none)
  Path Type:              Min at Fast Process Corner
  Data Path Delay:        0.127ns  (logic 0.118ns (92.913%)  route 0.009ns (7.087%))
  Logic Levels:           1  (RAMD32=1)

    Location             Delay type                Incr(ns)  Path(ns)    Netlist Resource(s)
  -------------------------------------------------------------------    -------------------
    SLICE_X28Y97         RAMD32                       0.000     0.000 r  TOP_interface_inst/TOP_inst/ClusterGroup_array/ClusterGroup_0_0/PE_Cluster_inst/pe12/Processing_Element_core_inst/Psum_Spad_inst/Psum_DATA_Spad_BRAM_inst/mem_reg_0_31_0_13/RAMG/CLK
    SLICE_X28Y97         RAMD32 (Prop_G5LUT_SLICEM_CLK_O)
                                                      0.118     0.118 r  TOP_interface_inst/TOP_inst/ClusterGroup_array/ClusterGroup_0_0/PE_Cluster_inst/pe12/Processing_Element_core_inst/Psum_Spad_inst/Psum_DATA_Spad_BRAM_inst/mem_reg_0_31_0_13/RAMG/O
                         net (fo=1, routed)           0.009     0.127    TOP_interface_inst/TOP_inst/ClusterGroup_array/ClusterGroup_0_0/PE_Cluster_inst/pe12/Processing_Element_core_inst/Psum_Spad_inst/Psum_DATA_Spad_BRAM_inst/doutb0[12]
    SLICE_X28Y97         FDRE                                         r  TOP_interface_inst/TOP_inst/ClusterGroup_array/ClusterGroup_0_0/PE_Cluster_inst/pe12/Processing_Element_core_inst/Psum_Spad_inst/Psum_DATA_Spad_BRAM_inst/doutb_reg[12]/D
  -------------------------------------------------------------------    -------------------

Slack:                    inf
  Source:                 TOP_interface_inst/TOP_inst/ClusterGroup_array/ClusterGroup_0_0/PE_Cluster_inst/pe20/Processing_Element_core_inst/Psum_Spad_inst/Psum_DATA_Spad_BRAM_inst/mem_reg_0_31_0_13/RAMG/CLK
                            (rising edge-triggered cell RAMD32)
  Destination:            TOP_interface_inst/TOP_inst/ClusterGroup_array/ClusterGroup_0_0/PE_Cluster_inst/pe20/Processing_Element_core_inst/Psum_Spad_inst/Psum_DATA_Spad_BRAM_inst/doutb_reg[12]/D
  Path Group:             (none)
  Path Type:              Min at Fast Process Corner
  Data Path Delay:        0.127ns  (logic 0.118ns (92.913%)  route 0.009ns (7.087%))
  Logic Levels:           1  (RAMD32=1)

    Location             Delay type                Incr(ns)  Path(ns)    Netlist Resource(s)
  -------------------------------------------------------------------    -------------------
    SLICE_X28Y93         RAMD32                       0.000     0.000 r  TOP_interface_inst/TOP_inst/ClusterGroup_array/ClusterGroup_0_0/PE_Cluster_inst/pe20/Processing_Element_core_inst/Psum_Spad_inst/Psum_DATA_Spad_BRAM_inst/mem_reg_0_31_0_13/RAMG/CLK
    SLICE_X28Y93         RAMD32 (Prop_G5LUT_SLICEM_CLK_O)
                                                      0.118     0.118 r  TOP_interface_inst/TOP_inst/ClusterGroup_array/ClusterGroup_0_0/PE_Cluster_inst/pe20/Processing_Element_core_inst/Psum_Spad_inst/Psum_DATA_Spad_BRAM_inst/mem_reg_0_31_0_13/RAMG/O
                         net (fo=1, routed)           0.009     0.127    TOP_interface_inst/TOP_inst/ClusterGroup_array/ClusterGroup_0_0/PE_Cluster_inst/pe20/Processing_Element_core_inst/Psum_Spad_inst/Psum_DATA_Spad_BRAM_inst/doutb0[12]
    SLICE_X28Y93         FDRE                                         r  TOP_interface_inst/TOP_inst/ClusterGroup_array/ClusterGroup_0_0/PE_Cluster_inst/pe20/Processing_Element_core_inst/Psum_Spad_inst/Psum_DATA_Spad_BRAM_inst/doutb_reg[12]/D
  -------------------------------------------------------------------    -------------------

Slack:                    inf
  Source:                 TOP_interface_inst/TOP_inst/ClusterGroup_array/ClusterGroup_0_0/PE_Cluster_inst/pe21/Processing_Element_core_inst/Psum_Spad_inst/Psum_DATA_Spad_BRAM_inst/mem_reg_0_31_0_13/RAMG/CLK
                            (rising edge-triggered cell RAMD32)
  Destination:            TOP_interface_inst/TOP_inst/ClusterGroup_array/ClusterGroup_0_0/PE_Cluster_inst/pe21/Processing_Element_core_inst/Psum_Spad_inst/Psum_DATA_Spad_BRAM_inst/doutb_reg[12]/D
  Path Group:             (none)
  Path Type:              Min at Fast Process Corner
  Data Path Delay:        0.127ns  (logic 0.118ns (92.913%)  route 0.009ns (7.087%))
  Logic Levels:           1  (RAMD32=1)

    Location             Delay type                Incr(ns)  Path(ns)    Netlist Resource(s)
  -------------------------------------------------------------------    -------------------
    SLICE_X29Y81         RAMD32                       0.000     0.000 r  TOP_interface_inst/TOP_inst/ClusterGroup_array/ClusterGroup_0_0/PE_Cluster_inst/pe21/Processing_Element_core_inst/Psum_Spad_inst/Psum_DATA_Spad_BRAM_inst/mem_reg_0_31_0_13/RAMG/CLK
    SLICE_X29Y81         RAMD32 (Prop_G5LUT_SLICEM_CLK_O)
                                                      0.118     0.118 r  TOP_interface_inst/TOP_inst/ClusterGroup_array/ClusterGroup_0_0/PE_Cluster_inst/pe21/Processing_Element_core_inst/Psum_Spad_inst/Psum_DATA_Spad_BRAM_inst/mem_reg_0_31_0_13/RAMG/O
                         net (fo=1, routed)           0.009     0.127    TOP_interface_inst/TOP_inst/ClusterGroup_array/ClusterGroup_0_0/PE_Cluster_inst/pe21/Processing_Element_core_inst/Psum_Spad_inst/Psum_DATA_Spad_BRAM_inst/doutb0[12]
    SLICE_X29Y81         FDRE                                         r  TOP_interface_inst/TOP_inst/ClusterGroup_array/ClusterGroup_0_0/PE_Cluster_inst/pe21/Processing_Element_core_inst/Psum_Spad_inst/Psum_DATA_Spad_BRAM_inst/doutb_reg[12]/D
  -------------------------------------------------------------------    -------------------





