Vivado Simulator v2025.1.0
Copyright 1986-2022 Xilinx, Inc. All Rights Reserved.
Copyright 2022-2025 Advanced Micro Devices, Inc. All Rights Reserved.
Running: C:/Xilinx/2025.1/Vivado/bin/unwrapped/win64.o/xelab.exe --incr --debug typical --relax --mt 2 -L xil_defaultlib -L unisims_ver -L unimacro_ver -L secureip --snapshot TOP_tb_behav xil_defaultlib.TOP_tb xil_defaultlib.glbl -log elaborate.log 
Using 2 slave threads.
Starting static elaboration
Pass Through NonSizing Optimizer
Completed static elaboration
Starting simulation data flow analysis
WARNING: [XSIM 43-4099] "C:/Users/bless/Downloads/BoooC CNN-Accelerator-Based-on-Eyeriss-v2 master FPGA_design-src/TOP/TOP.v" Line 1. Module TOP doesn't have a timescale but at least one module in design has a timescale.
WARNING: [XSIM 43-4099] "C:/Users/bless/Downloads/BoooC CNN-Accelerator-Based-on-Eyeriss-v2 master FPGA_design-src/Cluster_Group/Cluster_Group_array.v" Line 1. Module ClusterGroup_array doesn't have a timescale but at least one module in design has a timescale.
WARNING: [XSIM 43-4099] "C:/Users/bless/Downloads/BoooC CNN-Accelerator-Based-on-Eyeriss-v2 master FPGA_design-src/Cluster_Group/Cluster_Group.v" Line 13. Module ClusterGroup doesn't have a timescale but at least one module in design has a timescale.
WARNING: [XSIM 43-4099] "C:/Users/bless/Downloads/BoooC CNN-Accelerator-Based-on-Eyeriss-v2 master FPGA_design-src/PE_Cluster/PE_Cluster.v" Line 11. Module PE_Cluster doesn't have a timescale but at least one module in design has a timescale.
WARNING: [XSIM 43-4099] "C:/Users/bless/Downloads/BoooC CNN-Accelerator-Based-on-Eyeriss-v2 master FPGA_design-src/PE_Cluster/PE/Processing_Element.v" Line 9. Module ProcessingElement doesn't have a timescale but at least one module in design has a timescale.
WARNING: [XSIM 43-4099] "C:/Users/bless/Downloads/BoooC CNN-Accelerator-Based-on-Eyeriss-v2 master FPGA_design-src/PE_Cluster/PE/Processing_Element_Controller.v" Line 8. Module Processing_Element_Controller doesn't have a timescale but at least one module in design has a timescale.
WARNING: [XSIM 43-4099] "C:/Users/bless/Downloads/BoooC CNN-Accelerator-Based-on-Eyeriss-v2 master FPGA_design-src/PE_Cluster/PE/Processing_Element_core.v" Line 11. Module Processing_Element_core doesn't have a timescale but at least one module in design has a timescale.
WARNING: [XSIM 43-4099] "C:/Users/bless/Downloads/BoooC CNN-Accelerator-Based-on-Eyeriss-v2 master FPGA_design-src/PE_Cluster/PE/SPad/Psum_Spad.v" Line 1. Module Psum_Spad doesn't have a timescale but at least one module in design has a timescale.
WARNING: [XSIM 43-4099] "C:/Users/bless/Downloads/BoooC CNN-Accelerator-Based-on-Eyeriss-v2 master FPGA_design-src/PE_Cluster/PE/SPad/Psum_Spad.v" Line 48. Module Psum_DATA_Spad_BRAM doesn't have a timescale but at least one module in design has a timescale.
WARNING: [XSIM 43-4099] "C:/Users/bless/Downloads/BoooC CNN-Accelerator-Based-on-Eyeriss-v2 master FPGA_design-src/PE_Cluster/PE/SPad/Former_addr_Spad.v" Line 9. Module Former_Address_Spad doesn't have a timescale but at least one module in design has a timescale.
WARNING: [XSIM 43-4099] "C:/Users/bless/Downloads/BoooC CNN-Accelerator-Based-on-Eyeriss-v2 master FPGA_design-src/PE_Cluster/PE/SPad/Former_data_Spad.v" Line 1. Module Former_Data_Spad doesn't have a timescale but at least one module in design has a timescale.
WARNING: [XSIM 43-4099] "C:/Users/bless/Downloads/BoooC CNN-Accelerator-Based-on-Eyeriss-v2 master FPGA_design-src/PE_Cluster/PE/SPad/Former_data_Spad.v" Line 69. Module Iact_DATA_Spad_BRAM doesn't have a timescale but at least one module in design has a timescale.
WARNING: [XSIM 43-4099] "C:/Users/bless/Downloads/BoooC CNN-Accelerator-Based-on-Eyeriss-v2 master FPGA_design-src/PE_Cluster/PE/SPad/Later_addr_Spad.v" Line 10. Module Later_Address_Spad doesn't have a timescale but at least one module in design has a timescale.
WARNING: [XSIM 43-4099] "C:/Users/bless/Downloads/BoooC CNN-Accelerator-Based-on-Eyeriss-v2 master FPGA_design-src/PE_Cluster/PE/SPad/Later_data_Spad.v" Line 15. Module Later_Data_Spad doesn't have a timescale but at least one module in design has a timescale.
WARNING: [XSIM 43-4099] "C:/Users/bless/Downloads/BoooC CNN-Accelerator-Based-on-Eyeriss-v2 master FPGA_design-src/PE_Cluster/PE/SPad/Later_data_Spad.v" Line 134. Module Weight_DATA_Spad_BRAM doesn't have a timescale but at least one module in design has a timescale.
WARNING: [XSIM 43-4099] "C:/Users/bless/Downloads/BoooC CNN-Accelerator-Based-on-Eyeriss-v2 master FPGA_design-src/PE_Cluster/PE/PE_data_FIFO.v" Line 9. Module PE_data_FIFO(DATA_IN_WIDTH=8) doesn't have a timescale but at least one module in design has a timescale.
WARNING: [XSIM 43-4099] "C:/Users/bless/Downloads/BoooC CNN-Accelerator-Based-on-Eyeriss-v2 master FPGA_design-src/PE_Cluster/PE/PE_data_FIFO.v" Line 9. Module PE_data_FIFO(DATA_IN_WIDTH=13) doesn't have a timescale but at least one module in design has a timescale.
WARNING: [XSIM 43-4099] "C:/Users/bless/Downloads/BoooC CNN-Accelerator-Based-on-Eyeriss-v2 master FPGA_design-src/PE_Cluster/PE/PE_data_FIFO.v" Line 9. Module PE_data_FIFO(DATA_IN_WIDTH=7) doesn't have a timescale but at least one module in design has a timescale.
WARNING: [XSIM 43-4099] "C:/Users/bless/Downloads/BoooC CNN-Accelerator-Based-on-Eyeriss-v2 master FPGA_design-src/PE_Cluster/PE/PE_data_FIFO.v" Line 9. Module PE_data_FIFO(DATA_IN_WIDTH=12) doesn't have a timescale but at least one module in design has a timescale.
WARNING: [XSIM 43-4099] "C:/Users/bless/Downloads/BoooC CNN-Accelerator-Based-on-Eyeriss-v2 master FPGA_design-src/PE_Cluster/PE/PE_psum_FIFO.v" Line 11. Module PE_psum_FIFO doesn't have a timescale but at least one module in design has a timescale.
WARNING: [XSIM 43-4099] "C:/Users/bless/Downloads/BoooC CNN-Accelerator-Based-on-Eyeriss-v2 master FPGA_design-src/PE_Cluster/PE/PE_psum_FIFO.v" Line 11. Module PE_psum_FIFO doesn't have a timescale but at least one module in design has a timescale.
WARNING: [XSIM 43-4099] "C:/Users/bless/Downloads/BoooC CNN-Accelerator-Based-on-Eyeriss-v2 master FPGA_design-src/PE_Cluster/PE/Processing_Element.v" Line 9. Module ProcessingElement doesn't have a timescale but at least one module in design has a timescale.
WARNING: [XSIM 43-4099] "C:/Users/bless/Downloads/BoooC CNN-Accelerator-Based-on-Eyeriss-v2 master FPGA_design-src/PE_Cluster/PE/Processing_Element_Controller.v" Line 8. Module Processing_Element_Controller doesn't have a timescale but at least one module in design has a timescale.
WARNING: [XSIM 43-4099] "C:/Users/bless/Downloads/BoooC CNN-Accelerator-Based-on-Eyeriss-v2 master FPGA_design-src/PE_Cluster/PE/Processing_Element_core.v" Line 11. Module Processing_Element_core doesn't have a timescale but at least one module in design has a timescale.
WARNING: [XSIM 43-4099] "C:/Users/bless/Downloads/BoooC CNN-Accelerator-Based-on-Eyeriss-v2 master FPGA_design-src/PE_Cluster/PE/SPad/Psum_Spad.v" Line 1. Module Psum_Spad doesn't have a timescale but at least one module in design has a timescale.
WARNING: [XSIM 43-4099] "C:/Users/bless/Downloads/BoooC CNN-Accelerator-Based-on-Eyeriss-v2 master FPGA_design-src/PE_Cluster/PE/SPad/Psum_Spad.v" Line 48. Module Psum_DATA_Spad_BRAM doesn't have a timescale but at least one module in design has a timescale.
WARNING: [XSIM 43-4099] "C:/Users/bless/Downloads/BoooC CNN-Accelerator-Based-on-Eyeriss-v2 master FPGA_design-src/PE_Cluster/PE/SPad/Former_addr_Spad.v" Line 9. Module Former_Address_Spad doesn't have a timescale but at least one module in design has a timescale.
WARNING: [XSIM 43-4099] "C:/Users/bless/Downloads/BoooC CNN-Accelerator-Based-on-Eyeriss-v2 master FPGA_design-src/PE_Cluster/PE/SPad/Former_data_Spad.v" Line 1. Module Former_Data_Spad doesn't have a timescale but at least one module in design has a timescale.
WARNING: [XSIM 43-4099] "C:/Users/bless/Downloads/BoooC CNN-Accelerator-Based-on-Eyeriss-v2 master FPGA_design-src/PE_Cluster/PE/SPad/Former_data_Spad.v" Line 69. Module Iact_DATA_Spad_BRAM doesn't have a timescale but at least one module in design has a timescale.
WARNING: [XSIM 43-4099] "C:/Users/bless/Downloads/BoooC CNN-Accelerator-Based-on-Eyeriss-v2 master FPGA_design-src/PE_Cluster/PE/SPad/Later_addr_Spad.v" Line 10. Module Later_Address_Spad doesn't have a timescale but at least one module in design has a timescale.
WARNING: [XSIM 43-4099] "C:/Users/bless/Downloads/BoooC CNN-Accelerator-Based-on-Eyeriss-v2 master FPGA_design-src/PE_Cluster/PE/SPad/Later_data_Spad.v" Line 15. Module Later_Data_Spad doesn't have a timescale but at least one module in design has a timescale.
WARNING: [XSIM 43-4099] "C:/Users/bless/Downloads/BoooC CNN-Accelerator-Based-on-Eyeriss-v2 master FPGA_design-src/PE_Cluster/PE/SPad/Later_data_Spad.v" Line 134. Module Weight_DATA_Spad_BRAM doesn't have a timescale but at least one module in design has a timescale.
WARNING: [XSIM 43-4099] "C:/Users/bless/Downloads/BoooC CNN-Accelerator-Based-on-Eyeriss-v2 master FPGA_design-src/PE_Cluster/PE/PE_data_FIFO.v" Line 9. Module PE_data_FIFO(DATA_IN_WIDTH=8) doesn't have a timescale but at least one module in design has a timescale.
WARNING: [XSIM 43-4099] "C:/Users/bless/Downloads/BoooC CNN-Accelerator-Based-on-Eyeriss-v2 master FPGA_design-src/PE_Cluster/PE/PE_data_FIFO.v" Line 9. Module PE_data_FIFO(DATA_IN_WIDTH=13) doesn't have a timescale but at least one module in design has a timescale.
WARNING: [XSIM 43-4099] "C:/Users/bless/Downloads/BoooC CNN-Accelerator-Based-on-Eyeriss-v2 master FPGA_design-src/PE_Cluster/PE/PE_data_FIFO.v" Line 9. Module PE_data_FIFO(DATA_IN_WIDTH=7) doesn't have a timescale but at least one module in design has a timescale.
WARNING: [XSIM 43-4099] "C:/Users/bless/Downloads/BoooC CNN-Accelerator-Based-on-Eyeriss-v2 master FPGA_design-src/PE_Cluster/PE/PE_data_FIFO.v" Line 9. Module PE_data_FIFO(DATA_IN_WIDTH=12) doesn't have a timescale but at least one module in design has a timescale.
WARNING: [XSIM 43-4099] "C:/Users/bless/Downloads/BoooC CNN-Accelerator-Based-on-Eyeriss-v2 master FPGA_design-src/PE_Cluster/PE/PE_psum_FIFO.v" Line 11. Module PE_psum_FIFO doesn't have a timescale but at least one module in design has a timescale.
WARNING: [XSIM 43-4099] "C:/Users/bless/Downloads/BoooC CNN-Accelerator-Based-on-Eyeriss-v2 master FPGA_design-src/PE_Cluster/PE/PE_psum_FIFO.v" Line 11. Module PE_psum_FIFO doesn't have a timescale but at least one module in design has a timescale.
WARNING: [XSIM 43-4099] "C:/Users/bless/Downloads/BoooC CNN-Accelerator-Based-on-Eyeriss-v2 master FPGA_design-src/PE_Cluster/PE/Processing_Element.v" Line 9. Module ProcessingElement doesn't have a timescale but at least one module in design has a timescale.
WARNING: [XSIM 43-4099] "C:/Users/bless/Downloads/BoooC CNN-Accelerator-Based-on-Eyeriss-v2 master FPGA_design-src/PE_Cluster/PE/Processing_Element_Controller.v" Line 8. Module Processing_Element_Controller doesn't have a timescale but at least one module in design has a timescale.
WARNING: [XSIM 43-4099] "C:/Users/bless/Downloads/BoooC CNN-Accelerator-Based-on-Eyeriss-v2 master FPGA_design-src/PE_Cluster/PE/Processing_Element_core.v" Line 11. Module Processing_Element_core doesn't have a timescale but at least one module in design has a timescale.
WARNING: [XSIM 43-4099] "C:/Users/bless/Downloads/BoooC CNN-Accelerator-Based-on-Eyeriss-v2 master FPGA_design-src/PE_Cluster/PE/SPad/Psum_Spad.v" Line 1. Module Psum_Spad doesn't have a timescale but at least one module in design has a timescale.
WARNING: [XSIM 43-4099] "C:/Users/bless/Downloads/BoooC CNN-Accelerator-Based-on-Eyeriss-v2 master FPGA_design-src/PE_Cluster/PE/SPad/Psum_Spad.v" Line 48. Module Psum_DATA_Spad_BRAM doesn't have a timescale but at least one module in design has a timescale.
WARNING: [XSIM 43-4099] "C:/Users/bless/Downloads/BoooC CNN-Accelerator-Based-on-Eyeriss-v2 master FPGA_design-src/PE_Cluster/PE/SPad/Former_addr_Spad.v" Line 9. Module Former_Address_Spad doesn't have a timescale but at least one module in design has a timescale.
WARNING: [XSIM 43-4099] "C:/Users/bless/Downloads/BoooC CNN-Accelerator-Based-on-Eyeriss-v2 master FPGA_design-src/PE_Cluster/PE/SPad/Former_data_Spad.v" Line 1. Module Former_Data_Spad doesn't have a timescale but at least one module in design has a timescale.
WARNING: [XSIM 43-4099] "C:/Users/bless/Downloads/BoooC CNN-Accelerator-Based-on-Eyeriss-v2 master FPGA_design-src/PE_Cluster/PE/SPad/Former_data_Spad.v" Line 69. Module Iact_DATA_Spad_BRAM doesn't have a timescale but at least one module in design has a timescale.
WARNING: [XSIM 43-4099] "C:/Users/bless/Downloads/BoooC CNN-Accelerator-Based-on-Eyeriss-v2 master FPGA_design-src/PE_Cluster/PE/SPad/Later_addr_Spad.v" Line 10. Module Later_Address_Spad doesn't have a timescale but at least one module in design has a timescale.
WARNING: [XSIM 43-4099] "C:/Users/bless/Downloads/BoooC CNN-Accelerator-Based-on-Eyeriss-v2 master FPGA_design-src/PE_Cluster/PE/SPad/Later_data_Spad.v" Line 15. Module Later_Data_Spad doesn't have a timescale but at least one module in design has a timescale.
WARNING: [XSIM 43-4099] "C:/Users/bless/Downloads/BoooC CNN-Accelerator-Based-on-Eyeriss-v2 master FPGA_design-src/PE_Cluster/PE/SPad/Later_data_Spad.v" Line 134. Module Weight_DATA_Spad_BRAM doesn't have a timescale but at least one module in design has a timescale.
WARNING: [XSIM 43-4099] "C:/Users/bless/Downloads/BoooC CNN-Accelerator-Based-on-Eyeriss-v2 master FPGA_design-src/PE_Cluster/PE/PE_data_FIFO.v" Line 9. Module PE_data_FIFO(DATA_IN_WIDTH=8) doesn't have a timescale but at least one module in design has a timescale.
WARNING: [XSIM 43-4099] "C:/Users/bless/Downloads/BoooC CNN-Accelerator-Based-on-Eyeriss-v2 master FPGA_design-src/PE_Cluster/PE/PE_data_FIFO.v" Line 9. Module PE_data_FIFO(DATA_IN_WIDTH=13) doesn't have a timescale but at least one module in design has a timescale.
WARNING: [XSIM 43-4099] "C:/Users/bless/Downloads/BoooC CNN-Accelerator-Based-on-Eyeriss-v2 master FPGA_design-src/PE_Cluster/PE/PE_data_FIFO.v" Line 9. Module PE_data_FIFO(DATA_IN_WIDTH=7) doesn't have a timescale but at least one module in design has a timescale.
WARNING: [XSIM 43-4099] "C:/Users/bless/Downloads/BoooC CNN-Accelerator-Based-on-Eyeriss-v2 master FPGA_design-src/PE_Cluster/PE/PE_data_FIFO.v" Line 9. Module PE_data_FIFO(DATA_IN_WIDTH=12) doesn't have a timescale but at least one module in design has a timescale.
WARNING: [XSIM 43-4099] "C:/Users/bless/Downloads/BoooC CNN-Accelerator-Based-on-Eyeriss-v2 master FPGA_design-src/PE_Cluster/PE/PE_psum_FIFO.v" Line 11. Module PE_psum_FIFO doesn't have a timescale but at least one module in design has a timescale.
WARNING: [XSIM 43-4099] "C:/Users/bless/Downloads/BoooC CNN-Accelerator-Based-on-Eyeriss-v2 master FPGA_design-src/PE_Cluster/PE/PE_psum_FIFO.v" Line 11. Module PE_psum_FIFO doesn't have a timescale but at least one module in design has a timescale.
WARNING: [XSIM 43-4099] "C:/Users/bless/Downloads/BoooC CNN-Accelerator-Based-on-Eyeriss-v2 master FPGA_design-src/PE_Cluster/PE/Processing_Element.v" Line 9. Module ProcessingElement doesn't have a timescale but at least one module in design has a timescale.
WARNING: [XSIM 43-4099] "C:/Users/bless/Downloads/BoooC CNN-Accelerator-Based-on-Eyeriss-v2 master FPGA_design-src/PE_Cluster/PE/Processing_Element_Controller.v" Line 8. Module Processing_Element_Controller doesn't have a timescale but at least one module in design has a timescale.
WARNING: [XSIM 43-4099] "C:/Users/bless/Downloads/BoooC CNN-Accelerator-Based-on-Eyeriss-v2 master FPGA_design-src/PE_Cluster/PE/Processing_Element_core.v" Line 11. Module Processing_Element_core doesn't have a timescale but at least one module in design has a timescale.
WARNING: [XSIM 43-4099] "C:/Users/bless/Downloads/BoooC CNN-Accelerator-Based-on-Eyeriss-v2 master FPGA_design-src/PE_Cluster/PE/SPad/Psum_Spad.v" Line 1. Module Psum_Spad doesn't have a timescale but at least one module in design has a timescale.
WARNING: [XSIM 43-4099] "C:/Users/bless/Downloads/BoooC CNN-Accelerator-Based-on-Eyeriss-v2 master FPGA_design-src/PE_Cluster/PE/SPad/Psum_Spad.v" Line 48. Module Psum_DATA_Spad_BRAM doesn't have a timescale but at least one module in design has a timescale.
WARNING: [XSIM 43-4099] "C:/Users/bless/Downloads/BoooC CNN-Accelerator-Based-on-Eyeriss-v2 master FPGA_design-src/PE_Cluster/PE/SPad/Former_addr_Spad.v" Line 9. Module Former_Address_Spad doesn't have a timescale but at least one module in design has a timescale.
WARNING: [XSIM 43-4099] "C:/Users/bless/Downloads/BoooC CNN-Accelerator-Based-on-Eyeriss-v2 master FPGA_design-src/PE_Cluster/PE/SPad/Former_data_Spad.v" Line 1. Module Former_Data_Spad doesn't have a timescale but at least one module in design has a timescale.
WARNING: [XSIM 43-4099] "C:/Users/bless/Downloads/BoooC CNN-Accelerator-Based-on-Eyeriss-v2 master FPGA_design-src/PE_Cluster/PE/SPad/Former_data_Spad.v" Line 69. Module Iact_DATA_Spad_BRAM doesn't have a timescale but at least one module in design has a timescale.
WARNING: [XSIM 43-4099] "C:/Users/bless/Downloads/BoooC CNN-Accelerator-Based-on-Eyeriss-v2 master FPGA_design-src/PE_Cluster/PE/SPad/Later_addr_Spad.v" Line 10. Module Later_Address_Spad doesn't have a timescale but at least one module in design has a timescale.
WARNING: [XSIM 43-4099] "C:/Users/bless/Downloads/BoooC CNN-Accelerator-Based-on-Eyeriss-v2 master FPGA_design-src/PE_Cluster/PE/SPad/Later_data_Spad.v" Line 15. Module Later_Data_Spad doesn't have a timescale but at least one module in design has a timescale.
WARNING: [XSIM 43-4099] "C:/Users/bless/Downloads/BoooC CNN-Accelerator-Based-on-Eyeriss-v2 master FPGA_design-src/PE_Cluster/PE/SPad/Later_data_Spad.v" Line 134. Module Weight_DATA_Spad_BRAM doesn't have a timescale but at least one module in design has a timescale.
WARNING: [XSIM 43-4099] "C:/Users/bless/Downloads/BoooC CNN-Accelerator-Based-on-Eyeriss-v2 master FPGA_design-src/PE_Cluster/PE/PE_data_FIFO.v" Line 9. Module PE_data_FIFO(DATA_IN_WIDTH=8) doesn't have a timescale but at least one module in design has a timescale.
WARNING: [XSIM 43-4099] "C:/Users/bless/Downloads/BoooC CNN-Accelerator-Based-on-Eyeriss-v2 master FPGA_design-src/PE_Cluster/PE/PE_data_FIFO.v" Line 9. Module PE_data_FIFO(DATA_IN_WIDTH=13) doesn't have a timescale but at least one module in design has a timescale.
WARNING: [XSIM 43-4099] "C:/Users/bless/Downloads/BoooC CNN-Accelerator-Based-on-Eyeriss-v2 master FPGA_design-src/PE_Cluster/PE/PE_data_FIFO.v" Line 9. Module PE_data_FIFO(DATA_IN_WIDTH=7) doesn't have a timescale but at least one module in design has a timescale.
WARNING: [XSIM 43-4099] "C:/Users/bless/Downloads/BoooC CNN-Accelerator-Based-on-Eyeriss-v2 master FPGA_design-src/PE_Cluster/PE/PE_data_FIFO.v" Line 9. Module PE_data_FIFO(DATA_IN_WIDTH=12) doesn't have a timescale but at least one module in design has a timescale.
WARNING: [XSIM 43-4099] "C:/Users/bless/Downloads/BoooC CNN-Accelerator-Based-on-Eyeriss-v2 master FPGA_design-src/PE_Cluster/PE/PE_psum_FIFO.v" Line 11. Module PE_psum_FIFO doesn't have a timescale but at least one module in design has a timescale.
WARNING: [XSIM 43-4099] "C:/Users/bless/Downloads/BoooC CNN-Accelerator-Based-on-Eyeriss-v2 master FPGA_design-src/PE_Cluster/PE/PE_psum_FIFO.v" Line 11. Module PE_psum_FIFO doesn't have a timescale but at least one module in design has a timescale.
WARNING: [XSIM 43-4099] "C:/Users/bless/Downloads/BoooC CNN-Accelerator-Based-on-Eyeriss-v2 master FPGA_design-src/PE_Cluster/PE/Processing_Element.v" Line 9. Module ProcessingElement doesn't have a timescale but at least one module in design has a timescale.
WARNING: [XSIM 43-4099] "C:/Users/bless/Downloads/BoooC CNN-Accelerator-Based-on-Eyeriss-v2 master FPGA_design-src/PE_Cluster/PE/Processing_Element_Controller.v" Line 8. Module Processing_Element_Controller doesn't have a timescale but at least one module in design has a timescale.
WARNING: [XSIM 43-4099] "C:/Users/bless/Downloads/BoooC CNN-Accelerator-Based-on-Eyeriss-v2 master FPGA_design-src/PE_Cluster/PE/Processing_Element_core.v" Line 11. Module Processing_Element_core doesn't have a timescale but at least one module in design has a timescale.
WARNING: [XSIM 43-4099] "C:/Users/bless/Downloads/BoooC CNN-Accelerator-Based-on-Eyeriss-v2 master FPGA_design-src/PE_Cluster/PE/SPad/Psum_Spad.v" Line 1. Module Psum_Spad doesn't have a timescale but at least one module in design has a timescale.
WARNING: [XSIM 43-4099] "C:/Users/bless/Downloads/BoooC CNN-Accelerator-Based-on-Eyeriss-v2 master FPGA_design-src/PE_Cluster/PE/SPad/Psum_Spad.v" Line 48. Module Psum_DATA_Spad_BRAM doesn't have a timescale but at least one module in design has a timescale.
WARNING: [XSIM 43-4099] "C:/Users/bless/Downloads/BoooC CNN-Accelerator-Based-on-Eyeriss-v2 master FPGA_design-src/PE_Cluster/PE/SPad/Former_addr_Spad.v" Line 9. Module Former_Address_Spad doesn't have a timescale but at least one module in design has a timescale.
WARNING: [XSIM 43-4099] "C:/Users/bless/Downloads/BoooC CNN-Accelerator-Based-on-Eyeriss-v2 master FPGA_design-src/PE_Cluster/PE/SPad/Former_data_Spad.v" Line 1. Module Former_Data_Spad doesn't have a timescale but at least one module in design has a timescale.
WARNING: [XSIM 43-4099] "C:/Users/bless/Downloads/BoooC CNN-Accelerator-Based-on-Eyeriss-v2 master FPGA_design-src/PE_Cluster/PE/SPad/Former_data_Spad.v" Line 69. Module Iact_DATA_Spad_BRAM doesn't have a timescale but at least one module in design has a timescale.
WARNING: [XSIM 43-4099] "C:/Users/bless/Downloads/BoooC CNN-Accelerator-Based-on-Eyeriss-v2 master FPGA_design-src/PE_Cluster/PE/SPad/Later_addr_Spad.v" Line 10. Module Later_Address_Spad doesn't have a timescale but at least one module in design has a timescale.
WARNING: [XSIM 43-4099] "C:/Users/bless/Downloads/BoooC CNN-Accelerator-Based-on-Eyeriss-v2 master FPGA_design-src/PE_Cluster/PE/SPad/Later_data_Spad.v" Line 15. Module Later_Data_Spad doesn't have a timescale but at least one module in design has a timescale.
WARNING: [XSIM 43-4099] "C:/Users/bless/Downloads/BoooC CNN-Accelerator-Based-on-Eyeriss-v2 master FPGA_design-src/PE_Cluster/PE/SPad/Later_data_Spad.v" Line 134. Module Weight_DATA_Spad_BRAM doesn't have a timescale but at least one module in design has a timescale.
WARNING: [XSIM 43-4099] "C:/Users/bless/Downloads/BoooC CNN-Accelerator-Based-on-Eyeriss-v2 master FPGA_design-src/PE_Cluster/PE/PE_data_FIFO.v" Line 9. Module PE_data_FIFO(DATA_IN_WIDTH=8) doesn't have a timescale but at least one module in design has a timescale.
WARNING: [XSIM 43-4099] "C:/Users/bless/Downloads/BoooC CNN-Accelerator-Based-on-Eyeriss-v2 master FPGA_design-src/PE_Cluster/PE/PE_data_FIFO.v" Line 9. Module PE_data_FIFO(DATA_IN_WIDTH=13) doesn't have a timescale but at least one module in design has a timescale.
WARNING: [XSIM 43-4099] "C:/Users/bless/Downloads/BoooC CNN-Accelerator-Based-on-Eyeriss-v2 master FPGA_design-src/PE_Cluster/PE/PE_data_FIFO.v" Line 9. Module PE_data_FIFO(DATA_IN_WIDTH=7) doesn't have a timescale but at least one module in design has a timescale.
WARNING: [XSIM 43-4099] "C:/Users/bless/Downloads/BoooC CNN-Accelerator-Based-on-Eyeriss-v2 master FPGA_design-src/PE_Cluster/PE/PE_data_FIFO.v" Line 9. Module PE_data_FIFO(DATA_IN_WIDTH=12) doesn't have a timescale but at least one module in design has a timescale.
WARNING: [XSIM 43-4099] "C:/Users/bless/Downloads/BoooC CNN-Accelerator-Based-on-Eyeriss-v2 master FPGA_design-src/PE_Cluster/PE/PE_psum_FIFO.v" Line 11. Module PE_psum_FIFO doesn't have a timescale but at least one module in design has a timescale.
WARNING: [XSIM 43-4099] "C:/Users/bless/Downloads/BoooC CNN-Accelerator-Based-on-Eyeriss-v2 master FPGA_design-src/PE_Cluster/PE/PE_psum_FIFO.v" Line 11. Module PE_psum_FIFO doesn't have a timescale but at least one module in design has a timescale.
WARNING: [XSIM 43-4099] "C:/Users/bless/Downloads/BoooC CNN-Accelerator-Based-on-Eyeriss-v2 master FPGA_design-src/PE_Cluster/PE/Processing_Element.v" Line 9. Module ProcessingElement doesn't have a timescale but at least one module in design has a timescale.
WARNING: [XSIM 43-4099] "C:/Users/bless/Downloads/BoooC CNN-Accelerator-Based-on-Eyeriss-v2 master FPGA_design-src/PE_Cluster/PE/Processing_Element_Controller.v" Line 8. Module Processing_Element_Controller doesn't have a timescale but at least one module in design has a timescale.
WARNING: [XSIM 43-4099] "C:/Users/bless/Downloads/BoooC CNN-Accelerator-Based-on-Eyeriss-v2 master FPGA_design-src/PE_Cluster/PE/Processing_Element_core.v" Line 11. Module Processing_Element_core doesn't have a timescale but at least one module in design has a timescale.
WARNING: [XSIM 43-4099] "C:/Users/bless/Downloads/BoooC CNN-Accelerator-Based-on-Eyeriss-v2 master FPGA_design-src/PE_Cluster/PE/SPad/Psum_Spad.v" Line 1. Module Psum_Spad doesn't have a timescale but at least one module in design has a timescale.
WARNING: [XSIM 43-4099] "C:/Users/bless/Downloads/BoooC CNN-Accelerator-Based-on-Eyeriss-v2 master FPGA_design-src/PE_Cluster/PE/SPad/Psum_Spad.v" Line 48. Module Psum_DATA_Spad_BRAM doesn't have a timescale but at least one module in design has a timescale.
WARNING: [XSIM 43-4099] "C:/Users/bless/Downloads/BoooC CNN-Accelerator-Based-on-Eyeriss-v2 master FPGA_design-src/PE_Cluster/PE/SPad/Former_addr_Spad.v" Line 9. Module Former_Address_Spad doesn't have a timescale but at least one module in design has a timescale.
WARNING: [XSIM 43-4099] "C:/Users/bless/Downloads/BoooC CNN-Accelerator-Based-on-Eyeriss-v2 master FPGA_design-src/PE_Cluster/PE/SPad/Former_data_Spad.v" Line 1. Module Former_Data_Spad doesn't have a timescale but at least one module in design has a timescale.
WARNING: [XSIM 43-4099] "C:/Users/bless/Downloads/BoooC CNN-Accelerator-Based-on-Eyeriss-v2 master FPGA_design-src/PE_Cluster/PE/SPad/Former_data_Spad.v" Line 69. Module Iact_DATA_Spad_BRAM doesn't have a timescale but at least one module in design has a timescale.
WARNING: [XSIM 43-4099] "C:/Users/bless/Downloads/BoooC CNN-Accelerator-Based-on-Eyeriss-v2 master FPGA_design-src/PE_Cluster/PE/SPad/Later_addr_Spad.v" Line 10. Module Later_Address_Spad doesn't have a timescale but at least one module in design has a timescale.
WARNING: [XSIM 43-4099] "C:/Users/bless/Downloads/BoooC CNN-Accelerator-Based-on-Eyeriss-v2 master FPGA_design-src/PE_Cluster/PE/SPad/Later_data_Spad.v" Line 15. Module Later_Data_Spad doesn't have a timescale but at least one module in design has a timescale.
WARNING: [XSIM 43-4099] "C:/Users/bless/Downloads/BoooC CNN-Accelerator-Based-on-Eyeriss-v2 master FPGA_design-src/PE_Cluster/PE/SPad/Later_data_Spad.v" Line 134. Module Weight_DATA_Spad_BRAM doesn't have a timescale but at least one module in design has a timescale.
WARNING: [XSIM 43-4099] "C:/Users/bless/Downloads/BoooC CNN-Accelerator-Based-on-Eyeriss-v2 master FPGA_design-src/PE_Cluster/PE/PE_data_FIFO.v" Line 9. Module PE_data_FIFO(DATA_IN_WIDTH=8) doesn't have a timescale but at least one module in design has a timescale.
WARNING: [XSIM 43-4099] "C:/Users/bless/Downloads/BoooC CNN-Accelerator-Based-on-Eyeriss-v2 master FPGA_design-src/PE_Cluster/PE/PE_data_FIFO.v" Line 9. Module PE_data_FIFO(DATA_IN_WIDTH=13) doesn't have a timescale but at least one module in design has a timescale.
WARNING: [XSIM 43-4099] "C:/Users/bless/Downloads/BoooC CNN-Accelerator-Based-on-Eyeriss-v2 master FPGA_design-src/PE_Cluster/PE/PE_data_FIFO.v" Line 9. Module PE_data_FIFO(DATA_IN_WIDTH=7) doesn't have a timescale but at least one module in design has a timescale.
WARNING: [XSIM 43-4099] "C:/Users/bless/Downloads/BoooC CNN-Accelerator-Based-on-Eyeriss-v2 master FPGA_design-src/PE_Cluster/PE/PE_data_FIFO.v" Line 9. Module PE_data_FIFO(DATA_IN_WIDTH=12) doesn't have a timescale but at least one module in design has a timescale.
WARNING: [XSIM 43-4099] "C:/Users/bless/Downloads/BoooC CNN-Accelerator-Based-on-Eyeriss-v2 master FPGA_design-src/PE_Cluster/PE/PE_psum_FIFO.v" Line 11. Module PE_psum_FIFO doesn't have a timescale but at least one module in design has a timescale.
WARNING: [XSIM 43-4099] "C:/Users/bless/Downloads/BoooC CNN-Accelerator-Based-on-Eyeriss-v2 master FPGA_design-src/PE_Cluster/PE/PE_psum_FIFO.v" Line 11. Module PE_psum_FIFO doesn't have a timescale but at least one module in design has a timescale.
WARNING: [XSIM 43-4099] "C:/Users/bless/Downloads/BoooC CNN-Accelerator-Based-on-Eyeriss-v2 master FPGA_design-src/PE_Cluster/PE/Processing_Element.v" Line 9. Module ProcessingElement doesn't have a timescale but at least one module in design has a timescale.
WARNING: [XSIM 43-4099] "C:/Users/bless/Downloads/BoooC CNN-Accelerator-Based-on-Eyeriss-v2 master FPGA_design-src/PE_Cluster/PE/Processing_Element_Controller.v" Line 8. Module Processing_Element_Controller doesn't have a timescale but at least one module in design has a timescale.
WARNING: [XSIM 43-4099] "C:/Users/bless/Downloads/BoooC CNN-Accelerator-Based-on-Eyeriss-v2 master FPGA_design-src/PE_Cluster/PE/Processing_Element_core.v" Line 11. Module Processing_Element_core doesn't have a timescale but at least one module in design has a timescale.
WARNING: [XSIM 43-4099] "C:/Users/bless/Downloads/BoooC CNN-Accelerator-Based-on-Eyeriss-v2 master FPGA_design-src/PE_Cluster/PE/SPad/Psum_Spad.v" Line 1. Module Psum_Spad doesn't have a timescale but at least one module in design has a timescale.
WARNING: [XSIM 43-4099] "C:/Users/bless/Downloads/BoooC CNN-Accelerator-Based-on-Eyeriss-v2 master FPGA_design-src/PE_Cluster/PE/SPad/Psum_Spad.v" Line 48. Module Psum_DATA_Spad_BRAM doesn't have a timescale but at least one module in design has a timescale.
WARNING: [XSIM 43-4099] "C:/Users/bless/Downloads/BoooC CNN-Accelerator-Based-on-Eyeriss-v2 master FPGA_design-src/PE_Cluster/PE/SPad/Former_addr_Spad.v" Line 9. Module Former_Address_Spad doesn't have a timescale but at least one module in design has a timescale.
WARNING: [XSIM 43-4099] "C:/Users/bless/Downloads/BoooC CNN-Accelerator-Based-on-Eyeriss-v2 master FPGA_design-src/PE_Cluster/PE/SPad/Former_data_Spad.v" Line 1. Module Former_Data_Spad doesn't have a timescale but at least one module in design has a timescale.
WARNING: [XSIM 43-4099] "C:/Users/bless/Downloads/BoooC CNN-Accelerator-Based-on-Eyeriss-v2 master FPGA_design-src/PE_Cluster/PE/SPad/Former_data_Spad.v" Line 69. Module Iact_DATA_Spad_BRAM doesn't have a timescale but at least one module in design has a timescale.
WARNING: [XSIM 43-4099] "C:/Users/bless/Downloads/BoooC CNN-Accelerator-Based-on-Eyeriss-v2 master FPGA_design-src/PE_Cluster/PE/SPad/Later_addr_Spad.v" Line 10. Module Later_Address_Spad doesn't have a timescale but at least one module in design has a timescale.
WARNING: [XSIM 43-4099] "C:/Users/bless/Downloads/BoooC CNN-Accelerator-Based-on-Eyeriss-v2 master FPGA_design-src/PE_Cluster/PE/SPad/Later_data_Spad.v" Line 15. Module Later_Data_Spad doesn't have a timescale but at least one module in design has a timescale.
WARNING: [XSIM 43-4099] "C:/Users/bless/Downloads/BoooC CNN-Accelerator-Based-on-Eyeriss-v2 master FPGA_design-src/PE_Cluster/PE/SPad/Later_data_Spad.v" Line 134. Module Weight_DATA_Spad_BRAM doesn't have a timescale but at least one module in design has a timescale.
WARNING: [XSIM 43-4099] "C:/Users/bless/Downloads/BoooC CNN-Accelerator-Based-on-Eyeriss-v2 master FPGA_design-src/PE_Cluster/PE/PE_data_FIFO.v" Line 9. Module PE_data_FIFO(DATA_IN_WIDTH=8) doesn't have a timescale but at least one module in design has a timescale.
WARNING: [XSIM 43-4099] "C:/Users/bless/Downloads/BoooC CNN-Accelerator-Based-on-Eyeriss-v2 master FPGA_design-src/PE_Cluster/PE/PE_data_FIFO.v" Line 9. Module PE_data_FIFO(DATA_IN_WIDTH=13) doesn't have a timescale but at least one module in design has a timescale.
WARNING: [XSIM 43-4099] "C:/Users/bless/Downloads/BoooC CNN-Accelerator-Based-on-Eyeriss-v2 master FPGA_design-src/PE_Cluster/PE/PE_data_FIFO.v" Line 9. Module PE_data_FIFO(DATA_IN_WIDTH=7) doesn't have a timescale but at least one module in design has a timescale.
WARNING: [XSIM 43-4099] "C:/Users/bless/Downloads/BoooC CNN-Accelerator-Based-on-Eyeriss-v2 master FPGA_design-src/PE_Cluster/PE/PE_data_FIFO.v" Line 9. Module PE_data_FIFO(DATA_IN_WIDTH=12) doesn't have a timescale but at least one module in design has a timescale.
WARNING: [XSIM 43-4099] "C:/Users/bless/Downloads/BoooC CNN-Accelerator-Based-on-Eyeriss-v2 master FPGA_design-src/PE_Cluster/PE/PE_psum_FIFO.v" Line 11. Module PE_psum_FIFO doesn't have a timescale but at least one module in design has a timescale.
WARNING: [XSIM 43-4099] "C:/Users/bless/Downloads/BoooC CNN-Accelerator-Based-on-Eyeriss-v2 master FPGA_design-src/PE_Cluster/PE/PE_psum_FIFO.v" Line 11. Module PE_psum_FIFO doesn't have a timescale but at least one module in design has a timescale.
WARNING: [XSIM 43-4099] "C:/Users/bless/Downloads/BoooC CNN-Accelerator-Based-on-Eyeriss-v2 master FPGA_design-src/PE_Cluster/PE/Processing_Element.v" Line 9. Module ProcessingElement doesn't have a timescale but at least one module in design has a timescale.
WARNING: [XSIM 43-4099] "C:/Users/bless/Downloads/BoooC CNN-Accelerator-Based-on-Eyeriss-v2 master FPGA_design-src/PE_Cluster/PE/Processing_Element_Controller.v" Line 8. Module Processing_Element_Controller doesn't have a timescale but at least one module in design has a timescale.
WARNING: [XSIM 43-4099] "C:/Users/bless/Downloads/BoooC CNN-Accelerator-Based-on-Eyeriss-v2 master FPGA_design-src/PE_Cluster/PE/Processing_Element_core.v" Line 11. Module Processing_Element_core doesn't have a timescale but at least one module in design has a timescale.
WARNING: [XSIM 43-4099] "C:/Users/bless/Downloads/BoooC CNN-Accelerator-Based-on-Eyeriss-v2 master FPGA_design-src/PE_Cluster/PE/SPad/Psum_Spad.v" Line 1. Module Psum_Spad doesn't have a timescale but at least one module in design has a timescale.
WARNING: [XSIM 43-4099] "C:/Users/bless/Downloads/BoooC CNN-Accelerator-Based-on-Eyeriss-v2 master FPGA_design-src/PE_Cluster/PE/SPad/Psum_Spad.v" Line 48. Module Psum_DATA_Spad_BRAM doesn't have a timescale but at least one module in design has a timescale.
WARNING: [XSIM 43-4099] "C:/Users/bless/Downloads/BoooC CNN-Accelerator-Based-on-Eyeriss-v2 master FPGA_design-src/PE_Cluster/PE/SPad/Former_addr_Spad.v" Line 9. Module Former_Address_Spad doesn't have a timescale but at least one module in design has a timescale.
WARNING: [XSIM 43-4099] "C:/Users/bless/Downloads/BoooC CNN-Accelerator-Based-on-Eyeriss-v2 master FPGA_design-src/PE_Cluster/PE/SPad/Former_data_Spad.v" Line 1. Module Former_Data_Spad doesn't have a timescale but at least one module in design has a timescale.
WARNING: [XSIM 43-4099] "C:/Users/bless/Downloads/BoooC CNN-Accelerator-Based-on-Eyeriss-v2 master FPGA_design-src/PE_Cluster/PE/SPad/Former_data_Spad.v" Line 69. Module Iact_DATA_Spad_BRAM doesn't have a timescale but at least one module in design has a timescale.
WARNING: [XSIM 43-4099] "C:/Users/bless/Downloads/BoooC CNN-Accelerator-Based-on-Eyeriss-v2 master FPGA_design-src/PE_Cluster/PE/SPad/Later_addr_Spad.v" Line 10. Module Later_Address_Spad doesn't have a timescale but at least one module in design has a timescale.
WARNING: [XSIM 43-4099] "C:/Users/bless/Downloads/BoooC CNN-Accelerator-Based-on-Eyeriss-v2 master FPGA_design-src/PE_Cluster/PE/SPad/Later_data_Spad.v" Line 15. Module Later_Data_Spad doesn't have a timescale but at least one module in design has a timescale.
WARNING: [XSIM 43-4099] "C:/Users/bless/Downloads/BoooC CNN-Accelerator-Based-on-Eyeriss-v2 master FPGA_design-src/PE_Cluster/PE/SPad/Later_data_Spad.v" Line 134. Module Weight_DATA_Spad_BRAM doesn't have a timescale but at least one module in design has a timescale.
WARNING: [XSIM 43-4099] "C:/Users/bless/Downloads/BoooC CNN-Accelerator-Based-on-Eyeriss-v2 master FPGA_design-src/PE_Cluster/PE/PE_data_FIFO.v" Line 9. Module PE_data_FIFO(DATA_IN_WIDTH=8) doesn't have a timescale but at least one module in design has a timescale.
WARNING: [XSIM 43-4099] "C:/Users/bless/Downloads/BoooC CNN-Accelerator-Based-on-Eyeriss-v2 master FPGA_design-src/PE_Cluster/PE/PE_data_FIFO.v" Line 9. Module PE_data_FIFO(DATA_IN_WIDTH=13) doesn't have a timescale but at least one module in design has a timescale.
WARNING: [XSIM 43-4099] "C:/Users/bless/Downloads/BoooC CNN-Accelerator-Based-on-Eyeriss-v2 master FPGA_design-src/PE_Cluster/PE/PE_data_FIFO.v" Line 9. Module PE_data_FIFO(DATA_IN_WIDTH=7) doesn't have a timescale but at least one module in design has a timescale.
WARNING: [XSIM 43-4099] "C:/Users/bless/Downloads/BoooC CNN-Accelerator-Based-on-Eyeriss-v2 master FPGA_design-src/PE_Cluster/PE/PE_data_FIFO.v" Line 9. Module PE_data_FIFO(DATA_IN_WIDTH=12) doesn't have a timescale but at least one module in design has a timescale.
WARNING: [XSIM 43-4099] "C:/Users/bless/Downloads/BoooC CNN-Accelerator-Based-on-Eyeriss-v2 master FPGA_design-src/PE_Cluster/PE/PE_psum_FIFO.v" Line 11. Module PE_psum_FIFO doesn't have a timescale but at least one module in design has a timescale.
WARNING: [XSIM 43-4099] "C:/Users/bless/Downloads/BoooC CNN-Accelerator-Based-on-Eyeriss-v2 master FPGA_design-src/PE_Cluster/PE/PE_psum_FIFO.v" Line 11. Module PE_psum_FIFO doesn't have a timescale but at least one module in design has a timescale.
WARNING: [XSIM 43-4099] "C:/Users/bless/Downloads/BoooC CNN-Accelerator-Based-on-Eyeriss-v2 master FPGA_design-src/PE_Cluster/PE/Processing_Element.v" Line 9. Module ProcessingElement doesn't have a timescale but at least one module in design has a timescale.
WARNING: [XSIM 43-4099] "C:/Users/bless/Downloads/BoooC CNN-Accelerator-Based-on-Eyeriss-v2 master FPGA_design-src/PE_Cluster/PE/Processing_Element_Controller.v" Line 8. Module Processing_Element_Controller doesn't have a timescale but at least one module in design has a timescale.
WARNING: [XSIM 43-4099] "C:/Users/bless/Downloads/BoooC CNN-Accelerator-Based-on-Eyeriss-v2 master FPGA_design-src/PE_Cluster/PE/Processing_Element_core.v" Line 11. Module Processing_Element_core doesn't have a timescale but at least one module in design has a timescale.
WARNING: [XSIM 43-4099] "C:/Users/bless/Downloads/BoooC CNN-Accelerator-Based-on-Eyeriss-v2 master FPGA_design-src/PE_Cluster/PE/SPad/Psum_Spad.v" Line 1. Module Psum_Spad doesn't have a timescale but at least one module in design has a timescale.
WARNING: [XSIM 43-4099] "C:/Users/bless/Downloads/BoooC CNN-Accelerator-Based-on-Eyeriss-v2 master FPGA_design-src/PE_Cluster/PE/SPad/Psum_Spad.v" Line 48. Module Psum_DATA_Spad_BRAM doesn't have a timescale but at least one module in design has a timescale.
WARNING: [XSIM 43-4099] "C:/Users/bless/Downloads/BoooC CNN-Accelerator-Based-on-Eyeriss-v2 master FPGA_design-src/PE_Cluster/PE/SPad/Former_addr_Spad.v" Line 9. Module Former_Address_Spad doesn't have a timescale but at least one module in design has a timescale.
WARNING: [XSIM 43-4099] "C:/Users/bless/Downloads/BoooC CNN-Accelerator-Based-on-Eyeriss-v2 master FPGA_design-src/PE_Cluster/PE/SPad/Former_data_Spad.v" Line 1. Module Former_Data_Spad doesn't have a timescale but at least one module in design has a timescale.
WARNING: [XSIM 43-4099] "C:/Users/bless/Downloads/BoooC CNN-Accelerator-Based-on-Eyeriss-v2 master FPGA_design-src/PE_Cluster/PE/SPad/Former_data_Spad.v" Line 69. Module Iact_DATA_Spad_BRAM doesn't have a timescale but at least one module in design has a timescale.
WARNING: [XSIM 43-4099] "C:/Users/bless/Downloads/BoooC CNN-Accelerator-Based-on-Eyeriss-v2 master FPGA_design-src/PE_Cluster/PE/SPad/Later_addr_Spad.v" Line 10. Module Later_Address_Spad doesn't have a timescale but at least one module in design has a timescale.
WARNING: [XSIM 43-4099] "C:/Users/bless/Downloads/BoooC CNN-Accelerator-Based-on-Eyeriss-v2 master FPGA_design-src/PE_Cluster/PE/SPad/Later_data_Spad.v" Line 15. Module Later_Data_Spad doesn't have a timescale but at least one module in design has a timescale.
WARNING: [XSIM 43-4099] "C:/Users/bless/Downloads/BoooC CNN-Accelerator-Based-on-Eyeriss-v2 master FPGA_design-src/PE_Cluster/PE/SPad/Later_data_Spad.v" Line 134. Module Weight_DATA_Spad_BRAM doesn't have a timescale but at least one module in design has a timescale.
WARNING: [XSIM 43-4099] "C:/Users/bless/Downloads/BoooC CNN-Accelerator-Based-on-Eyeriss-v2 master FPGA_design-src/PE_Cluster/PE/PE_data_FIFO.v" Line 9. Module PE_data_FIFO(DATA_IN_WIDTH=8) doesn't have a timescale but at least one module in design has a timescale.
WARNING: [XSIM 43-4099] "C:/Users/bless/Downloads/BoooC CNN-Accelerator-Based-on-Eyeriss-v2 master FPGA_design-src/PE_Cluster/PE/PE_data_FIFO.v" Line 9. Module PE_data_FIFO(DATA_IN_WIDTH=13) doesn't have a timescale but at least one module in design has a timescale.
WARNING: [XSIM 43-4099] "C:/Users/bless/Downloads/BoooC CNN-Accelerator-Based-on-Eyeriss-v2 master FPGA_design-src/PE_Cluster/PE/PE_data_FIFO.v" Line 9. Module PE_data_FIFO(DATA_IN_WIDTH=7) doesn't have a timescale but at least one module in design has a timescale.
WARNING: [XSIM 43-4099] "C:/Users/bless/Downloads/BoooC CNN-Accelerator-Based-on-Eyeriss-v2 master FPGA_design-src/PE_Cluster/PE/PE_data_FIFO.v" Line 9. Module PE_data_FIFO(DATA_IN_WIDTH=12) doesn't have a timescale but at least one module in design has a timescale.
WARNING: [XSIM 43-4099] "C:/Users/bless/Downloads/BoooC CNN-Accelerator-Based-on-Eyeriss-v2 master FPGA_design-src/PE_Cluster/PE/PE_psum_FIFO.v" Line 11. Module PE_psum_FIFO doesn't have a timescale but at least one module in design has a timescale.
WARNING: [XSIM 43-4099] "C:/Users/bless/Downloads/BoooC CNN-Accelerator-Based-on-Eyeriss-v2 master FPGA_design-src/PE_Cluster/PE/PE_psum_FIFO.v" Line 11. Module PE_psum_FIFO doesn't have a timescale but at least one module in design has a timescale.
WARNING: [XSIM 43-4099] "C:/Users/bless/Downloads/BoooC CNN-Accelerator-Based-on-Eyeriss-v2 master FPGA_design-src/PE_Cluster/PE_Cluster_controller.v" Line 9. Module PE_Cluster_controller doesn't have a timescale but at least one module in design has a timescale.
WARNING: [XSIM 43-4099] "C:/Users/bless/Downloads/BoooC CNN-Accelerator-Based-on-Eyeriss-v2 master FPGA_design-src/PE_Cluster/PE_Cluster_Data_Connections.v" Line 10. Module PE_Cluster_Connection doesn't have a timescale but at least one module in design has a timescale.
WARNING: [XSIM 43-4099] "C:/Users/bless/Downloads/BoooC CNN-Accelerator-Based-on-Eyeriss-v2 master FPGA_design-src/GLB_Cluster/GLB_Cluster.v" Line 14. Module GLB_Cluster doesn't have a timescale but at least one module in design has a timescale.
WARNING: [XSIM 43-4099] "C:/Users/bless/Downloads/BoooC CNN-Accelerator-Based-on-Eyeriss-v2 master FPGA_design-src/GLB_Cluster/Iact_SRAM_Bank.v" Line 9. Module Iact_SRAM_Bank doesn't have a timescale but at least one module in design has a timescale.
WARNING: [XSIM 43-4099] "C:/Users/bless/Downloads/BoooC CNN-Accelerator-Based-on-Eyeriss-v2 master FPGA_design-src/GLB_Cluster/Iact_addr_SRAM.v" Line 12. Module iact_addr_SRAM doesn't have a timescale but at least one module in design has a timescale.
WARNING: [XSIM 43-4099] "C:/Users/bless/Downloads/BoooC CNN-Accelerator-Based-on-Eyeriss-v2 master FPGA_design-src/GLB_Cluster/Iact_addr_SRAM.v" Line 218. Module Iact_Addr_SRAM_BRAM doesn't have a timescale but at least one module in design has a timescale.
WARNING: [XSIM 43-4099] "C:/Users/bless/Downloads/BoooC CNN-Accelerator-Based-on-Eyeriss-v2 master FPGA_design-src/GLB_Cluster/Iact_data_SRAM.v" Line 1. Module lact_data_SRAM doesn't have a timescale but at least one module in design has a timescale.
WARNING: [XSIM 43-4099] "C:/Users/bless/Downloads/BoooC CNN-Accelerator-Based-on-Eyeriss-v2 master FPGA_design-src/PE_Cluster/PE/SPad/Psum_Spad.v" Line 129. Module Iact_Data_SRAM_BRAM doesn't have a timescale but at least one module in design has a timescale.
WARNING: [XSIM 43-4099] "C:/Users/bless/Downloads/BoooC CNN-Accelerator-Based-on-Eyeriss-v2 master FPGA_design-src/GLB_Cluster/Iact_SRAM_Bank.v" Line 9. Module Iact_SRAM_Bank doesn't have a timescale but at least one module in design has a timescale.
WARNING: [XSIM 43-4099] "C:/Users/bless/Downloads/BoooC CNN-Accelerator-Based-on-Eyeriss-v2 master FPGA_design-src/GLB_Cluster/Iact_addr_SRAM.v" Line 12. Module iact_addr_SRAM doesn't have a timescale but at least one module in design has a timescale.
WARNING: [XSIM 43-4099] "C:/Users/bless/Downloads/BoooC CNN-Accelerator-Based-on-Eyeriss-v2 master FPGA_design-src/GLB_Cluster/Iact_addr_SRAM.v" Line 218. Module Iact_Addr_SRAM_BRAM doesn't have a timescale but at least one module in design has a timescale.
WARNING: [XSIM 43-4099] "C:/Users/bless/Downloads/BoooC CNN-Accelerator-Based-on-Eyeriss-v2 master FPGA_design-src/GLB_Cluster/Iact_data_SRAM.v" Line 1. Module lact_data_SRAM doesn't have a timescale but at least one module in design has a timescale.
WARNING: [XSIM 43-4099] "C:/Users/bless/Downloads/BoooC CNN-Accelerator-Based-on-Eyeriss-v2 master FPGA_design-src/PE_Cluster/PE/SPad/Psum_Spad.v" Line 129. Module Iact_Data_SRAM_BRAM doesn't have a timescale but at least one module in design has a timescale.
WARNING: [XSIM 43-4099] "C:/Users/bless/Downloads/BoooC CNN-Accelerator-Based-on-Eyeriss-v2 master FPGA_design-src/GLB_Cluster/Iact_SRAM_Bank.v" Line 9. Module Iact_SRAM_Bank doesn't have a timescale but at least one module in design has a timescale.
WARNING: [XSIM 43-4099] "C:/Users/bless/Downloads/BoooC CNN-Accelerator-Based-on-Eyeriss-v2 master FPGA_design-src/GLB_Cluster/Iact_addr_SRAM.v" Line 12. Module iact_addr_SRAM doesn't have a timescale but at least one module in design has a timescale.
WARNING: [XSIM 43-4099] "C:/Users/bless/Downloads/BoooC CNN-Accelerator-Based-on-Eyeriss-v2 master FPGA_design-src/GLB_Cluster/Iact_addr_SRAM.v" Line 218. Module Iact_Addr_SRAM_BRAM doesn't have a timescale but at least one module in design has a timescale.
WARNING: [XSIM 43-4099] "C:/Users/bless/Downloads/BoooC CNN-Accelerator-Based-on-Eyeriss-v2 master FPGA_design-src/GLB_Cluster/Iact_data_SRAM.v" Line 1. Module lact_data_SRAM doesn't have a timescale but at least one module in design has a timescale.
WARNING: [XSIM 43-4099] "C:/Users/bless/Downloads/BoooC CNN-Accelerator-Based-on-Eyeriss-v2 master FPGA_design-src/PE_Cluster/PE/SPad/Psum_Spad.v" Line 129. Module Iact_Data_SRAM_BRAM doesn't have a timescale but at least one module in design has a timescale.
WARNING: [XSIM 43-4099] "C:/Users/bless/Downloads/BoooC CNN-Accelerator-Based-on-Eyeriss-v2 master FPGA_design-src/GLB_Cluster/Iact_SRAM_Bank.v" Line 9. Module Iact_SRAM_Bank doesn't have a timescale but at least one module in design has a timescale.
WARNING: [XSIM 43-4099] "C:/Users/bless/Downloads/BoooC CNN-Accelerator-Based-on-Eyeriss-v2 master FPGA_design-src/GLB_Cluster/Iact_addr_SRAM.v" Line 12. Module iact_addr_SRAM doesn't have a timescale but at least one module in design has a timescale.
WARNING: [XSIM 43-4099] "C:/Users/bless/Downloads/BoooC CNN-Accelerator-Based-on-Eyeriss-v2 master FPGA_design-src/GLB_Cluster/Iact_addr_SRAM.v" Line 218. Module Iact_Addr_SRAM_BRAM doesn't have a timescale but at least one module in design has a timescale.
WARNING: [XSIM 43-4099] "C:/Users/bless/Downloads/BoooC CNN-Accelerator-Based-on-Eyeriss-v2 master FPGA_design-src/GLB_Cluster/Iact_data_SRAM.v" Line 1. Module lact_data_SRAM doesn't have a timescale but at least one module in design has a timescale.
WARNING: [XSIM 43-4099] "C:/Users/bless/Downloads/BoooC CNN-Accelerator-Based-on-Eyeriss-v2 master FPGA_design-src/PE_Cluster/PE/SPad/Psum_Spad.v" Line 129. Module Iact_Data_SRAM_BRAM doesn't have a timescale but at least one module in design has a timescale.
WARNING: [XSIM 43-4099] "C:/Users/bless/Downloads/BoooC CNN-Accelerator-Based-on-Eyeriss-v2 master FPGA_design-src/GLB_Cluster/Iact_SRAM_Bank.v" Line 9. Module Iact_SRAM_Bank doesn't have a timescale but at least one module in design has a timescale.
WARNING: [XSIM 43-4099] "C:/Users/bless/Downloads/BoooC CNN-Accelerator-Based-on-Eyeriss-v2 master FPGA_design-src/GLB_Cluster/Iact_addr_SRAM.v" Line 12. Module iact_addr_SRAM doesn't have a timescale but at least one module in design has a timescale.
WARNING: [XSIM 43-4099] "C:/Users/bless/Downloads/BoooC CNN-Accelerator-Based-on-Eyeriss-v2 master FPGA_design-src/GLB_Cluster/Iact_addr_SRAM.v" Line 218. Module Iact_Addr_SRAM_BRAM doesn't have a timescale but at least one module in design has a timescale.
WARNING: [XSIM 43-4099] "C:/Users/bless/Downloads/BoooC CNN-Accelerator-Based-on-Eyeriss-v2 master FPGA_design-src/GLB_Cluster/Iact_data_SRAM.v" Line 1. Module lact_data_SRAM doesn't have a timescale but at least one module in design has a timescale.
WARNING: [XSIM 43-4099] "C:/Users/bless/Downloads/BoooC CNN-Accelerator-Based-on-Eyeriss-v2 master FPGA_design-src/PE_Cluster/PE/SPad/Psum_Spad.v" Line 129. Module Iact_Data_SRAM_BRAM doesn't have a timescale but at least one module in design has a timescale.
WARNING: [XSIM 43-4099] "C:/Users/bless/Downloads/BoooC CNN-Accelerator-Based-on-Eyeriss-v2 master FPGA_design-src/GLB_Cluster/Iact_SRAM_Bank.v" Line 9. Module Iact_SRAM_Bank doesn't have a timescale but at least one module in design has a timescale.
WARNING: [XSIM 43-4099] "C:/Users/bless/Downloads/BoooC CNN-Accelerator-Based-on-Eyeriss-v2 master FPGA_design-src/GLB_Cluster/Iact_addr_SRAM.v" Line 12. Module iact_addr_SRAM doesn't have a timescale but at least one module in design has a timescale.
WARNING: [XSIM 43-4099] "C:/Users/bless/Downloads/BoooC CNN-Accelerator-Based-on-Eyeriss-v2 master FPGA_design-src/GLB_Cluster/Iact_addr_SRAM.v" Line 218. Module Iact_Addr_SRAM_BRAM doesn't have a timescale but at least one module in design has a timescale.
WARNING: [XSIM 43-4099] "C:/Users/bless/Downloads/BoooC CNN-Accelerator-Based-on-Eyeriss-v2 master FPGA_design-src/GLB_Cluster/Iact_data_SRAM.v" Line 1. Module lact_data_SRAM doesn't have a timescale but at least one module in design has a timescale.
WARNING: [XSIM 43-4099] "C:/Users/bless/Downloads/BoooC CNN-Accelerator-Based-on-Eyeriss-v2 master FPGA_design-src/PE_Cluster/PE/SPad/Psum_Spad.v" Line 129. Module Iact_Data_SRAM_BRAM doesn't have a timescale but at least one module in design has a timescale.
WARNING: [XSIM 43-4099] "C:/Users/bless/Downloads/BoooC CNN-Accelerator-Based-on-Eyeriss-v2 master FPGA_design-src/GLB_Cluster/Iact_SRAM_Bank.v" Line 9. Module Iact_SRAM_Bank doesn't have a timescale but at least one module in design has a timescale.
WARNING: [XSIM 43-4099] "C:/Users/bless/Downloads/BoooC CNN-Accelerator-Based-on-Eyeriss-v2 master FPGA_design-src/GLB_Cluster/Iact_addr_SRAM.v" Line 12. Module iact_addr_SRAM doesn't have a timescale but at least one module in design has a timescale.
WARNING: [XSIM 43-4099] "C:/Users/bless/Downloads/BoooC CNN-Accelerator-Based-on-Eyeriss-v2 master FPGA_design-src/GLB_Cluster/Iact_addr_SRAM.v" Line 218. Module Iact_Addr_SRAM_BRAM doesn't have a timescale but at least one module in design has a timescale.
WARNING: [XSIM 43-4099] "C:/Users/bless/Downloads/BoooC CNN-Accelerator-Based-on-Eyeriss-v2 master FPGA_design-src/GLB_Cluster/Iact_data_SRAM.v" Line 1. Module lact_data_SRAM doesn't have a timescale but at least one module in design has a timescale.
WARNING: [XSIM 43-4099] "C:/Users/bless/Downloads/BoooC CNN-Accelerator-Based-on-Eyeriss-v2 master FPGA_design-src/PE_Cluster/PE/SPad/Psum_Spad.v" Line 129. Module Iact_Data_SRAM_BRAM doesn't have a timescale but at least one module in design has a timescale.
WARNING: [XSIM 43-4099] "C:/Users/bless/Downloads/BoooC CNN-Accelerator-Based-on-Eyeriss-v2 master FPGA_design-src/GLB_Cluster/Iact_SRAM_Bank.v" Line 9. Module Iact_SRAM_Bank doesn't have a timescale but at least one module in design has a timescale.
WARNING: [XSIM 43-4099] "C:/Users/bless/Downloads/BoooC CNN-Accelerator-Based-on-Eyeriss-v2 master FPGA_design-src/GLB_Cluster/Iact_addr_SRAM.v" Line 12. Module iact_addr_SRAM doesn't have a timescale but at least one module in design has a timescale.
WARNING: [XSIM 43-4099] "C:/Users/bless/Downloads/BoooC CNN-Accelerator-Based-on-Eyeriss-v2 master FPGA_design-src/GLB_Cluster/Iact_addr_SRAM.v" Line 218. Module Iact_Addr_SRAM_BRAM doesn't have a timescale but at least one module in design has a timescale.
WARNING: [XSIM 43-4099] "C:/Users/bless/Downloads/BoooC CNN-Accelerator-Based-on-Eyeriss-v2 master FPGA_design-src/GLB_Cluster/Iact_data_SRAM.v" Line 1. Module lact_data_SRAM doesn't have a timescale but at least one module in design has a timescale.
WARNING: [XSIM 43-4099] "C:/Users/bless/Downloads/BoooC CNN-Accelerator-Based-on-Eyeriss-v2 master FPGA_design-src/PE_Cluster/PE/SPad/Psum_Spad.v" Line 129. Module Iact_Data_SRAM_BRAM doesn't have a timescale but at least one module in design has a timescale.
WARNING: [XSIM 43-4099] "C:/Users/bless/Downloads/BoooC CNN-Accelerator-Based-on-Eyeriss-v2 master FPGA_design-src/GLB_Cluster/Iact_SRAM_Bank.v" Line 9. Module Iact_SRAM_Bank doesn't have a timescale but at least one module in design has a timescale.
WARNING: [XSIM 43-4099] "C:/Users/bless/Downloads/BoooC CNN-Accelerator-Based-on-Eyeriss-v2 master FPGA_design-src/GLB_Cluster/Iact_addr_SRAM.v" Line 12. Module iact_addr_SRAM doesn't have a timescale but at least one module in design has a timescale.
WARNING: [XSIM 43-4099] "C:/Users/bless/Downloads/BoooC CNN-Accelerator-Based-on-Eyeriss-v2 master FPGA_design-src/GLB_Cluster/Iact_addr_SRAM.v" Line 218. Module Iact_Addr_SRAM_BRAM doesn't have a timescale but at least one module in design has a timescale.
WARNING: [XSIM 43-4099] "C:/Users/bless/Downloads/BoooC CNN-Accelerator-Based-on-Eyeriss-v2 master FPGA_design-src/GLB_Cluster/Iact_data_SRAM.v" Line 1. Module lact_data_SRAM doesn't have a timescale but at least one module in design has a timescale.
WARNING: [XSIM 43-4099] "C:/Users/bless/Downloads/BoooC CNN-Accelerator-Based-on-Eyeriss-v2 master FPGA_design-src/PE_Cluster/PE/SPad/Psum_Spad.v" Line 129. Module Iact_Data_SRAM_BRAM doesn't have a timescale but at least one module in design has a timescale.
WARNING: [XSIM 43-4099] "C:/Users/bless/Downloads/BoooC CNN-Accelerator-Based-on-Eyeriss-v2 master FPGA_design-src/GLB_Cluster/Psum_SRAM_Bank.v" Line 1. Module Psum_SRAM_Bank doesn't have a timescale but at least one module in design has a timescale.
WARNING: [XSIM 43-4099] "C:/Users/bless/Downloads/BoooC CNN-Accelerator-Based-on-Eyeriss-v2 master FPGA_design-src/GLB_Cluster/Psum_SRAM_Bank.v" Line 73. Module Psum_Data_SRAM_BRAM doesn't have a timescale but at least one module in design has a timescale.
WARNING: [XSIM 43-4099] "C:/Users/bless/Downloads/BoooC CNN-Accelerator-Based-on-Eyeriss-v2 master FPGA_design-src/GLB_Cluster/Psum_SRAM_Bank.v" Line 1. Module Psum_SRAM_Bank doesn't have a timescale but at least one module in design has a timescale.
WARNING: [XSIM 43-4099] "C:/Users/bless/Downloads/BoooC CNN-Accelerator-Based-on-Eyeriss-v2 master FPGA_design-src/GLB_Cluster/Psum_SRAM_Bank.v" Line 73. Module Psum_Data_SRAM_BRAM doesn't have a timescale but at least one module in design has a timescale.
WARNING: [XSIM 43-4099] "C:/Users/bless/Downloads/BoooC CNN-Accelerator-Based-on-Eyeriss-v2 master FPGA_design-src/GLB_Cluster/Psum_SRAM_Bank.v" Line 1. Module Psum_SRAM_Bank doesn't have a timescale but at least one module in design has a timescale.
WARNING: [XSIM 43-4099] "C:/Users/bless/Downloads/BoooC CNN-Accelerator-Based-on-Eyeriss-v2 master FPGA_design-src/GLB_Cluster/Psum_SRAM_Bank.v" Line 73. Module Psum_Data_SRAM_BRAM doesn't have a timescale but at least one module in design has a timescale.
WARNING: [XSIM 43-4099] "C:/Users/bless/Downloads/BoooC CNN-Accelerator-Based-on-Eyeriss-v2 master FPGA_design-src/Router_Cluster/Router_Cluster.v" Line 14. Module Router_Cluster doesn't have a timescale but at least one module in design has a timescale.
WARNING: [XSIM 43-4099] "C:/Users/bless/Downloads/BoooC CNN-Accelerator-Based-on-Eyeriss-v2 master FPGA_design-src/Router_Cluster/Iact_Router.v" Line 22. Module Iact_Router doesn't have a timescale but at least one module in design has a timescale.
WARNING: [XSIM 43-4099] "C:/Users/bless/Downloads/BoooC CNN-Accelerator-Based-on-Eyeriss-v2 master FPGA_design-src/Router_Cluster/Iact_Router.v" Line 22. Module Iact_Router doesn't have a timescale but at least one module in design has a timescale.
WARNING: [XSIM 43-4099] "C:/Users/bless/Downloads/BoooC CNN-Accelerator-Based-on-Eyeriss-v2 master FPGA_design-src/Router_Cluster/Iact_Router.v" Line 22. Module Iact_Router doesn't have a timescale but at least one module in design has a timescale.
WARNING: [XSIM 43-4099] "C:/Users/bless/Downloads/BoooC CNN-Accelerator-Based-on-Eyeriss-v2 master FPGA_design-src/Router_Cluster/Iact_Router.v" Line 22. Module Iact_Router doesn't have a timescale but at least one module in design has a timescale.
WARNING: [XSIM 43-4099] "C:/Users/bless/Downloads/BoooC CNN-Accelerator-Based-on-Eyeriss-v2 master FPGA_design-src/Router_Cluster/Iact_Router.v" Line 22. Module Iact_Router doesn't have a timescale but at least one module in design has a timescale.
WARNING: [XSIM 43-4099] "C:/Users/bless/Downloads/BoooC CNN-Accelerator-Based-on-Eyeriss-v2 master FPGA_design-src/Router_Cluster/Iact_Router.v" Line 22. Module Iact_Router doesn't have a timescale but at least one module in design has a timescale.
WARNING: [XSIM 43-4099] "C:/Users/bless/Downloads/BoooC CNN-Accelerator-Based-on-Eyeriss-v2 master FPGA_design-src/Router_Cluster/Iact_Router.v" Line 22. Module Iact_Router doesn't have a timescale but at least one module in design has a timescale.
WARNING: [XSIM 43-4099] "C:/Users/bless/Downloads/BoooC CNN-Accelerator-Based-on-Eyeriss-v2 master FPGA_design-src/Router_Cluster/Iact_Router.v" Line 22. Module Iact_Router doesn't have a timescale but at least one module in design has a timescale.
WARNING: [XSIM 43-4099] "C:/Users/bless/Downloads/BoooC CNN-Accelerator-Based-on-Eyeriss-v2 master FPGA_design-src/Router_Cluster/Iact_Router.v" Line 22. Module Iact_Router doesn't have a timescale but at least one module in design has a timescale.
WARNING: [XSIM 43-4099] "C:/Users/bless/Downloads/BoooC CNN-Accelerator-Based-on-Eyeriss-v2 master FPGA_design-src/Router_Cluster/Weight_Router.v" Line 22. Module Weight_Router doesn't have a timescale but at least one module in design has a timescale.
WARNING: [XSIM 43-4099] "C:/Users/bless/Downloads/BoooC CNN-Accelerator-Based-on-Eyeriss-v2 master FPGA_design-src/Router_Cluster/Weight_Router.v" Line 22. Module Weight_Router doesn't have a timescale but at least one module in design has a timescale.
WARNING: [XSIM 43-4099] "C:/Users/bless/Downloads/BoooC CNN-Accelerator-Based-on-Eyeriss-v2 master FPGA_design-src/Router_Cluster/Weight_Router.v" Line 22. Module Weight_Router doesn't have a timescale but at least one module in design has a timescale.
WARNING: [XSIM 43-4099] "C:/Users/bless/Downloads/BoooC CNN-Accelerator-Based-on-Eyeriss-v2 master FPGA_design-src/Router_Cluster/Psum_Router.v" Line 22. Module Psum_Router doesn't have a timescale but at least one module in design has a timescale.
WARNING: [XSIM 43-4099] "C:/Users/bless/Downloads/BoooC CNN-Accelerator-Based-on-Eyeriss-v2 master FPGA_design-src/Router_Cluster/Psum_Router.v" Line 22. Module Psum_Router doesn't have a timescale but at least one module in design has a timescale.
WARNING: [XSIM 43-4099] "C:/Users/bless/Downloads/BoooC CNN-Accelerator-Based-on-Eyeriss-v2 master FPGA_design-src/Router_Cluster/Psum_Router.v" Line 22. Module Psum_Router doesn't have a timescale but at least one module in design has a timescale.
WARNING: [XSIM 43-4099] "C:/Users/bless/Downloads/BoooC CNN-Accelerator-Based-on-Eyeriss-v2 master FPGA_design-src/Cluster_Group/Cluster_Group_Controller.v" Line 15. Module Cluster_Group_Controller doesn't have a timescale but at least one module in design has a timescale.
WARNING: [XSIM 43-4099] "C:/Users/bless/Downloads/BoooC CNN-Accelerator-Based-on-Eyeriss-v2 master FPGA_design-src/Cluster_Group/Cluster_Group.v" Line 13. Module ClusterGroup doesn't have a timescale but at least one module in design has a timescale.
WARNING: [XSIM 43-4099] "C:/Users/bless/Downloads/BoooC CNN-Accelerator-Based-on-Eyeriss-v2 master FPGA_design-src/PE_Cluster/PE_Cluster.v" Line 11. Module PE_Cluster doesn't have a timescale but at least one module in design has a timescale.
WARNING: [XSIM 43-4099] "C:/Users/bless/Downloads/BoooC CNN-Accelerator-Based-on-Eyeriss-v2 master FPGA_design-src/PE_Cluster/PE/Processing_Element.v" Line 9. Module ProcessingElement doesn't have a timescale but at least one module in design has a timescale.
WARNING: [XSIM 43-4099] "C:/Users/bless/Downloads/BoooC CNN-Accelerator-Based-on-Eyeriss-v2 master FPGA_design-src/PE_Cluster/PE/Processing_Element_Controller.v" Line 8. Module Processing_Element_Controller doesn't have a timescale but at least one module in design has a timescale.
WARNING: [XSIM 43-4099] "C:/Users/bless/Downloads/BoooC CNN-Accelerator-Based-on-Eyeriss-v2 master FPGA_design-src/PE_Cluster/PE/Processing_Element_core.v" Line 11. Module Processing_Element_core doesn't have a timescale but at least one module in design has a timescale.
WARNING: [XSIM 43-4099] "C:/Users/bless/Downloads/BoooC CNN-Accelerator-Based-on-Eyeriss-v2 master FPGA_design-src/PE_Cluster/PE/SPad/Psum_Spad.v" Line 1. Module Psum_Spad doesn't have a timescale but at least one module in design has a timescale.
WARNING: [XSIM 43-4099] "C:/Users/bless/Downloads/BoooC CNN-Accelerator-Based-on-Eyeriss-v2 master FPGA_design-src/PE_Cluster/PE/SPad/Psum_Spad.v" Line 48. Module Psum_DATA_Spad_BRAM doesn't have a timescale but at least one module in design has a timescale.
WARNING: [XSIM 43-4099] "C:/Users/bless/Downloads/BoooC CNN-Accelerator-Based-on-Eyeriss-v2 master FPGA_design-src/PE_Cluster/PE/SPad/Former_addr_Spad.v" Line 9. Module Former_Address_Spad doesn't have a timescale but at least one module in design has a timescale.
WARNING: [XSIM 43-4099] "C:/Users/bless/Downloads/BoooC CNN-Accelerator-Based-on-Eyeriss-v2 master FPGA_design-src/PE_Cluster/PE/SPad/Former_data_Spad.v" Line 1. Module Former_Data_Spad doesn't have a timescale but at least one module in design has a timescale.
WARNING: [XSIM 43-4099] "C:/Users/bless/Downloads/BoooC CNN-Accelerator-Based-on-Eyeriss-v2 master FPGA_design-src/PE_Cluster/PE/SPad/Former_data_Spad.v" Line 69. Module Iact_DATA_Spad_BRAM doesn't have a timescale but at least one module in design has a timescale.
WARNING: [XSIM 43-4099] "C:/Users/bless/Downloads/BoooC CNN-Accelerator-Based-on-Eyeriss-v2 master FPGA_design-src/PE_Cluster/PE/SPad/Later_addr_Spad.v" Line 10. Module Later_Address_Spad doesn't have a timescale but at least one module in design has a timescale.
WARNING: [XSIM 43-4099] "C:/Users/bless/Downloads/BoooC CNN-Accelerator-Based-on-Eyeriss-v2 master FPGA_design-src/PE_Cluster/PE/SPad/Later_data_Spad.v" Line 15. Module Later_Data_Spad doesn't have a timescale but at least one module in design has a timescale.
WARNING: [XSIM 43-4099] "C:/Users/bless/Downloads/BoooC CNN-Accelerator-Based-on-Eyeriss-v2 master FPGA_design-src/PE_Cluster/PE/SPad/Later_data_Spad.v" Line 134. Module Weight_DATA_Spad_BRAM doesn't have a timescale but at least one module in design has a timescale.
WARNING: [XSIM 43-4099] "C:/Users/bless/Downloads/BoooC CNN-Accelerator-Based-on-Eyeriss-v2 master FPGA_design-src/PE_Cluster/PE/PE_data_FIFO.v" Line 9. Module PE_data_FIFO(DATA_IN_WIDTH=8) doesn't have a timescale but at least one module in design has a timescale.
WARNING: [XSIM 43-4099] "C:/Users/bless/Downloads/BoooC CNN-Accelerator-Based-on-Eyeriss-v2 master FPGA_design-src/PE_Cluster/PE/PE_data_FIFO.v" Line 9. Module PE_data_FIFO(DATA_IN_WIDTH=13) doesn't have a timescale but at least one module in design has a timescale.
WARNING: [XSIM 43-4099] "C:/Users/bless/Downloads/BoooC CNN-Accelerator-Based-on-Eyeriss-v2 master FPGA_design-src/PE_Cluster/PE/PE_data_FIFO.v" Line 9. Module PE_data_FIFO(DATA_IN_WIDTH=7) doesn't have a timescale but at least one module in design has a timescale.
WARNING: [XSIM 43-4099] "C:/Users/bless/Downloads/BoooC CNN-Accelerator-Based-on-Eyeriss-v2 master FPGA_design-src/PE_Cluster/PE/PE_data_FIFO.v" Line 9. Module PE_data_FIFO(DATA_IN_WIDTH=12) doesn't have a timescale but at least one module in design has a timescale.
WARNING: [XSIM 43-4099] "C:/Users/bless/Downloads/BoooC CNN-Accelerator-Based-on-Eyeriss-v2 master FPGA_design-src/PE_Cluster/PE/PE_psum_FIFO.v" Line 11. Module PE_psum_FIFO doesn't have a timescale but at least one module in design has a timescale.
WARNING: [XSIM 43-4099] "C:/Users/bless/Downloads/BoooC CNN-Accelerator-Based-on-Eyeriss-v2 master FPGA_design-src/PE_Cluster/PE/PE_psum_FIFO.v" Line 11. Module PE_psum_FIFO doesn't have a timescale but at least one module in design has a timescale.
WARNING: [XSIM 43-4099] "C:/Users/bless/Downloads/BoooC CNN-Accelerator-Based-on-Eyeriss-v2 master FPGA_design-src/PE_Cluster/PE/Processing_Element.v" Line 9. Module ProcessingElement doesn't have a timescale but at least one module in design has a timescale.
WARNING: [XSIM 43-4099] "C:/Users/bless/Downloads/BoooC CNN-Accelerator-Based-on-Eyeriss-v2 master FPGA_design-src/PE_Cluster/PE/Processing_Element_Controller.v" Line 8. Module Processing_Element_Controller doesn't have a timescale but at least one module in design has a timescale.
WARNING: [XSIM 43-4099] "C:/Users/bless/Downloads/BoooC CNN-Accelerator-Based-on-Eyeriss-v2 master FPGA_design-src/PE_Cluster/PE/Processing_Element_core.v" Line 11. Module Processing_Element_core doesn't have a timescale but at least one module in design has a timescale.
WARNING: [XSIM 43-4099] "C:/Users/bless/Downloads/BoooC CNN-Accelerator-Based-on-Eyeriss-v2 master FPGA_design-src/PE_Cluster/PE/SPad/Psum_Spad.v" Line 1. Module Psum_Spad doesn't have a timescale but at least one module in design has a timescale.
WARNING: [XSIM 43-4099] "C:/Users/bless/Downloads/BoooC CNN-Accelerator-Based-on-Eyeriss-v2 master FPGA_design-src/PE_Cluster/PE/SPad/Psum_Spad.v" Line 48. Module Psum_DATA_Spad_BRAM doesn't have a timescale but at least one module in design has a timescale.
WARNING: [XSIM 43-4099] "C:/Users/bless/Downloads/BoooC CNN-Accelerator-Based-on-Eyeriss-v2 master FPGA_design-src/PE_Cluster/PE/SPad/Former_addr_Spad.v" Line 9. Module Former_Address_Spad doesn't have a timescale but at least one module in design has a timescale.
WARNING: [XSIM 43-4099] "C:/Users/bless/Downloads/BoooC CNN-Accelerator-Based-on-Eyeriss-v2 master FPGA_design-src/PE_Cluster/PE/SPad/Former_data_Spad.v" Line 1. Module Former_Data_Spad doesn't have a timescale but at least one module in design has a timescale.
WARNING: [XSIM 43-4099] "C:/Users/bless/Downloads/BoooC CNN-Accelerator-Based-on-Eyeriss-v2 master FPGA_design-src/PE_Cluster/PE/SPad/Former_data_Spad.v" Line 69. Module Iact_DATA_Spad_BRAM doesn't have a timescale but at least one module in design has a timescale.
WARNING: [XSIM 43-4099] "C:/Users/bless/Downloads/BoooC CNN-Accelerator-Based-on-Eyeriss-v2 master FPGA_design-src/PE_Cluster/PE/SPad/Later_addr_Spad.v" Line 10. Module Later_Address_Spad doesn't have a timescale but at least one module in design has a timescale.
WARNING: [XSIM 43-4099] "C:/Users/bless/Downloads/BoooC CNN-Accelerator-Based-on-Eyeriss-v2 master FPGA_design-src/PE_Cluster/PE/SPad/Later_data_Spad.v" Line 15. Module Later_Data_Spad doesn't have a timescale but at least one module in design has a timescale.
WARNING: [XSIM 43-4099] "C:/Users/bless/Downloads/BoooC CNN-Accelerator-Based-on-Eyeriss-v2 master FPGA_design-src/PE_Cluster/PE/SPad/Later_data_Spad.v" Line 134. Module Weight_DATA_Spad_BRAM doesn't have a timescale but at least one module in design has a timescale.
WARNING: [XSIM 43-4099] "C:/Users/bless/Downloads/BoooC CNN-Accelerator-Based-on-Eyeriss-v2 master FPGA_design-src/PE_Cluster/PE/PE_data_FIFO.v" Line 9. Module PE_data_FIFO(DATA_IN_WIDTH=8) doesn't have a timescale but at least one module in design has a timescale.
WARNING: [XSIM 43-4099] "C:/Users/bless/Downloads/BoooC CNN-Accelerator-Based-on-Eyeriss-v2 master FPGA_design-src/PE_Cluster/PE/PE_data_FIFO.v" Line 9. Module PE_data_FIFO(DATA_IN_WIDTH=13) doesn't have a timescale but at least one module in design has a timescale.
WARNING: [XSIM 43-4099] "C:/Users/bless/Downloads/BoooC CNN-Accelerator-Based-on-Eyeriss-v2 master FPGA_design-src/PE_Cluster/PE/PE_data_FIFO.v" Line 9. Module PE_data_FIFO(DATA_IN_WIDTH=7) doesn't have a timescale but at least one module in design has a timescale.
WARNING: [XSIM 43-4099] "C:/Users/bless/Downloads/BoooC CNN-Accelerator-Based-on-Eyeriss-v2 master FPGA_design-src/PE_Cluster/PE/PE_data_FIFO.v" Line 9. Module PE_data_FIFO(DATA_IN_WIDTH=12) doesn't have a timescale but at least one module in design has a timescale.
WARNING: [XSIM 43-4099] "C:/Users/bless/Downloads/BoooC CNN-Accelerator-Based-on-Eyeriss-v2 master FPGA_design-src/PE_Cluster/PE/PE_psum_FIFO.v" Line 11. Module PE_psum_FIFO doesn't have a timescale but at least one module in design has a timescale.
WARNING: [XSIM 43-4099] "C:/Users/bless/Downloads/BoooC CNN-Accelerator-Based-on-Eyeriss-v2 master FPGA_design-src/PE_Cluster/PE/PE_psum_FIFO.v" Line 11. Module PE_psum_FIFO doesn't have a timescale but at least one module in design has a timescale.
WARNING: [XSIM 43-4099] "C:/Users/bless/Downloads/BoooC CNN-Accelerator-Based-on-Eyeriss-v2 master FPGA_design-src/PE_Cluster/PE/Processing_Element.v" Line 9. Module ProcessingElement doesn't have a timescale but at least one module in design has a timescale.
WARNING: [XSIM 43-4099] "C:/Users/bless/Downloads/BoooC CNN-Accelerator-Based-on-Eyeriss-v2 master FPGA_design-src/PE_Cluster/PE/Processing_Element_Controller.v" Line 8. Module Processing_Element_Controller doesn't have a timescale but at least one module in design has a timescale.
WARNING: [XSIM 43-4099] "C:/Users/bless/Downloads/BoooC CNN-Accelerator-Based-on-Eyeriss-v2 master FPGA_design-src/PE_Cluster/PE/Processing_Element_core.v" Line 11. Module Processing_Element_core doesn't have a timescale but at least one module in design has a timescale.
WARNING: [XSIM 43-4099] "C:/Users/bless/Downloads/BoooC CNN-Accelerator-Based-on-Eyeriss-v2 master FPGA_design-src/PE_Cluster/PE/SPad/Psum_Spad.v" Line 1. Module Psum_Spad doesn't have a timescale but at least one module in design has a timescale.
WARNING: [XSIM 43-4099] "C:/Users/bless/Downloads/BoooC CNN-Accelerator-Based-on-Eyeriss-v2 master FPGA_design-src/PE_Cluster/PE/SPad/Psum_Spad.v" Line 48. Module Psum_DATA_Spad_BRAM doesn't have a timescale but at least one module in design has a timescale.
WARNING: [XSIM 43-4099] "C:/Users/bless/Downloads/BoooC CNN-Accelerator-Based-on-Eyeriss-v2 master FPGA_design-src/PE_Cluster/PE/SPad/Former_addr_Spad.v" Line 9. Module Former_Address_Spad doesn't have a timescale but at least one module in design has a timescale.
WARNING: [XSIM 43-4099] "C:/Users/bless/Downloads/BoooC CNN-Accelerator-Based-on-Eyeriss-v2 master FPGA_design-src/PE_Cluster/PE/SPad/Former_data_Spad.v" Line 1. Module Former_Data_Spad doesn't have a timescale but at least one module in design has a timescale.
WARNING: [XSIM 43-4099] "C:/Users/bless/Downloads/BoooC CNN-Accelerator-Based-on-Eyeriss-v2 master FPGA_design-src/PE_Cluster/PE/SPad/Former_data_Spad.v" Line 69. Module Iact_DATA_Spad_BRAM doesn't have a timescale but at least one module in design has a timescale.
WARNING: [XSIM 43-4099] "C:/Users/bless/Downloads/BoooC CNN-Accelerator-Based-on-Eyeriss-v2 master FPGA_design-src/PE_Cluster/PE/SPad/Later_addr_Spad.v" Line 10. Module Later_Address_Spad doesn't have a timescale but at least one module in design has a timescale.
WARNING: [XSIM 43-4099] "C:/Users/bless/Downloads/BoooC CNN-Accelerator-Based-on-Eyeriss-v2 master FPGA_design-src/PE_Cluster/PE/SPad/Later_data_Spad.v" Line 15. Module Later_Data_Spad doesn't have a timescale but at least one module in design has a timescale.
WARNING: [XSIM 43-4099] "C:/Users/bless/Downloads/BoooC CNN-Accelerator-Based-on-Eyeriss-v2 master FPGA_design-src/PE_Cluster/PE/SPad/Later_data_Spad.v" Line 134. Module Weight_DATA_Spad_BRAM doesn't have a timescale but at least one module in design has a timescale.
WARNING: [XSIM 43-4099] "C:/Users/bless/Downloads/BoooC CNN-Accelerator-Based-on-Eyeriss-v2 master FPGA_design-src/PE_Cluster/PE/PE_data_FIFO.v" Line 9. Module PE_data_FIFO(DATA_IN_WIDTH=8) doesn't have a timescale but at least one module in design has a timescale.
WARNING: [XSIM 43-4099] "C:/Users/bless/Downloads/BoooC CNN-Accelerator-Based-on-Eyeriss-v2 master FPGA_design-src/PE_Cluster/PE/PE_data_FIFO.v" Line 9. Module PE_data_FIFO(DATA_IN_WIDTH=13) doesn't have a timescale but at least one module in design has a timescale.
WARNING: [XSIM 43-4099] "C:/Users/bless/Downloads/BoooC CNN-Accelerator-Based-on-Eyeriss-v2 master FPGA_design-src/PE_Cluster/PE/PE_data_FIFO.v" Line 9. Module PE_data_FIFO(DATA_IN_WIDTH=7) doesn't have a timescale but at least one module in design has a timescale.
WARNING: [XSIM 43-4099] "C:/Users/bless/Downloads/BoooC CNN-Accelerator-Based-on-Eyeriss-v2 master FPGA_design-src/PE_Cluster/PE/PE_data_FIFO.v" Line 9. Module PE_data_FIFO(DATA_IN_WIDTH=12) doesn't have a timescale but at least one module in design has a timescale.
WARNING: [XSIM 43-4099] "C:/Users/bless/Downloads/BoooC CNN-Accelerator-Based-on-Eyeriss-v2 master FPGA_design-src/PE_Cluster/PE/PE_psum_FIFO.v" Line 11. Module PE_psum_FIFO doesn't have a timescale but at least one module in design has a timescale.
WARNING: [XSIM 43-4099] "C:/Users/bless/Downloads/BoooC CNN-Accelerator-Based-on-Eyeriss-v2 master FPGA_design-src/PE_Cluster/PE/PE_psum_FIFO.v" Line 11. Module PE_psum_FIFO doesn't have a timescale but at least one module in design has a timescale.
WARNING: [XSIM 43-4099] "C:/Users/bless/Downloads/BoooC CNN-Accelerator-Based-on-Eyeriss-v2 master FPGA_design-src/PE_Cluster/PE/Processing_Element.v" Line 9. Module ProcessingElement doesn't have a timescale but at least one module in design has a timescale.
WARNING: [XSIM 43-4099] "C:/Users/bless/Downloads/BoooC CNN-Accelerator-Based-on-Eyeriss-v2 master FPGA_design-src/PE_Cluster/PE/Processing_Element_Controller.v" Line 8. Module Processing_Element_Controller doesn't have a timescale but at least one module in design has a timescale.
WARNING: [XSIM 43-4099] "C:/Users/bless/Downloads/BoooC CNN-Accelerator-Based-on-Eyeriss-v2 master FPGA_design-src/PE_Cluster/PE/Processing_Element_core.v" Line 11. Module Processing_Element_core doesn't have a timescale but at least one module in design has a timescale.
WARNING: [XSIM 43-4099] "C:/Users/bless/Downloads/BoooC CNN-Accelerator-Based-on-Eyeriss-v2 master FPGA_design-src/PE_Cluster/PE/SPad/Psum_Spad.v" Line 1. Module Psum_Spad doesn't have a timescale but at least one module in design has a timescale.
WARNING: [XSIM 43-4099] "C:/Users/bless/Downloads/BoooC CNN-Accelerator-Based-on-Eyeriss-v2 master FPGA_design-src/PE_Cluster/PE/SPad/Psum_Spad.v" Line 48. Module Psum_DATA_Spad_BRAM doesn't have a timescale but at least one module in design has a timescale.
WARNING: [XSIM 43-4099] "C:/Users/bless/Downloads/BoooC CNN-Accelerator-Based-on-Eyeriss-v2 master FPGA_design-src/PE_Cluster/PE/SPad/Former_addr_Spad.v" Line 9. Module Former_Address_Spad doesn't have a timescale but at least one module in design has a timescale.
WARNING: [XSIM 43-4099] "C:/Users/bless/Downloads/BoooC CNN-Accelerator-Based-on-Eyeriss-v2 master FPGA_design-src/PE_Cluster/PE/SPad/Former_data_Spad.v" Line 1. Module Former_Data_Spad doesn't have a timescale but at least one module in design has a timescale.
WARNING: [XSIM 43-4099] "C:/Users/bless/Downloads/BoooC CNN-Accelerator-Based-on-Eyeriss-v2 master FPGA_design-src/PE_Cluster/PE/SPad/Former_data_Spad.v" Line 69. Module Iact_DATA_Spad_BRAM doesn't have a timescale but at least one module in design has a timescale.
WARNING: [XSIM 43-4099] "C:/Users/bless/Downloads/BoooC CNN-Accelerator-Based-on-Eyeriss-v2 master FPGA_design-src/PE_Cluster/PE/SPad/Later_addr_Spad.v" Line 10. Module Later_Address_Spad doesn't have a timescale but at least one module in design has a timescale.
WARNING: [XSIM 43-4099] "C:/Users/bless/Downloads/BoooC CNN-Accelerator-Based-on-Eyeriss-v2 master FPGA_design-src/PE_Cluster/PE/SPad/Later_data_Spad.v" Line 15. Module Later_Data_Spad doesn't have a timescale but at least one module in design has a timescale.
WARNING: [XSIM 43-4099] "C:/Users/bless/Downloads/BoooC CNN-Accelerator-Based-on-Eyeriss-v2 master FPGA_design-src/PE_Cluster/PE/SPad/Later_data_Spad.v" Line 134. Module Weight_DATA_Spad_BRAM doesn't have a timescale but at least one module in design has a timescale.
WARNING: [XSIM 43-4099] "C:/Users/bless/Downloads/BoooC CNN-Accelerator-Based-on-Eyeriss-v2 master FPGA_design-src/PE_Cluster/PE/PE_data_FIFO.v" Line 9. Module PE_data_FIFO(DATA_IN_WIDTH=8) doesn't have a timescale but at least one module in design has a timescale.
WARNING: [XSIM 43-4099] "C:/Users/bless/Downloads/BoooC CNN-Accelerator-Based-on-Eyeriss-v2 master FPGA_design-src/PE_Cluster/PE/PE_data_FIFO.v" Line 9. Module PE_data_FIFO(DATA_IN_WIDTH=13) doesn't have a timescale but at least one module in design has a timescale.
WARNING: [XSIM 43-4099] "C:/Users/bless/Downloads/BoooC CNN-Accelerator-Based-on-Eyeriss-v2 master FPGA_design-src/PE_Cluster/PE/PE_data_FIFO.v" Line 9. Module PE_data_FIFO(DATA_IN_WIDTH=7) doesn't have a timescale but at least one module in design has a timescale.
WARNING: [XSIM 43-4099] "C:/Users/bless/Downloads/BoooC CNN-Accelerator-Based-on-Eyeriss-v2 master FPGA_design-src/PE_Cluster/PE/PE_data_FIFO.v" Line 9. Module PE_data_FIFO(DATA_IN_WIDTH=12) doesn't have a timescale but at least one module in design has a timescale.
WARNING: [XSIM 43-4099] "C:/Users/bless/Downloads/BoooC CNN-Accelerator-Based-on-Eyeriss-v2 master FPGA_design-src/PE_Cluster/PE/PE_psum_FIFO.v" Line 11. Module PE_psum_FIFO doesn't have a timescale but at least one module in design has a timescale.
WARNING: [XSIM 43-4099] "C:/Users/bless/Downloads/BoooC CNN-Accelerator-Based-on-Eyeriss-v2 master FPGA_design-src/PE_Cluster/PE/PE_psum_FIFO.v" Line 11. Module PE_psum_FIFO doesn't have a timescale but at least one module in design has a timescale.
WARNING: [XSIM 43-4099] "C:/Users/bless/Downloads/BoooC CNN-Accelerator-Based-on-Eyeriss-v2 master FPGA_design-src/PE_Cluster/PE/Processing_Element.v" Line 9. Module ProcessingElement doesn't have a timescale but at least one module in design has a timescale.
WARNING: [XSIM 43-4099] "C:/Users/bless/Downloads/BoooC CNN-Accelerator-Based-on-Eyeriss-v2 master FPGA_design-src/PE_Cluster/PE/Processing_Element_Controller.v" Line 8. Module Processing_Element_Controller doesn't have a timescale but at least one module in design has a timescale.
WARNING: [XSIM 43-4099] "C:/Users/bless/Downloads/BoooC CNN-Accelerator-Based-on-Eyeriss-v2 master FPGA_design-src/PE_Cluster/PE/Processing_Element_core.v" Line 11. Module Processing_Element_core doesn't have a timescale but at least one module in design has a timescale.
WARNING: [XSIM 43-4099] "C:/Users/bless/Downloads/BoooC CNN-Accelerator-Based-on-Eyeriss-v2 master FPGA_design-src/PE_Cluster/PE/SPad/Psum_Spad.v" Line 1. Module Psum_Spad doesn't have a timescale but at least one module in design has a timescale.
WARNING: [XSIM 43-4099] "C:/Users/bless/Downloads/BoooC CNN-Accelerator-Based-on-Eyeriss-v2 master FPGA_design-src/PE_Cluster/PE/SPad/Psum_Spad.v" Line 48. Module Psum_DATA_Spad_BRAM doesn't have a timescale but at least one module in design has a timescale.
WARNING: [XSIM 43-4099] "C:/Users/bless/Downloads/BoooC CNN-Accelerator-Based-on-Eyeriss-v2 master FPGA_design-src/PE_Cluster/PE/SPad/Former_addr_Spad.v" Line 9. Module Former_Address_Spad doesn't have a timescale but at least one module in design has a timescale.
WARNING: [XSIM 43-4099] "C:/Users/bless/Downloads/BoooC CNN-Accelerator-Based-on-Eyeriss-v2 master FPGA_design-src/PE_Cluster/PE/SPad/Former_data_Spad.v" Line 1. Module Former_Data_Spad doesn't have a timescale but at least one module in design has a timescale.
WARNING: [XSIM 43-4099] "C:/Users/bless/Downloads/BoooC CNN-Accelerator-Based-on-Eyeriss-v2 master FPGA_design-src/PE_Cluster/PE/SPad/Former_data_Spad.v" Line 69. Module Iact_DATA_Spad_BRAM doesn't have a timescale but at least one module in design has a timescale.
WARNING: [XSIM 43-4099] "C:/Users/bless/Downloads/BoooC CNN-Accelerator-Based-on-Eyeriss-v2 master FPGA_design-src/PE_Cluster/PE/SPad/Later_addr_Spad.v" Line 10. Module Later_Address_Spad doesn't have a timescale but at least one module in design has a timescale.
WARNING: [XSIM 43-4099] "C:/Users/bless/Downloads/BoooC CNN-Accelerator-Based-on-Eyeriss-v2 master FPGA_design-src/PE_Cluster/PE/SPad/Later_data_Spad.v" Line 15. Module Later_Data_Spad doesn't have a timescale but at least one module in design has a timescale.
WARNING: [XSIM 43-4099] "C:/Users/bless/Downloads/BoooC CNN-Accelerator-Based-on-Eyeriss-v2 master FPGA_design-src/PE_Cluster/PE/SPad/Later_data_Spad.v" Line 134. Module Weight_DATA_Spad_BRAM doesn't have a timescale but at least one module in design has a timescale.
WARNING: [XSIM 43-4099] "C:/Users/bless/Downloads/BoooC CNN-Accelerator-Based-on-Eyeriss-v2 master FPGA_design-src/PE_Cluster/PE/PE_data_FIFO.v" Line 9. Module PE_data_FIFO(DATA_IN_WIDTH=8) doesn't have a timescale but at least one module in design has a timescale.
WARNING: [XSIM 43-4099] "C:/Users/bless/Downloads/BoooC CNN-Accelerator-Based-on-Eyeriss-v2 master FPGA_design-src/PE_Cluster/PE/PE_data_FIFO.v" Line 9. Module PE_data_FIFO(DATA_IN_WIDTH=13) doesn't have a timescale but at least one module in design has a timescale.
WARNING: [XSIM 43-4099] "C:/Users/bless/Downloads/BoooC CNN-Accelerator-Based-on-Eyeriss-v2 master FPGA_design-src/PE_Cluster/PE/PE_data_FIFO.v" Line 9. Module PE_data_FIFO(DATA_IN_WIDTH=7) doesn't have a timescale but at least one module in design has a timescale.
WARNING: [XSIM 43-4099] "C:/Users/bless/Downloads/BoooC CNN-Accelerator-Based-on-Eyeriss-v2 master FPGA_design-src/PE_Cluster/PE/PE_data_FIFO.v" Line 9. Module PE_data_FIFO(DATA_IN_WIDTH=12) doesn't have a timescale but at least one module in design has a timescale.
WARNING: [XSIM 43-4099] "C:/Users/bless/Downloads/BoooC CNN-Accelerator-Based-on-Eyeriss-v2 master FPGA_design-src/PE_Cluster/PE/PE_psum_FIFO.v" Line 11. Module PE_psum_FIFO doesn't have a timescale but at least one module in design has a timescale.
WARNING: [XSIM 43-4099] "C:/Users/bless/Downloads/BoooC CNN-Accelerator-Based-on-Eyeriss-v2 master FPGA_design-src/PE_Cluster/PE/PE_psum_FIFO.v" Line 11. Module PE_psum_FIFO doesn't have a timescale but at least one module in design has a timescale.
WARNING: [XSIM 43-4099] "C:/Users/bless/Downloads/BoooC CNN-Accelerator-Based-on-Eyeriss-v2 master FPGA_design-src/PE_Cluster/PE/Processing_Element.v" Line 9. Module ProcessingElement doesn't have a timescale but at least one module in design has a timescale.
WARNING: [XSIM 43-4099] "C:/Users/bless/Downloads/BoooC CNN-Accelerator-Based-on-Eyeriss-v2 master FPGA_design-src/PE_Cluster/PE/Processing_Element_Controller.v" Line 8. Module Processing_Element_Controller doesn't have a timescale but at least one module in design has a timescale.
WARNING: [XSIM 43-4099] "C:/Users/bless/Downloads/BoooC CNN-Accelerator-Based-on-Eyeriss-v2 master FPGA_design-src/PE_Cluster/PE/Processing_Element_core.v" Line 11. Module Processing_Element_core doesn't have a timescale but at least one module in design has a timescale.
WARNING: [XSIM 43-4099] "C:/Users/bless/Downloads/BoooC CNN-Accelerator-Based-on-Eyeriss-v2 master FPGA_design-src/PE_Cluster/PE/SPad/Psum_Spad.v" Line 1. Module Psum_Spad doesn't have a timescale but at least one module in design has a timescale.
WARNING: [XSIM 43-4099] "C:/Users/bless/Downloads/BoooC CNN-Accelerator-Based-on-Eyeriss-v2 master FPGA_design-src/PE_Cluster/PE/SPad/Psum_Spad.v" Line 48. Module Psum_DATA_Spad_BRAM doesn't have a timescale but at least one module in design has a timescale.
WARNING: [XSIM 43-4099] "C:/Users/bless/Downloads/BoooC CNN-Accelerator-Based-on-Eyeriss-v2 master FPGA_design-src/PE_Cluster/PE/SPad/Former_addr_Spad.v" Line 9. Module Former_Address_Spad doesn't have a timescale but at least one module in design has a timescale.
WARNING: [XSIM 43-4099] "C:/Users/bless/Downloads/BoooC CNN-Accelerator-Based-on-Eyeriss-v2 master FPGA_design-src/PE_Cluster/PE/SPad/Former_data_Spad.v" Line 1. Module Former_Data_Spad doesn't have a timescale but at least one module in design has a timescale.
WARNING: [XSIM 43-4099] "C:/Users/bless/Downloads/BoooC CNN-Accelerator-Based-on-Eyeriss-v2 master FPGA_design-src/PE_Cluster/PE/SPad/Former_data_Spad.v" Line 69. Module Iact_DATA_Spad_BRAM doesn't have a timescale but at least one module in design has a timescale.
WARNING: [XSIM 43-4099] "C:/Users/bless/Downloads/BoooC CNN-Accelerator-Based-on-Eyeriss-v2 master FPGA_design-src/PE_Cluster/PE/SPad/Later_addr_Spad.v" Line 10. Module Later_Address_Spad doesn't have a timescale but at least one module in design has a timescale.
WARNING: [XSIM 43-4099] "C:/Users/bless/Downloads/BoooC CNN-Accelerator-Based-on-Eyeriss-v2 master FPGA_design-src/PE_Cluster/PE/SPad/Later_data_Spad.v" Line 15. Module Later_Data_Spad doesn't have a timescale but at least one module in design has a timescale.
WARNING: [XSIM 43-4099] "C:/Users/bless/Downloads/BoooC CNN-Accelerator-Based-on-Eyeriss-v2 master FPGA_design-src/PE_Cluster/PE/SPad/Later_data_Spad.v" Line 134. Module Weight_DATA_Spad_BRAM doesn't have a timescale but at least one module in design has a timescale.
WARNING: [XSIM 43-4099] "C:/Users/bless/Downloads/BoooC CNN-Accelerator-Based-on-Eyeriss-v2 master FPGA_design-src/PE_Cluster/PE/PE_data_FIFO.v" Line 9. Module PE_data_FIFO(DATA_IN_WIDTH=8) doesn't have a timescale but at least one module in design has a timescale.
WARNING: [XSIM 43-4099] "C:/Users/bless/Downloads/BoooC CNN-Accelerator-Based-on-Eyeriss-v2 master FPGA_design-src/PE_Cluster/PE/PE_data_FIFO.v" Line 9. Module PE_data_FIFO(DATA_IN_WIDTH=13) doesn't have a timescale but at least one module in design has a timescale.
WARNING: [XSIM 43-4099] "C:/Users/bless/Downloads/BoooC CNN-Accelerator-Based-on-Eyeriss-v2 master FPGA_design-src/PE_Cluster/PE/PE_data_FIFO.v" Line 9. Module PE_data_FIFO(DATA_IN_WIDTH=7) doesn't have a timescale but at least one module in design has a timescale.
WARNING: [XSIM 43-4099] "C:/Users/bless/Downloads/BoooC CNN-Accelerator-Based-on-Eyeriss-v2 master FPGA_design-src/PE_Cluster/PE/PE_data_FIFO.v" Line 9. Module PE_data_FIFO(DATA_IN_WIDTH=12) doesn't have a timescale but at least one module in design has a timescale.
WARNING: [XSIM 43-4099] "C:/Users/bless/Downloads/BoooC CNN-Accelerator-Based-on-Eyeriss-v2 master FPGA_design-src/PE_Cluster/PE/PE_psum_FIFO.v" Line 11. Module PE_psum_FIFO doesn't have a timescale but at least one module in design has a timescale.
WARNING: [XSIM 43-4099] "C:/Users/bless/Downloads/BoooC CNN-Accelerator-Based-on-Eyeriss-v2 master FPGA_design-src/PE_Cluster/PE/PE_psum_FIFO.v" Line 11. Module PE_psum_FIFO doesn't have a timescale but at least one module in design has a timescale.
WARNING: [XSIM 43-4099] "C:/Users/bless/Downloads/BoooC CNN-Accelerator-Based-on-Eyeriss-v2 master FPGA_design-src/PE_Cluster/PE/Processing_Element.v" Line 9. Module ProcessingElement doesn't have a timescale but at least one module in design has a timescale.
WARNING: [XSIM 43-4099] "C:/Users/bless/Downloads/BoooC CNN-Accelerator-Based-on-Eyeriss-v2 master FPGA_design-src/PE_Cluster/PE/Processing_Element_Controller.v" Line 8. Module Processing_Element_Controller doesn't have a timescale but at least one module in design has a timescale.
WARNING: [XSIM 43-4099] "C:/Users/bless/Downloads/BoooC CNN-Accelerator-Based-on-Eyeriss-v2 master FPGA_design-src/PE_Cluster/PE/Processing_Element_core.v" Line 11. Module Processing_Element_core doesn't have a timescale but at least one module in design has a timescale.
WARNING: [XSIM 43-4099] "C:/Users/bless/Downloads/BoooC CNN-Accelerator-Based-on-Eyeriss-v2 master FPGA_design-src/PE_Cluster/PE/SPad/Psum_Spad.v" Line 1. Module Psum_Spad doesn't have a timescale but at least one module in design has a timescale.
WARNING: [XSIM 43-4099] "C:/Users/bless/Downloads/BoooC CNN-Accelerator-Based-on-Eyeriss-v2 master FPGA_design-src/PE_Cluster/PE/SPad/Psum_Spad.v" Line 48. Module Psum_DATA_Spad_BRAM doesn't have a timescale but at least one module in design has a timescale.
WARNING: [XSIM 43-4099] "C:/Users/bless/Downloads/BoooC CNN-Accelerator-Based-on-Eyeriss-v2 master FPGA_design-src/PE_Cluster/PE/SPad/Former_addr_Spad.v" Line 9. Module Former_Address_Spad doesn't have a timescale but at least one module in design has a timescale.
WARNING: [XSIM 43-4099] "C:/Users/bless/Downloads/BoooC CNN-Accelerator-Based-on-Eyeriss-v2 master FPGA_design-src/PE_Cluster/PE/SPad/Former_data_Spad.v" Line 1. Module Former_Data_Spad doesn't have a timescale but at least one module in design has a timescale.
WARNING: [XSIM 43-4099] "C:/Users/bless/Downloads/BoooC CNN-Accelerator-Based-on-Eyeriss-v2 master FPGA_design-src/PE_Cluster/PE/SPad/Former_data_Spad.v" Line 69. Module Iact_DATA_Spad_BRAM doesn't have a timescale but at least one module in design has a timescale.
WARNING: [XSIM 43-4099] "C:/Users/bless/Downloads/BoooC CNN-Accelerator-Based-on-Eyeriss-v2 master FPGA_design-src/PE_Cluster/PE/SPad/Later_addr_Spad.v" Line 10. Module Later_Address_Spad doesn't have a timescale but at least one module in design has a timescale.
WARNING: [XSIM 43-4099] "C:/Users/bless/Downloads/BoooC CNN-Accelerator-Based-on-Eyeriss-v2 master FPGA_design-src/PE_Cluster/PE/SPad/Later_data_Spad.v" Line 15. Module Later_Data_Spad doesn't have a timescale but at least one module in design has a timescale.
WARNING: [XSIM 43-4099] "C:/Users/bless/Downloads/BoooC CNN-Accelerator-Based-on-Eyeriss-v2 master FPGA_design-src/PE_Cluster/PE/SPad/Later_data_Spad.v" Line 134. Module Weight_DATA_Spad_BRAM doesn't have a timescale but at least one module in design has a timescale.
WARNING: [XSIM 43-4099] "C:/Users/bless/Downloads/BoooC CNN-Accelerator-Based-on-Eyeriss-v2 master FPGA_design-src/PE_Cluster/PE/PE_data_FIFO.v" Line 9. Module PE_data_FIFO(DATA_IN_WIDTH=8) doesn't have a timescale but at least one module in design has a timescale.
WARNING: [XSIM 43-4099] "C:/Users/bless/Downloads/BoooC CNN-Accelerator-Based-on-Eyeriss-v2 master FPGA_design-src/PE_Cluster/PE/PE_data_FIFO.v" Line 9. Module PE_data_FIFO(DATA_IN_WIDTH=13) doesn't have a timescale but at least one module in design has a timescale.
WARNING: [XSIM 43-4099] "C:/Users/bless/Downloads/BoooC CNN-Accelerator-Based-on-Eyeriss-v2 master FPGA_design-src/PE_Cluster/PE/PE_data_FIFO.v" Line 9. Module PE_data_FIFO(DATA_IN_WIDTH=7) doesn't have a timescale but at least one module in design has a timescale.
WARNING: [XSIM 43-4099] "C:/Users/bless/Downloads/BoooC CNN-Accelerator-Based-on-Eyeriss-v2 master FPGA_design-src/PE_Cluster/PE/PE_data_FIFO.v" Line 9. Module PE_data_FIFO(DATA_IN_WIDTH=12) doesn't have a timescale but at least one module in design has a timescale.
WARNING: [XSIM 43-4099] "C:/Users/bless/Downloads/BoooC CNN-Accelerator-Based-on-Eyeriss-v2 master FPGA_design-src/PE_Cluster/PE/PE_psum_FIFO.v" Line 11. Module PE_psum_FIFO doesn't have a timescale but at least one module in design has a timescale.
WARNING: [XSIM 43-4099] "C:/Users/bless/Downloads/BoooC CNN-Accelerator-Based-on-Eyeriss-v2 master FPGA_design-src/PE_Cluster/PE/PE_psum_FIFO.v" Line 11. Module PE_psum_FIFO doesn't have a timescale but at least one module in design has a timescale.
WARNING: [XSIM 43-4099] "C:/Users/bless/Downloads/BoooC CNN-Accelerator-Based-on-Eyeriss-v2 master FPGA_design-src/PE_Cluster/PE/Processing_Element.v" Line 9. Module ProcessingElement doesn't have a timescale but at least one module in design has a timescale.
WARNING: [XSIM 43-4099] "C:/Users/bless/Downloads/BoooC CNN-Accelerator-Based-on-Eyeriss-v2 master FPGA_design-src/PE_Cluster/PE/Processing_Element_Controller.v" Line 8. Module Processing_Element_Controller doesn't have a timescale but at least one module in design has a timescale.
WARNING: [XSIM 43-4099] "C:/Users/bless/Downloads/BoooC CNN-Accelerator-Based-on-Eyeriss-v2 master FPGA_design-src/PE_Cluster/PE/Processing_Element_core.v" Line 11. Module Processing_Element_core doesn't have a timescale but at least one module in design has a timescale.
WARNING: [XSIM 43-4099] "C:/Users/bless/Downloads/BoooC CNN-Accelerator-Based-on-Eyeriss-v2 master FPGA_design-src/PE_Cluster/PE/SPad/Psum_Spad.v" Line 1. Module Psum_Spad doesn't have a timescale but at least one module in design has a timescale.
WARNING: [XSIM 43-4099] "C:/Users/bless/Downloads/BoooC CNN-Accelerator-Based-on-Eyeriss-v2 master FPGA_design-src/PE_Cluster/PE/SPad/Psum_Spad.v" Line 48. Module Psum_DATA_Spad_BRAM doesn't have a timescale but at least one module in design has a timescale.
WARNING: [XSIM 43-4099] "C:/Users/bless/Downloads/BoooC CNN-Accelerator-Based-on-Eyeriss-v2 master FPGA_design-src/PE_Cluster/PE/SPad/Former_addr_Spad.v" Line 9. Module Former_Address_Spad doesn't have a timescale but at least one module in design has a timescale.
WARNING: [XSIM 43-4099] "C:/Users/bless/Downloads/BoooC CNN-Accelerator-Based-on-Eyeriss-v2 master FPGA_design-src/PE_Cluster/PE/SPad/Former_data_Spad.v" Line 1. Module Former_Data_Spad doesn't have a timescale but at least one module in design has a timescale.
WARNING: [XSIM 43-4099] "C:/Users/bless/Downloads/BoooC CNN-Accelerator-Based-on-Eyeriss-v2 master FPGA_design-src/PE_Cluster/PE/SPad/Former_data_Spad.v" Line 69. Module Iact_DATA_Spad_BRAM doesn't have a timescale but at least one module in design has a timescale.
WARNING: [XSIM 43-4099] "C:/Users/bless/Downloads/BoooC CNN-Accelerator-Based-on-Eyeriss-v2 master FPGA_design-src/PE_Cluster/PE/SPad/Later_addr_Spad.v" Line 10. Module Later_Address_Spad doesn't have a timescale but at least one module in design has a timescale.
WARNING: [XSIM 43-4099] "C:/Users/bless/Downloads/BoooC CNN-Accelerator-Based-on-Eyeriss-v2 master FPGA_design-src/PE_Cluster/PE/SPad/Later_data_Spad.v" Line 15. Module Later_Data_Spad doesn't have a timescale but at least one module in design has a timescale.
WARNING: [XSIM 43-4099] "C:/Users/bless/Downloads/BoooC CNN-Accelerator-Based-on-Eyeriss-v2 master FPGA_design-src/PE_Cluster/PE/SPad/Later_data_Spad.v" Line 134. Module Weight_DATA_Spad_BRAM doesn't have a timescale but at least one module in design has a timescale.
WARNING: [XSIM 43-4099] "C:/Users/bless/Downloads/BoooC CNN-Accelerator-Based-on-Eyeriss-v2 master FPGA_design-src/PE_Cluster/PE/PE_data_FIFO.v" Line 9. Module PE_data_FIFO(DATA_IN_WIDTH=8) doesn't have a timescale but at least one module in design has a timescale.
WARNING: [XSIM 43-4099] "C:/Users/bless/Downloads/BoooC CNN-Accelerator-Based-on-Eyeriss-v2 master FPGA_design-src/PE_Cluster/PE/PE_data_FIFO.v" Line 9. Module PE_data_FIFO(DATA_IN_WIDTH=13) doesn't have a timescale but at least one module in design has a timescale.
WARNING: [XSIM 43-4099] "C:/Users/bless/Downloads/BoooC CNN-Accelerator-Based-on-Eyeriss-v2 master FPGA_design-src/PE_Cluster/PE/PE_data_FIFO.v" Line 9. Module PE_data_FIFO(DATA_IN_WIDTH=7) doesn't have a timescale but at least one module in design has a timescale.
WARNING: [XSIM 43-4099] "C:/Users/bless/Downloads/BoooC CNN-Accelerator-Based-on-Eyeriss-v2 master FPGA_design-src/PE_Cluster/PE/PE_data_FIFO.v" Line 9. Module PE_data_FIFO(DATA_IN_WIDTH=12) doesn't have a timescale but at least one module in design has a timescale.
WARNING: [XSIM 43-4099] "C:/Users/bless/Downloads/BoooC CNN-Accelerator-Based-on-Eyeriss-v2 master FPGA_design-src/PE_Cluster/PE/PE_psum_FIFO.v" Line 11. Module PE_psum_FIFO doesn't have a timescale but at least one module in design has a timescale.
WARNING: [XSIM 43-4099] "C:/Users/bless/Downloads/BoooC CNN-Accelerator-Based-on-Eyeriss-v2 master FPGA_design-src/PE_Cluster/PE/PE_psum_FIFO.v" Line 11. Module PE_psum_FIFO doesn't have a timescale but at least one module in design has a timescale.
WARNING: [XSIM 43-4099] "C:/Users/bless/Downloads/BoooC CNN-Accelerator-Based-on-Eyeriss-v2 master FPGA_design-src/PE_Cluster/PE/Processing_Element.v" Line 9. Module ProcessingElement doesn't have a timescale but at least one module in design has a timescale.
WARNING: [XSIM 43-4099] "C:/Users/bless/Downloads/BoooC CNN-Accelerator-Based-on-Eyeriss-v2 master FPGA_design-src/PE_Cluster/PE/Processing_Element_Controller.v" Line 8. Module Processing_Element_Controller doesn't have a timescale but at least one module in design has a timescale.
WARNING: [XSIM 43-4099] "C:/Users/bless/Downloads/BoooC CNN-Accelerator-Based-on-Eyeriss-v2 master FPGA_design-src/PE_Cluster/PE/Processing_Element_core.v" Line 11. Module Processing_Element_core doesn't have a timescale but at least one module in design has a timescale.
WARNING: [XSIM 43-4099] "C:/Users/bless/Downloads/BoooC CNN-Accelerator-Based-on-Eyeriss-v2 master FPGA_design-src/PE_Cluster/PE/SPad/Psum_Spad.v" Line 1. Module Psum_Spad doesn't have a timescale but at least one module in design has a timescale.
WARNING: [XSIM 43-4099] "C:/Users/bless/Downloads/BoooC CNN-Accelerator-Based-on-Eyeriss-v2 master FPGA_design-src/PE_Cluster/PE/SPad/Psum_Spad.v" Line 48. Module Psum_DATA_Spad_BRAM doesn't have a timescale but at least one module in design has a timescale.
WARNING: [XSIM 43-4099] "C:/Users/bless/Downloads/BoooC CNN-Accelerator-Based-on-Eyeriss-v2 master FPGA_design-src/PE_Cluster/PE/SPad/Former_addr_Spad.v" Line 9. Module Former_Address_Spad doesn't have a timescale but at least one module in design has a timescale.
WARNING: [XSIM 43-4099] "C:/Users/bless/Downloads/BoooC CNN-Accelerator-Based-on-Eyeriss-v2 master FPGA_design-src/PE_Cluster/PE/SPad/Former_data_Spad.v" Line 1. Module Former_Data_Spad doesn't have a timescale but at least one module in design has a timescale.
WARNING: [XSIM 43-4099] "C:/Users/bless/Downloads/BoooC CNN-Accelerator-Based-on-Eyeriss-v2 master FPGA_design-src/PE_Cluster/PE/SPad/Former_data_Spad.v" Line 69. Module Iact_DATA_Spad_BRAM doesn't have a timescale but at least one module in design has a timescale.
WARNING: [XSIM 43-4099] "C:/Users/bless/Downloads/BoooC CNN-Accelerator-Based-on-Eyeriss-v2 master FPGA_design-src/PE_Cluster/PE/SPad/Later_addr_Spad.v" Line 10. Module Later_Address_Spad doesn't have a timescale but at least one module in design has a timescale.
WARNING: [XSIM 43-4099] "C:/Users/bless/Downloads/BoooC CNN-Accelerator-Based-on-Eyeriss-v2 master FPGA_design-src/PE_Cluster/PE/SPad/Later_data_Spad.v" Line 15. Module Later_Data_Spad doesn't have a timescale but at least one module in design has a timescale.
WARNING: [XSIM 43-4099] "C:/Users/bless/Downloads/BoooC CNN-Accelerator-Based-on-Eyeriss-v2 master FPGA_design-src/PE_Cluster/PE/SPad/Later_data_Spad.v" Line 134. Module Weight_DATA_Spad_BRAM doesn't have a timescale but at least one module in design has a timescale.
WARNING: [XSIM 43-4099] "C:/Users/bless/Downloads/BoooC CNN-Accelerator-Based-on-Eyeriss-v2 master FPGA_design-src/PE_Cluster/PE/PE_data_FIFO.v" Line 9. Module PE_data_FIFO(DATA_IN_WIDTH=8) doesn't have a timescale but at least one module in design has a timescale.
WARNING: [XSIM 43-4099] "C:/Users/bless/Downloads/BoooC CNN-Accelerator-Based-on-Eyeriss-v2 master FPGA_design-src/PE_Cluster/PE/PE_data_FIFO.v" Line 9. Module PE_data_FIFO(DATA_IN_WIDTH=13) doesn't have a timescale but at least one module in design has a timescale.
WARNING: [XSIM 43-4099] "C:/Users/bless/Downloads/BoooC CNN-Accelerator-Based-on-Eyeriss-v2 master FPGA_design-src/PE_Cluster/PE/PE_data_FIFO.v" Line 9. Module PE_data_FIFO(DATA_IN_WIDTH=7) doesn't have a timescale but at least one module in design has a timescale.
WARNING: [XSIM 43-4099] "C:/Users/bless/Downloads/BoooC CNN-Accelerator-Based-on-Eyeriss-v2 master FPGA_design-src/PE_Cluster/PE/PE_data_FIFO.v" Line 9. Module PE_data_FIFO(DATA_IN_WIDTH=12) doesn't have a timescale but at least one module in design has a timescale.
WARNING: [XSIM 43-4099] "C:/Users/bless/Downloads/BoooC CNN-Accelerator-Based-on-Eyeriss-v2 master FPGA_design-src/PE_Cluster/PE/PE_psum_FIFO.v" Line 11. Module PE_psum_FIFO doesn't have a timescale but at least one module in design has a timescale.
WARNING: [XSIM 43-4099] "C:/Users/bless/Downloads/BoooC CNN-Accelerator-Based-on-Eyeriss-v2 master FPGA_design-src/PE_Cluster/PE/PE_psum_FIFO.v" Line 11. Module PE_psum_FIFO doesn't have a timescale but at least one module in design has a timescale.
WARNING: [XSIM 43-4099] "C:/Users/bless/Downloads/BoooC CNN-Accelerator-Based-on-Eyeriss-v2 master FPGA_design-src/PE_Cluster/PE_Cluster_controller.v" Line 9. Module PE_Cluster_controller doesn't have a timescale but at least one module in design has a timescale.
WARNING: [XSIM 43-4099] "C:/Users/bless/Downloads/BoooC CNN-Accelerator-Based-on-Eyeriss-v2 master FPGA_design-src/PE_Cluster/PE_Cluster_Data_Connections.v" Line 10. Module PE_Cluster_Connection doesn't have a timescale but at least one module in design has a timescale.
WARNING: [XSIM 43-4099] "C:/Users/bless/Downloads/BoooC CNN-Accelerator-Based-on-Eyeriss-v2 master FPGA_design-src/GLB_Cluster/GLB_Cluster.v" Line 14. Module GLB_Cluster doesn't have a timescale but at least one module in design has a timescale.
WARNING: [XSIM 43-4099] "C:/Users/bless/Downloads/BoooC CNN-Accelerator-Based-on-Eyeriss-v2 master FPGA_design-src/GLB_Cluster/Iact_SRAM_Bank.v" Line 9. Module Iact_SRAM_Bank doesn't have a timescale but at least one module in design has a timescale.
WARNING: [XSIM 43-4099] "C:/Users/bless/Downloads/BoooC CNN-Accelerator-Based-on-Eyeriss-v2 master FPGA_design-src/GLB_Cluster/Iact_addr_SRAM.v" Line 12. Module iact_addr_SRAM doesn't have a timescale but at least one module in design has a timescale.
WARNING: [XSIM 43-4099] "C:/Users/bless/Downloads/BoooC CNN-Accelerator-Based-on-Eyeriss-v2 master FPGA_design-src/GLB_Cluster/Iact_addr_SRAM.v" Line 218. Module Iact_Addr_SRAM_BRAM doesn't have a timescale but at least one module in design has a timescale.
WARNING: [XSIM 43-4099] "C:/Users/bless/Downloads/BoooC CNN-Accelerator-Based-on-Eyeriss-v2 master FPGA_design-src/GLB_Cluster/Iact_data_SRAM.v" Line 1. Module lact_data_SRAM doesn't have a timescale but at least one module in design has a timescale.
WARNING: [XSIM 43-4099] "C:/Users/bless/Downloads/BoooC CNN-Accelerator-Based-on-Eyeriss-v2 master FPGA_design-src/PE_Cluster/PE/SPad/Psum_Spad.v" Line 129. Module Iact_Data_SRAM_BRAM doesn't have a timescale but at least one module in design has a timescale.
WARNING: [XSIM 43-4099] "C:/Users/bless/Downloads/BoooC CNN-Accelerator-Based-on-Eyeriss-v2 master FPGA_design-src/GLB_Cluster/Iact_SRAM_Bank.v" Line 9. Module Iact_SRAM_Bank doesn't have a timescale but at least one module in design has a timescale.
WARNING: [XSIM 43-4099] "C:/Users/bless/Downloads/BoooC CNN-Accelerator-Based-on-Eyeriss-v2 master FPGA_design-src/GLB_Cluster/Iact_addr_SRAM.v" Line 12. Module iact_addr_SRAM doesn't have a timescale but at least one module in design has a timescale.
WARNING: [XSIM 43-4099] "C:/Users/bless/Downloads/BoooC CNN-Accelerator-Based-on-Eyeriss-v2 master FPGA_design-src/GLB_Cluster/Iact_addr_SRAM.v" Line 218. Module Iact_Addr_SRAM_BRAM doesn't have a timescale but at least one module in design has a timescale.
WARNING: [XSIM 43-4099] "C:/Users/bless/Downloads/BoooC CNN-Accelerator-Based-on-Eyeriss-v2 master FPGA_design-src/GLB_Cluster/Iact_data_SRAM.v" Line 1. Module lact_data_SRAM doesn't have a timescale but at least one module in design has a timescale.
WARNING: [XSIM 43-4099] "C:/Users/bless/Downloads/BoooC CNN-Accelerator-Based-on-Eyeriss-v2 master FPGA_design-src/PE_Cluster/PE/SPad/Psum_Spad.v" Line 129. Module Iact_Data_SRAM_BRAM doesn't have a timescale but at least one module in design has a timescale.
WARNING: [XSIM 43-4099] "C:/Users/bless/Downloads/BoooC CNN-Accelerator-Based-on-Eyeriss-v2 master FPGA_design-src/GLB_Cluster/Iact_SRAM_Bank.v" Line 9. Module Iact_SRAM_Bank doesn't have a timescale but at least one module in design has a timescale.
WARNING: [XSIM 43-4099] "C:/Users/bless/Downloads/BoooC CNN-Accelerator-Based-on-Eyeriss-v2 master FPGA_design-src/GLB_Cluster/Iact_addr_SRAM.v" Line 12. Module iact_addr_SRAM doesn't have a timescale but at least one module in design has a timescale.
WARNING: [XSIM 43-4099] "C:/Users/bless/Downloads/BoooC CNN-Accelerator-Based-on-Eyeriss-v2 master FPGA_design-src/GLB_Cluster/Iact_addr_SRAM.v" Line 218. Module Iact_Addr_SRAM_BRAM doesn't have a timescale but at least one module in design has a timescale.
WARNING: [XSIM 43-4099] "C:/Users/bless/Downloads/BoooC CNN-Accelerator-Based-on-Eyeriss-v2 master FPGA_design-src/GLB_Cluster/Iact_data_SRAM.v" Line 1. Module lact_data_SRAM doesn't have a timescale but at least one module in design has a timescale.
WARNING: [XSIM 43-4099] "C:/Users/bless/Downloads/BoooC CNN-Accelerator-Based-on-Eyeriss-v2 master FPGA_design-src/PE_Cluster/PE/SPad/Psum_Spad.v" Line 129. Module Iact_Data_SRAM_BRAM doesn't have a timescale but at least one module in design has a timescale.
WARNING: [XSIM 43-4099] "C:/Users/bless/Downloads/BoooC CNN-Accelerator-Based-on-Eyeriss-v2 master FPGA_design-src/GLB_Cluster/Iact_SRAM_Bank.v" Line 9. Module Iact_SRAM_Bank doesn't have a timescale but at least one module in design has a timescale.
WARNING: [XSIM 43-4099] "C:/Users/bless/Downloads/BoooC CNN-Accelerator-Based-on-Eyeriss-v2 master FPGA_design-src/GLB_Cluster/Iact_addr_SRAM.v" Line 12. Module iact_addr_SRAM doesn't have a timescale but at least one module in design has a timescale.
WARNING: [XSIM 43-4099] "C:/Users/bless/Downloads/BoooC CNN-Accelerator-Based-on-Eyeriss-v2 master FPGA_design-src/GLB_Cluster/Iact_addr_SRAM.v" Line 218. Module Iact_Addr_SRAM_BRAM doesn't have a timescale but at least one module in design has a timescale.
WARNING: [XSIM 43-4099] "C:/Users/bless/Downloads/BoooC CNN-Accelerator-Based-on-Eyeriss-v2 master FPGA_design-src/GLB_Cluster/Iact_data_SRAM.v" Line 1. Module lact_data_SRAM doesn't have a timescale but at least one module in design has a timescale.
WARNING: [XSIM 43-4099] "C:/Users/bless/Downloads/BoooC CNN-Accelerator-Based-on-Eyeriss-v2 master FPGA_design-src/PE_Cluster/PE/SPad/Psum_Spad.v" Line 129. Module Iact_Data_SRAM_BRAM doesn't have a timescale but at least one module in design has a timescale.
WARNING: [XSIM 43-4099] "C:/Users/bless/Downloads/BoooC CNN-Accelerator-Based-on-Eyeriss-v2 master FPGA_design-src/GLB_Cluster/Iact_SRAM_Bank.v" Line 9. Module Iact_SRAM_Bank doesn't have a timescale but at least one module in design has a timescale.
WARNING: [XSIM 43-4099] "C:/Users/bless/Downloads/BoooC CNN-Accelerator-Based-on-Eyeriss-v2 master FPGA_design-src/GLB_Cluster/Iact_addr_SRAM.v" Line 12. Module iact_addr_SRAM doesn't have a timescale but at least one module in design has a timescale.
WARNING: [XSIM 43-4099] "C:/Users/bless/Downloads/BoooC CNN-Accelerator-Based-on-Eyeriss-v2 master FPGA_design-src/GLB_Cluster/Iact_addr_SRAM.v" Line 218. Module Iact_Addr_SRAM_BRAM doesn't have a timescale but at least one module in design has a timescale.
WARNING: [XSIM 43-4099] "C:/Users/bless/Downloads/BoooC CNN-Accelerator-Based-on-Eyeriss-v2 master FPGA_design-src/GLB_Cluster/Iact_data_SRAM.v" Line 1. Module lact_data_SRAM doesn't have a timescale but at least one module in design has a timescale.
WARNING: [XSIM 43-4099] "C:/Users/bless/Downloads/BoooC CNN-Accelerator-Based-on-Eyeriss-v2 master FPGA_design-src/PE_Cluster/PE/SPad/Psum_Spad.v" Line 129. Module Iact_Data_SRAM_BRAM doesn't have a timescale but at least one module in design has a timescale.
WARNING: [XSIM 43-4099] "C:/Users/bless/Downloads/BoooC CNN-Accelerator-Based-on-Eyeriss-v2 master FPGA_design-src/GLB_Cluster/Iact_SRAM_Bank.v" Line 9. Module Iact_SRAM_Bank doesn't have a timescale but at least one module in design has a timescale.
WARNING: [XSIM 43-4099] "C:/Users/bless/Downloads/BoooC CNN-Accelerator-Based-on-Eyeriss-v2 master FPGA_design-src/GLB_Cluster/Iact_addr_SRAM.v" Line 12. Module iact_addr_SRAM doesn't have a timescale but at least one module in design has a timescale.
WARNING: [XSIM 43-4099] "C:/Users/bless/Downloads/BoooC CNN-Accelerator-Based-on-Eyeriss-v2 master FPGA_design-src/GLB_Cluster/Iact_addr_SRAM.v" Line 218. Module Iact_Addr_SRAM_BRAM doesn't have a timescale but at least one module in design has a timescale.
WARNING: [XSIM 43-4099] "C:/Users/bless/Downloads/BoooC CNN-Accelerator-Based-on-Eyeriss-v2 master FPGA_design-src/GLB_Cluster/Iact_data_SRAM.v" Line 1. Module lact_data_SRAM doesn't have a timescale but at least one module in design has a timescale.
WARNING: [XSIM 43-4099] "C:/Users/bless/Downloads/BoooC CNN-Accelerator-Based-on-Eyeriss-v2 master FPGA_design-src/PE_Cluster/PE/SPad/Psum_Spad.v" Line 129. Module Iact_Data_SRAM_BRAM doesn't have a timescale but at least one module in design has a timescale.
WARNING: [XSIM 43-4099] "C:/Users/bless/Downloads/BoooC CNN-Accelerator-Based-on-Eyeriss-v2 master FPGA_design-src/GLB_Cluster/Iact_SRAM_Bank.v" Line 9. Module Iact_SRAM_Bank doesn't have a timescale but at least one module in design has a timescale.
WARNING: [XSIM 43-4099] "C:/Users/bless/Downloads/BoooC CNN-Accelerator-Based-on-Eyeriss-v2 master FPGA_design-src/GLB_Cluster/Iact_addr_SRAM.v" Line 12. Module iact_addr_SRAM doesn't have a timescale but at least one module in design has a timescale.
WARNING: [XSIM 43-4099] "C:/Users/bless/Downloads/BoooC CNN-Accelerator-Based-on-Eyeriss-v2 master FPGA_design-src/GLB_Cluster/Iact_addr_SRAM.v" Line 218. Module Iact_Addr_SRAM_BRAM doesn't have a timescale but at least one module in design has a timescale.
WARNING: [XSIM 43-4099] "C:/Users/bless/Downloads/BoooC CNN-Accelerator-Based-on-Eyeriss-v2 master FPGA_design-src/GLB_Cluster/Iact_data_SRAM.v" Line 1. Module lact_data_SRAM doesn't have a timescale but at least one module in design has a timescale.
WARNING: [XSIM 43-4099] "C:/Users/bless/Downloads/BoooC CNN-Accelerator-Based-on-Eyeriss-v2 master FPGA_design-src/PE_Cluster/PE/SPad/Psum_Spad.v" Line 129. Module Iact_Data_SRAM_BRAM doesn't have a timescale but at least one module in design has a timescale.
WARNING: [XSIM 43-4099] "C:/Users/bless/Downloads/BoooC CNN-Accelerator-Based-on-Eyeriss-v2 master FPGA_design-src/GLB_Cluster/Iact_SRAM_Bank.v" Line 9. Module Iact_SRAM_Bank doesn't have a timescale but at least one module in design has a timescale.
WARNING: [XSIM 43-4099] "C:/Users/bless/Downloads/BoooC CNN-Accelerator-Based-on-Eyeriss-v2 master FPGA_design-src/GLB_Cluster/Iact_addr_SRAM.v" Line 12. Module iact_addr_SRAM doesn't have a timescale but at least one module in design has a timescale.
WARNING: [XSIM 43-4099] "C:/Users/bless/Downloads/BoooC CNN-Accelerator-Based-on-Eyeriss-v2 master FPGA_design-src/GLB_Cluster/Iact_addr_SRAM.v" Line 218. Module Iact_Addr_SRAM_BRAM doesn't have a timescale but at least one module in design has a timescale.
WARNING: [XSIM 43-4099] "C:/Users/bless/Downloads/BoooC CNN-Accelerator-Based-on-Eyeriss-v2 master FPGA_design-src/GLB_Cluster/Iact_data_SRAM.v" Line 1. Module lact_data_SRAM doesn't have a timescale but at least one module in design has a timescale.
WARNING: [XSIM 43-4099] "C:/Users/bless/Downloads/BoooC CNN-Accelerator-Based-on-Eyeriss-v2 master FPGA_design-src/PE_Cluster/PE/SPad/Psum_Spad.v" Line 129. Module Iact_Data_SRAM_BRAM doesn't have a timescale but at least one module in design has a timescale.
WARNING: [XSIM 43-4099] "C:/Users/bless/Downloads/BoooC CNN-Accelerator-Based-on-Eyeriss-v2 master FPGA_design-src/GLB_Cluster/Iact_SRAM_Bank.v" Line 9. Module Iact_SRAM_Bank doesn't have a timescale but at least one module in design has a timescale.
WARNING: [XSIM 43-4099] "C:/Users/bless/Downloads/BoooC CNN-Accelerator-Based-on-Eyeriss-v2 master FPGA_design-src/GLB_Cluster/Iact_addr_SRAM.v" Line 12. Module iact_addr_SRAM doesn't have a timescale but at least one module in design has a timescale.
WARNING: [XSIM 43-4099] "C:/Users/bless/Downloads/BoooC CNN-Accelerator-Based-on-Eyeriss-v2 master FPGA_design-src/GLB_Cluster/Iact_addr_SRAM.v" Line 218. Module Iact_Addr_SRAM_BRAM doesn't have a timescale but at least one module in design has a timescale.
WARNING: [XSIM 43-4099] "C:/Users/bless/Downloads/BoooC CNN-Accelerator-Based-on-Eyeriss-v2 master FPGA_design-src/GLB_Cluster/Iact_data_SRAM.v" Line 1. Module lact_data_SRAM doesn't have a timescale but at least one module in design has a timescale.
WARNING: [XSIM 43-4099] "C:/Users/bless/Downloads/BoooC CNN-Accelerator-Based-on-Eyeriss-v2 master FPGA_design-src/PE_Cluster/PE/SPad/Psum_Spad.v" Line 129. Module Iact_Data_SRAM_BRAM doesn't have a timescale but at least one module in design has a timescale.
WARNING: [XSIM 43-4099] "C:/Users/bless/Downloads/BoooC CNN-Accelerator-Based-on-Eyeriss-v2 master FPGA_design-src/GLB_Cluster/Psum_SRAM_Bank.v" Line 1. Module Psum_SRAM_Bank doesn't have a timescale but at least one module in design has a timescale.
WARNING: [XSIM 43-4099] "C:/Users/bless/Downloads/BoooC CNN-Accelerator-Based-on-Eyeriss-v2 master FPGA_design-src/GLB_Cluster/Psum_SRAM_Bank.v" Line 73. Module Psum_Data_SRAM_BRAM doesn't have a timescale but at least one module in design has a timescale.
WARNING: [XSIM 43-4099] "C:/Users/bless/Downloads/BoooC CNN-Accelerator-Based-on-Eyeriss-v2 master FPGA_design-src/GLB_Cluster/Psum_SRAM_Bank.v" Line 1. Module Psum_SRAM_Bank doesn't have a timescale but at least one module in design has a timescale.
WARNING: [XSIM 43-4099] "C:/Users/bless/Downloads/BoooC CNN-Accelerator-Based-on-Eyeriss-v2 master FPGA_design-src/GLB_Cluster/Psum_SRAM_Bank.v" Line 73. Module Psum_Data_SRAM_BRAM doesn't have a timescale but at least one module in design has a timescale.
WARNING: [XSIM 43-4099] "C:/Users/bless/Downloads/BoooC CNN-Accelerator-Based-on-Eyeriss-v2 master FPGA_design-src/GLB_Cluster/Psum_SRAM_Bank.v" Line 1. Module Psum_SRAM_Bank doesn't have a timescale but at least one module in design has a timescale.
WARNING: [XSIM 43-4099] "C:/Users/bless/Downloads/BoooC CNN-Accelerator-Based-on-Eyeriss-v2 master FPGA_design-src/GLB_Cluster/Psum_SRAM_Bank.v" Line 73. Module Psum_Data_SRAM_BRAM doesn't have a timescale but at least one module in design has a timescale.
WARNING: [XSIM 43-4099] "C:/Users/bless/Downloads/BoooC CNN-Accelerator-Based-on-Eyeriss-v2 master FPGA_design-src/Router_Cluster/Router_Cluster.v" Line 14. Module Router_Cluster doesn't have a timescale but at least one module in design has a timescale.
WARNING: [XSIM 43-4099] "C:/Users/bless/Downloads/BoooC CNN-Accelerator-Based-on-Eyeriss-v2 master FPGA_design-src/Router_Cluster/Iact_Router.v" Line 22. Module Iact_Router doesn't have a timescale but at least one module in design has a timescale.
WARNING: [XSIM 43-4099] "C:/Users/bless/Downloads/BoooC CNN-Accelerator-Based-on-Eyeriss-v2 master FPGA_design-src/Router_Cluster/Iact_Router.v" Line 22. Module Iact_Router doesn't have a timescale but at least one module in design has a timescale.
WARNING: [XSIM 43-4099] "C:/Users/bless/Downloads/BoooC CNN-Accelerator-Based-on-Eyeriss-v2 master FPGA_design-src/Router_Cluster/Iact_Router.v" Line 22. Module Iact_Router doesn't have a timescale but at least one module in design has a timescale.
WARNING: [XSIM 43-4099] "C:/Users/bless/Downloads/BoooC CNN-Accelerator-Based-on-Eyeriss-v2 master FPGA_design-src/Router_Cluster/Iact_Router.v" Line 22. Module Iact_Router doesn't have a timescale but at least one module in design has a timescale.
WARNING: [XSIM 43-4099] "C:/Users/bless/Downloads/BoooC CNN-Accelerator-Based-on-Eyeriss-v2 master FPGA_design-src/Router_Cluster/Iact_Router.v" Line 22. Module Iact_Router doesn't have a timescale but at least one module in design has a timescale.
WARNING: [XSIM 43-4099] "C:/Users/bless/Downloads/BoooC CNN-Accelerator-Based-on-Eyeriss-v2 master FPGA_design-src/Router_Cluster/Iact_Router.v" Line 22. Module Iact_Router doesn't have a timescale but at least one module in design has a timescale.
WARNING: [XSIM 43-4099] "C:/Users/bless/Downloads/BoooC CNN-Accelerator-Based-on-Eyeriss-v2 master FPGA_design-src/Router_Cluster/Iact_Router.v" Line 22. Module Iact_Router doesn't have a timescale but at least one module in design has a timescale.
WARNING: [XSIM 43-4099] "C:/Users/bless/Downloads/BoooC CNN-Accelerator-Based-on-Eyeriss-v2 master FPGA_design-src/Router_Cluster/Iact_Router.v" Line 22. Module Iact_Router doesn't have a timescale but at least one module in design has a timescale.
WARNING: [XSIM 43-4099] "C:/Users/bless/Downloads/BoooC CNN-Accelerator-Based-on-Eyeriss-v2 master FPGA_design-src/Router_Cluster/Iact_Router.v" Line 22. Module Iact_Router doesn't have a timescale but at least one module in design has a timescale.
WARNING: [XSIM 43-4099] "C:/Users/bless/Downloads/BoooC CNN-Accelerator-Based-on-Eyeriss-v2 master FPGA_design-src/Router_Cluster/Weight_Router.v" Line 22. Module Weight_Router doesn't have a timescale but at least one module in design has a timescale.
WARNING: [XSIM 43-4099] "C:/Users/bless/Downloads/BoooC CNN-Accelerator-Based-on-Eyeriss-v2 master FPGA_design-src/Router_Cluster/Weight_Router.v" Line 22. Module Weight_Router doesn't have a timescale but at least one module in design has a timescale.
WARNING: [XSIM 43-4099] "C:/Users/bless/Downloads/BoooC CNN-Accelerator-Based-on-Eyeriss-v2 master FPGA_design-src/Router_Cluster/Weight_Router.v" Line 22. Module Weight_Router doesn't have a timescale but at least one module in design has a timescale.
WARNING: [XSIM 43-4099] "C:/Users/bless/Downloads/BoooC CNN-Accelerator-Based-on-Eyeriss-v2 master FPGA_design-src/Router_Cluster/Psum_Router.v" Line 22. Module Psum_Router doesn't have a timescale but at least one module in design has a timescale.
WARNING: [XSIM 43-4099] "C:/Users/bless/Downloads/BoooC CNN-Accelerator-Based-on-Eyeriss-v2 master FPGA_design-src/Router_Cluster/Psum_Router.v" Line 22. Module Psum_Router doesn't have a timescale but at least one module in design has a timescale.
WARNING: [XSIM 43-4099] "C:/Users/bless/Downloads/BoooC CNN-Accelerator-Based-on-Eyeriss-v2 master FPGA_design-src/Router_Cluster/Psum_Router.v" Line 22. Module Psum_Router doesn't have a timescale but at least one module in design has a timescale.
WARNING: [XSIM 43-4099] "C:/Users/bless/Downloads/BoooC CNN-Accelerator-Based-on-Eyeriss-v2 master FPGA_design-src/Cluster_Group/Cluster_Group_Controller.v" Line 15. Module Cluster_Group_Controller doesn't have a timescale but at least one module in design has a timescale.
WARNING: [XSIM 43-4099] "C:/Users/bless/Downloads/BoooC CNN-Accelerator-Based-on-Eyeriss-v2 master FPGA_design-src/Cluster_Group/Cluster_Group.v" Line 13. Module ClusterGroup doesn't have a timescale but at least one module in design has a timescale.
WARNING: [XSIM 43-4099] "C:/Users/bless/Downloads/BoooC CNN-Accelerator-Based-on-Eyeriss-v2 master FPGA_design-src/PE_Cluster/PE_Cluster.v" Line 11. Module PE_Cluster doesn't have a timescale but at least one module in design has a timescale.
WARNING: [XSIM 43-4099] "C:/Users/bless/Downloads/BoooC CNN-Accelerator-Based-on-Eyeriss-v2 master FPGA_design-src/PE_Cluster/PE/Processing_Element.v" Line 9. Module ProcessingElement doesn't have a timescale but at least one module in design has a timescale.
WARNING: [XSIM 43-4099] "C:/Users/bless/Downloads/BoooC CNN-Accelerator-Based-on-Eyeriss-v2 master FPGA_design-src/PE_Cluster/PE/Processing_Element_Controller.v" Line 8. Module Processing_Element_Controller doesn't have a timescale but at least one module in design has a timescale.
WARNING: [XSIM 43-4099] "C:/Users/bless/Downloads/BoooC CNN-Accelerator-Based-on-Eyeriss-v2 master FPGA_design-src/PE_Cluster/PE/Processing_Element_core.v" Line 11. Module Processing_Element_core doesn't have a timescale but at least one module in design has a timescale.
WARNING: [XSIM 43-4099] "C:/Users/bless/Downloads/BoooC CNN-Accelerator-Based-on-Eyeriss-v2 master FPGA_design-src/PE_Cluster/PE/SPad/Psum_Spad.v" Line 1. Module Psum_Spad doesn't have a timescale but at least one module in design has a timescale.
WARNING: [XSIM 43-4099] "C:/Users/bless/Downloads/BoooC CNN-Accelerator-Based-on-Eyeriss-v2 master FPGA_design-src/PE_Cluster/PE/SPad/Psum_Spad.v" Line 48. Module Psum_DATA_Spad_BRAM doesn't have a timescale but at least one module in design has a timescale.
WARNING: [XSIM 43-4099] "C:/Users/bless/Downloads/BoooC CNN-Accelerator-Based-on-Eyeriss-v2 master FPGA_design-src/PE_Cluster/PE/SPad/Former_addr_Spad.v" Line 9. Module Former_Address_Spad doesn't have a timescale but at least one module in design has a timescale.
WARNING: [XSIM 43-4099] "C:/Users/bless/Downloads/BoooC CNN-Accelerator-Based-on-Eyeriss-v2 master FPGA_design-src/PE_Cluster/PE/SPad/Former_data_Spad.v" Line 1. Module Former_Data_Spad doesn't have a timescale but at least one module in design has a timescale.
WARNING: [XSIM 43-4099] "C:/Users/bless/Downloads/BoooC CNN-Accelerator-Based-on-Eyeriss-v2 master FPGA_design-src/PE_Cluster/PE/SPad/Former_data_Spad.v" Line 69. Module Iact_DATA_Spad_BRAM doesn't have a timescale but at least one module in design has a timescale.
WARNING: [XSIM 43-4099] "C:/Users/bless/Downloads/BoooC CNN-Accelerator-Based-on-Eyeriss-v2 master FPGA_design-src/PE_Cluster/PE/SPad/Later_addr_Spad.v" Line 10. Module Later_Address_Spad doesn't have a timescale but at least one module in design has a timescale.
WARNING: [XSIM 43-4099] "C:/Users/bless/Downloads/BoooC CNN-Accelerator-Based-on-Eyeriss-v2 master FPGA_design-src/PE_Cluster/PE/SPad/Later_data_Spad.v" Line 15. Module Later_Data_Spad doesn't have a timescale but at least one module in design has a timescale.
WARNING: [XSIM 43-4099] "C:/Users/bless/Downloads/BoooC CNN-Accelerator-Based-on-Eyeriss-v2 master FPGA_design-src/PE_Cluster/PE/SPad/Later_data_Spad.v" Line 134. Module Weight_DATA_Spad_BRAM doesn't have a timescale but at least one module in design has a timescale.
WARNING: [XSIM 43-4099] "C:/Users/bless/Downloads/BoooC CNN-Accelerator-Based-on-Eyeriss-v2 master FPGA_design-src/PE_Cluster/PE/PE_data_FIFO.v" Line 9. Module PE_data_FIFO(DATA_IN_WIDTH=8) doesn't have a timescale but at least one module in design has a timescale.
WARNING: [XSIM 43-4099] "C:/Users/bless/Downloads/BoooC CNN-Accelerator-Based-on-Eyeriss-v2 master FPGA_design-src/PE_Cluster/PE/PE_data_FIFO.v" Line 9. Module PE_data_FIFO(DATA_IN_WIDTH=13) doesn't have a timescale but at least one module in design has a timescale.
WARNING: [XSIM 43-4099] "C:/Users/bless/Downloads/BoooC CNN-Accelerator-Based-on-Eyeriss-v2 master FPGA_design-src/PE_Cluster/PE/PE_data_FIFO.v" Line 9. Module PE_data_FIFO(DATA_IN_WIDTH=7) doesn't have a timescale but at least one module in design has a timescale.
WARNING: [XSIM 43-4099] "C:/Users/bless/Downloads/BoooC CNN-Accelerator-Based-on-Eyeriss-v2 master FPGA_design-src/PE_Cluster/PE/PE_data_FIFO.v" Line 9. Module PE_data_FIFO(DATA_IN_WIDTH=12) doesn't have a timescale but at least one module in design has a timescale.
WARNING: [XSIM 43-4099] "C:/Users/bless/Downloads/BoooC CNN-Accelerator-Based-on-Eyeriss-v2 master FPGA_design-src/PE_Cluster/PE/PE_psum_FIFO.v" Line 11. Module PE_psum_FIFO doesn't have a timescale but at least one module in design has a timescale.
WARNING: [XSIM 43-4099] "C:/Users/bless/Downloads/BoooC CNN-Accelerator-Based-on-Eyeriss-v2 master FPGA_design-src/PE_Cluster/PE/PE_psum_FIFO.v" Line 11. Module PE_psum_FIFO doesn't have a timescale but at least one module in design has a timescale.
WARNING: [XSIM 43-4099] "C:/Users/bless/Downloads/BoooC CNN-Accelerator-Based-on-Eyeriss-v2 master FPGA_design-src/PE_Cluster/PE/Processing_Element.v" Line 9. Module ProcessingElement doesn't have a timescale but at least one module in design has a timescale.
WARNING: [XSIM 43-4099] "C:/Users/bless/Downloads/BoooC CNN-Accelerator-Based-on-Eyeriss-v2 master FPGA_design-src/PE_Cluster/PE/Processing_Element_Controller.v" Line 8. Module Processing_Element_Controller doesn't have a timescale but at least one module in design has a timescale.
WARNING: [XSIM 43-4099] "C:/Users/bless/Downloads/BoooC CNN-Accelerator-Based-on-Eyeriss-v2 master FPGA_design-src/PE_Cluster/PE/Processing_Element_core.v" Line 11. Module Processing_Element_core doesn't have a timescale but at least one module in design has a timescale.
WARNING: [XSIM 43-4099] "C:/Users/bless/Downloads/BoooC CNN-Accelerator-Based-on-Eyeriss-v2 master FPGA_design-src/PE_Cluster/PE/SPad/Psum_Spad.v" Line 1. Module Psum_Spad doesn't have a timescale but at least one module in design has a timescale.
WARNING: [XSIM 43-4099] "C:/Users/bless/Downloads/BoooC CNN-Accelerator-Based-on-Eyeriss-v2 master FPGA_design-src/PE_Cluster/PE/SPad/Psum_Spad.v" Line 48. Module Psum_DATA_Spad_BRAM doesn't have a timescale but at least one module in design has a timescale.
WARNING: [XSIM 43-4099] "C:/Users/bless/Downloads/BoooC CNN-Accelerator-Based-on-Eyeriss-v2 master FPGA_design-src/PE_Cluster/PE/SPad/Former_addr_Spad.v" Line 9. Module Former_Address_Spad doesn't have a timescale but at least one module in design has a timescale.
WARNING: [XSIM 43-4099] "C:/Users/bless/Downloads/BoooC CNN-Accelerator-Based-on-Eyeriss-v2 master FPGA_design-src/PE_Cluster/PE/SPad/Former_data_Spad.v" Line 1. Module Former_Data_Spad doesn't have a timescale but at least one module in design has a timescale.
WARNING: [XSIM 43-4099] "C:/Users/bless/Downloads/BoooC CNN-Accelerator-Based-on-Eyeriss-v2 master FPGA_design-src/PE_Cluster/PE/SPad/Former_data_Spad.v" Line 69. Module Iact_DATA_Spad_BRAM doesn't have a timescale but at least one module in design has a timescale.
WARNING: [XSIM 43-4099] "C:/Users/bless/Downloads/BoooC CNN-Accelerator-Based-on-Eyeriss-v2 master FPGA_design-src/PE_Cluster/PE/SPad/Later_addr_Spad.v" Line 10. Module Later_Address_Spad doesn't have a timescale but at least one module in design has a timescale.
WARNING: [XSIM 43-4099] "C:/Users/bless/Downloads/BoooC CNN-Accelerator-Based-on-Eyeriss-v2 master FPGA_design-src/PE_Cluster/PE/SPad/Later_data_Spad.v" Line 15. Module Later_Data_Spad doesn't have a timescale but at least one module in design has a timescale.
WARNING: [XSIM 43-4099] "C:/Users/bless/Downloads/BoooC CNN-Accelerator-Based-on-Eyeriss-v2 master FPGA_design-src/PE_Cluster/PE/SPad/Later_data_Spad.v" Line 134. Module Weight_DATA_Spad_BRAM doesn't have a timescale but at least one module in design has a timescale.
WARNING: [XSIM 43-4099] "C:/Users/bless/Downloads/BoooC CNN-Accelerator-Based-on-Eyeriss-v2 master FPGA_design-src/PE_Cluster/PE/PE_data_FIFO.v" Line 9. Module PE_data_FIFO(DATA_IN_WIDTH=8) doesn't have a timescale but at least one module in design has a timescale.
WARNING: [XSIM 43-4099] "C:/Users/bless/Downloads/BoooC CNN-Accelerator-Based-on-Eyeriss-v2 master FPGA_design-src/PE_Cluster/PE/PE_data_FIFO.v" Line 9. Module PE_data_FIFO(DATA_IN_WIDTH=13) doesn't have a timescale but at least one module in design has a timescale.
WARNING: [XSIM 43-4099] "C:/Users/bless/Downloads/BoooC CNN-Accelerator-Based-on-Eyeriss-v2 master FPGA_design-src/PE_Cluster/PE/PE_data_FIFO.v" Line 9. Module PE_data_FIFO(DATA_IN_WIDTH=7) doesn't have a timescale but at least one module in design has a timescale.
WARNING: [XSIM 43-4099] "C:/Users/bless/Downloads/BoooC CNN-Accelerator-Based-on-Eyeriss-v2 master FPGA_design-src/PE_Cluster/PE/PE_data_FIFO.v" Line 9. Module PE_data_FIFO(DATA_IN_WIDTH=12) doesn't have a timescale but at least one module in design has a timescale.
WARNING: [XSIM 43-4099] "C:/Users/bless/Downloads/BoooC CNN-Accelerator-Based-on-Eyeriss-v2 master FPGA_design-src/PE_Cluster/PE/PE_psum_FIFO.v" Line 11. Module PE_psum_FIFO doesn't have a timescale but at least one module in design has a timescale.
WARNING: [XSIM 43-4099] "C:/Users/bless/Downloads/BoooC CNN-Accelerator-Based-on-Eyeriss-v2 master FPGA_design-src/PE_Cluster/PE/PE_psum_FIFO.v" Line 11. Module PE_psum_FIFO doesn't have a timescale but at least one module in design has a timescale.
WARNING: [XSIM 43-4099] "C:/Users/bless/Downloads/BoooC CNN-Accelerator-Based-on-Eyeriss-v2 master FPGA_design-src/PE_Cluster/PE/Processing_Element.v" Line 9. Module ProcessingElement doesn't have a timescale but at least one module in design has a timescale.
WARNING: [XSIM 43-4099] "C:/Users/bless/Downloads/BoooC CNN-Accelerator-Based-on-Eyeriss-v2 master FPGA_design-src/PE_Cluster/PE/Processing_Element_Controller.v" Line 8. Module Processing_Element_Controller doesn't have a timescale but at least one module in design has a timescale.
WARNING: [XSIM 43-4099] "C:/Users/bless/Downloads/BoooC CNN-Accelerator-Based-on-Eyeriss-v2 master FPGA_design-src/PE_Cluster/PE/Processing_Element_core.v" Line 11. Module Processing_Element_core doesn't have a timescale but at least one module in design has a timescale.
WARNING: [XSIM 43-4099] "C:/Users/bless/Downloads/BoooC CNN-Accelerator-Based-on-Eyeriss-v2 master FPGA_design-src/PE_Cluster/PE/SPad/Psum_Spad.v" Line 1. Module Psum_Spad doesn't have a timescale but at least one module in design has a timescale.
WARNING: [XSIM 43-4099] "C:/Users/bless/Downloads/BoooC CNN-Accelerator-Based-on-Eyeriss-v2 master FPGA_design-src/PE_Cluster/PE/SPad/Psum_Spad.v" Line 48. Module Psum_DATA_Spad_BRAM doesn't have a timescale but at least one module in design has a timescale.
WARNING: [XSIM 43-4099] "C:/Users/bless/Downloads/BoooC CNN-Accelerator-Based-on-Eyeriss-v2 master FPGA_design-src/PE_Cluster/PE/SPad/Former_addr_Spad.v" Line 9. Module Former_Address_Spad doesn't have a timescale but at least one module in design has a timescale.
WARNING: [XSIM 43-4099] "C:/Users/bless/Downloads/BoooC CNN-Accelerator-Based-on-Eyeriss-v2 master FPGA_design-src/PE_Cluster/PE/SPad/Former_data_Spad.v" Line 1. Module Former_Data_Spad doesn't have a timescale but at least one module in design has a timescale.
WARNING: [XSIM 43-4099] "C:/Users/bless/Downloads/BoooC CNN-Accelerator-Based-on-Eyeriss-v2 master FPGA_design-src/PE_Cluster/PE/SPad/Former_data_Spad.v" Line 69. Module Iact_DATA_Spad_BRAM doesn't have a timescale but at least one module in design has a timescale.
WARNING: [XSIM 43-4099] "C:/Users/bless/Downloads/BoooC CNN-Accelerator-Based-on-Eyeriss-v2 master FPGA_design-src/PE_Cluster/PE/SPad/Later_addr_Spad.v" Line 10. Module Later_Address_Spad doesn't have a timescale but at least one module in design has a timescale.
WARNING: [XSIM 43-4099] "C:/Users/bless/Downloads/BoooC CNN-Accelerator-Based-on-Eyeriss-v2 master FPGA_design-src/PE_Cluster/PE/SPad/Later_data_Spad.v" Line 15. Module Later_Data_Spad doesn't have a timescale but at least one module in design has a timescale.
WARNING: [XSIM 43-4099] "C:/Users/bless/Downloads/BoooC CNN-Accelerator-Based-on-Eyeriss-v2 master FPGA_design-src/PE_Cluster/PE/SPad/Later_data_Spad.v" Line 134. Module Weight_DATA_Spad_BRAM doesn't have a timescale but at least one module in design has a timescale.
WARNING: [XSIM 43-4099] "C:/Users/bless/Downloads/BoooC CNN-Accelerator-Based-on-Eyeriss-v2 master FPGA_design-src/PE_Cluster/PE/PE_data_FIFO.v" Line 9. Module PE_data_FIFO(DATA_IN_WIDTH=8) doesn't have a timescale but at least one module in design has a timescale.
WARNING: [XSIM 43-4099] "C:/Users/bless/Downloads/BoooC CNN-Accelerator-Based-on-Eyeriss-v2 master FPGA_design-src/PE_Cluster/PE/PE_data_FIFO.v" Line 9. Module PE_data_FIFO(DATA_IN_WIDTH=13) doesn't have a timescale but at least one module in design has a timescale.
WARNING: [XSIM 43-4099] "C:/Users/bless/Downloads/BoooC CNN-Accelerator-Based-on-Eyeriss-v2 master FPGA_design-src/PE_Cluster/PE/PE_data_FIFO.v" Line 9. Module PE_data_FIFO(DATA_IN_WIDTH=7) doesn't have a timescale but at least one module in design has a timescale.
WARNING: [XSIM 43-4099] "C:/Users/bless/Downloads/BoooC CNN-Accelerator-Based-on-Eyeriss-v2 master FPGA_design-src/PE_Cluster/PE/PE_data_FIFO.v" Line 9. Module PE_data_FIFO(DATA_IN_WIDTH=12) doesn't have a timescale but at least one module in design has a timescale.
WARNING: [XSIM 43-4099] "C:/Users/bless/Downloads/BoooC CNN-Accelerator-Based-on-Eyeriss-v2 master FPGA_design-src/PE_Cluster/PE/PE_psum_FIFO.v" Line 11. Module PE_psum_FIFO doesn't have a timescale but at least one module in design has a timescale.
WARNING: [XSIM 43-4099] "C:/Users/bless/Downloads/BoooC CNN-Accelerator-Based-on-Eyeriss-v2 master FPGA_design-src/PE_Cluster/PE/PE_psum_FIFO.v" Line 11. Module PE_psum_FIFO doesn't have a timescale but at least one module in design has a timescale.
WARNING: [XSIM 43-4099] "C:/Users/bless/Downloads/BoooC CNN-Accelerator-Based-on-Eyeriss-v2 master FPGA_design-src/PE_Cluster/PE/Processing_Element.v" Line 9. Module ProcessingElement doesn't have a timescale but at least one module in design has a timescale.
WARNING: [XSIM 43-4099] "C:/Users/bless/Downloads/BoooC CNN-Accelerator-Based-on-Eyeriss-v2 master FPGA_design-src/PE_Cluster/PE/Processing_Element_Controller.v" Line 8. Module Processing_Element_Controller doesn't have a timescale but at least one module in design has a timescale.
WARNING: [XSIM 43-4099] "C:/Users/bless/Downloads/BoooC CNN-Accelerator-Based-on-Eyeriss-v2 master FPGA_design-src/PE_Cluster/PE/Processing_Element_core.v" Line 11. Module Processing_Element_core doesn't have a timescale but at least one module in design has a timescale.
WARNING: [XSIM 43-4099] "C:/Users/bless/Downloads/BoooC CNN-Accelerator-Based-on-Eyeriss-v2 master FPGA_design-src/PE_Cluster/PE/SPad/Psum_Spad.v" Line 1. Module Psum_Spad doesn't have a timescale but at least one module in design has a timescale.
WARNING: [XSIM 43-4099] "C:/Users/bless/Downloads/BoooC CNN-Accelerator-Based-on-Eyeriss-v2 master FPGA_design-src/PE_Cluster/PE/SPad/Psum_Spad.v" Line 48. Module Psum_DATA_Spad_BRAM doesn't have a timescale but at least one module in design has a timescale.
WARNING: [XSIM 43-4099] "C:/Users/bless/Downloads/BoooC CNN-Accelerator-Based-on-Eyeriss-v2 master FPGA_design-src/PE_Cluster/PE/SPad/Former_addr_Spad.v" Line 9. Module Former_Address_Spad doesn't have a timescale but at least one module in design has a timescale.
WARNING: [XSIM 43-4099] "C:/Users/bless/Downloads/BoooC CNN-Accelerator-Based-on-Eyeriss-v2 master FPGA_design-src/PE_Cluster/PE/SPad/Former_data_Spad.v" Line 1. Module Former_Data_Spad doesn't have a timescale but at least one module in design has a timescale.
WARNING: [XSIM 43-4099] "C:/Users/bless/Downloads/BoooC CNN-Accelerator-Based-on-Eyeriss-v2 master FPGA_design-src/PE_Cluster/PE/SPad/Former_data_Spad.v" Line 69. Module Iact_DATA_Spad_BRAM doesn't have a timescale but at least one module in design has a timescale.
WARNING: [XSIM 43-4099] "C:/Users/bless/Downloads/BoooC CNN-Accelerator-Based-on-Eyeriss-v2 master FPGA_design-src/PE_Cluster/PE/SPad/Later_addr_Spad.v" Line 10. Module Later_Address_Spad doesn't have a timescale but at least one module in design has a timescale.
WARNING: [XSIM 43-4099] "C:/Users/bless/Downloads/BoooC CNN-Accelerator-Based-on-Eyeriss-v2 master FPGA_design-src/PE_Cluster/PE/SPad/Later_data_Spad.v" Line 15. Module Later_Data_Spad doesn't have a timescale but at least one module in design has a timescale.
WARNING: [XSIM 43-4099] "C:/Users/bless/Downloads/BoooC CNN-Accelerator-Based-on-Eyeriss-v2 master FPGA_design-src/PE_Cluster/PE/SPad/Later_data_Spad.v" Line 134. Module Weight_DATA_Spad_BRAM doesn't have a timescale but at least one module in design has a timescale.
WARNING: [XSIM 43-4099] "C:/Users/bless/Downloads/BoooC CNN-Accelerator-Based-on-Eyeriss-v2 master FPGA_design-src/PE_Cluster/PE/PE_data_FIFO.v" Line 9. Module PE_data_FIFO(DATA_IN_WIDTH=8) doesn't have a timescale but at least one module in design has a timescale.
WARNING: [XSIM 43-4099] "C:/Users/bless/Downloads/BoooC CNN-Accelerator-Based-on-Eyeriss-v2 master FPGA_design-src/PE_Cluster/PE/PE_data_FIFO.v" Line 9. Module PE_data_FIFO(DATA_IN_WIDTH=13) doesn't have a timescale but at least one module in design has a timescale.
WARNING: [XSIM 43-4099] "C:/Users/bless/Downloads/BoooC CNN-Accelerator-Based-on-Eyeriss-v2 master FPGA_design-src/PE_Cluster/PE/PE_data_FIFO.v" Line 9. Module PE_data_FIFO(DATA_IN_WIDTH=7) doesn't have a timescale but at least one module in design has a timescale.
WARNING: [XSIM 43-4099] "C:/Users/bless/Downloads/BoooC CNN-Accelerator-Based-on-Eyeriss-v2 master FPGA_design-src/PE_Cluster/PE/PE_data_FIFO.v" Line 9. Module PE_data_FIFO(DATA_IN_WIDTH=12) doesn't have a timescale but at least one module in design has a timescale.
WARNING: [XSIM 43-4099] "C:/Users/bless/Downloads/BoooC CNN-Accelerator-Based-on-Eyeriss-v2 master FPGA_design-src/PE_Cluster/PE/PE_psum_FIFO.v" Line 11. Module PE_psum_FIFO doesn't have a timescale but at least one module in design has a timescale.
WARNING: [XSIM 43-4099] "C:/Users/bless/Downloads/BoooC CNN-Accelerator-Based-on-Eyeriss-v2 master FPGA_design-src/PE_Cluster/PE/PE_psum_FIFO.v" Line 11. Module PE_psum_FIFO doesn't have a timescale but at least one module in design has a timescale.
WARNING: [XSIM 43-4099] "C:/Users/bless/Downloads/BoooC CNN-Accelerator-Based-on-Eyeriss-v2 master FPGA_design-src/PE_Cluster/PE/Processing_Element.v" Line 9. Module ProcessingElement doesn't have a timescale but at least one module in design has a timescale.
WARNING: [XSIM 43-4099] "C:/Users/bless/Downloads/BoooC CNN-Accelerator-Based-on-Eyeriss-v2 master FPGA_design-src/PE_Cluster/PE/Processing_Element_Controller.v" Line 8. Module Processing_Element_Controller doesn't have a timescale but at least one module in design has a timescale.
WARNING: [XSIM 43-4099] "C:/Users/bless/Downloads/BoooC CNN-Accelerator-Based-on-Eyeriss-v2 master FPGA_design-src/PE_Cluster/PE/Processing_Element_core.v" Line 11. Module Processing_Element_core doesn't have a timescale but at least one module in design has a timescale.
WARNING: [XSIM 43-4099] "C:/Users/bless/Downloads/BoooC CNN-Accelerator-Based-on-Eyeriss-v2 master FPGA_design-src/PE_Cluster/PE/SPad/Psum_Spad.v" Line 1. Module Psum_Spad doesn't have a timescale but at least one module in design has a timescale.
WARNING: [XSIM 43-4099] "C:/Users/bless/Downloads/BoooC CNN-Accelerator-Based-on-Eyeriss-v2 master FPGA_design-src/PE_Cluster/PE/SPad/Psum_Spad.v" Line 48. Module Psum_DATA_Spad_BRAM doesn't have a timescale but at least one module in design has a timescale.
WARNING: [XSIM 43-4099] "C:/Users/bless/Downloads/BoooC CNN-Accelerator-Based-on-Eyeriss-v2 master FPGA_design-src/PE_Cluster/PE/SPad/Former_addr_Spad.v" Line 9. Module Former_Address_Spad doesn't have a timescale but at least one module in design has a timescale.
WARNING: [XSIM 43-4099] "C:/Users/bless/Downloads/BoooC CNN-Accelerator-Based-on-Eyeriss-v2 master FPGA_design-src/PE_Cluster/PE/SPad/Former_data_Spad.v" Line 1. Module Former_Data_Spad doesn't have a timescale but at least one module in design has a timescale.
WARNING: [XSIM 43-4099] "C:/Users/bless/Downloads/BoooC CNN-Accelerator-Based-on-Eyeriss-v2 master FPGA_design-src/PE_Cluster/PE/SPad/Former_data_Spad.v" Line 69. Module Iact_DATA_Spad_BRAM doesn't have a timescale but at least one module in design has a timescale.
WARNING: [XSIM 43-4099] "C:/Users/bless/Downloads/BoooC CNN-Accelerator-Based-on-Eyeriss-v2 master FPGA_design-src/PE_Cluster/PE/SPad/Later_addr_Spad.v" Line 10. Module Later_Address_Spad doesn't have a timescale but at least one module in design has a timescale.
WARNING: [XSIM 43-4099] "C:/Users/bless/Downloads/BoooC CNN-Accelerator-Based-on-Eyeriss-v2 master FPGA_design-src/PE_Cluster/PE/SPad/Later_data_Spad.v" Line 15. Module Later_Data_Spad doesn't have a timescale but at least one module in design has a timescale.
WARNING: [XSIM 43-4099] "C:/Users/bless/Downloads/BoooC CNN-Accelerator-Based-on-Eyeriss-v2 master FPGA_design-src/PE_Cluster/PE/SPad/Later_data_Spad.v" Line 134. Module Weight_DATA_Spad_BRAM doesn't have a timescale but at least one module in design has a timescale.
WARNING: [XSIM 43-4099] "C:/Users/bless/Downloads/BoooC CNN-Accelerator-Based-on-Eyeriss-v2 master FPGA_design-src/PE_Cluster/PE/PE_data_FIFO.v" Line 9. Module PE_data_FIFO(DATA_IN_WIDTH=8) doesn't have a timescale but at least one module in design has a timescale.
WARNING: [XSIM 43-4099] "C:/Users/bless/Downloads/BoooC CNN-Accelerator-Based-on-Eyeriss-v2 master FPGA_design-src/PE_Cluster/PE/PE_data_FIFO.v" Line 9. Module PE_data_FIFO(DATA_IN_WIDTH=13) doesn't have a timescale but at least one module in design has a timescale.
WARNING: [XSIM 43-4099] "C:/Users/bless/Downloads/BoooC CNN-Accelerator-Based-on-Eyeriss-v2 master FPGA_design-src/PE_Cluster/PE/PE_data_FIFO.v" Line 9. Module PE_data_FIFO(DATA_IN_WIDTH=7) doesn't have a timescale but at least one module in design has a timescale.
WARNING: [XSIM 43-4099] "C:/Users/bless/Downloads/BoooC CNN-Accelerator-Based-on-Eyeriss-v2 master FPGA_design-src/PE_Cluster/PE/PE_data_FIFO.v" Line 9. Module PE_data_FIFO(DATA_IN_WIDTH=12) doesn't have a timescale but at least one module in design has a timescale.
WARNING: [XSIM 43-4099] "C:/Users/bless/Downloads/BoooC CNN-Accelerator-Based-on-Eyeriss-v2 master FPGA_design-src/PE_Cluster/PE/PE_psum_FIFO.v" Line 11. Module PE_psum_FIFO doesn't have a timescale but at least one module in design has a timescale.
WARNING: [XSIM 43-4099] "C:/Users/bless/Downloads/BoooC CNN-Accelerator-Based-on-Eyeriss-v2 master FPGA_design-src/PE_Cluster/PE/PE_psum_FIFO.v" Line 11. Module PE_psum_FIFO doesn't have a timescale but at least one module in design has a timescale.
WARNING: [XSIM 43-4099] "C:/Users/bless/Downloads/BoooC CNN-Accelerator-Based-on-Eyeriss-v2 master FPGA_design-src/PE_Cluster/PE/Processing_Element.v" Line 9. Module ProcessingElement doesn't have a timescale but at least one module in design has a timescale.
WARNING: [XSIM 43-4099] "C:/Users/bless/Downloads/BoooC CNN-Accelerator-Based-on-Eyeriss-v2 master FPGA_design-src/PE_Cluster/PE/Processing_Element_Controller.v" Line 8. Module Processing_Element_Controller doesn't have a timescale but at least one module in design has a timescale.
WARNING: [XSIM 43-4099] "C:/Users/bless/Downloads/BoooC CNN-Accelerator-Based-on-Eyeriss-v2 master FPGA_design-src/PE_Cluster/PE/Processing_Element_core.v" Line 11. Module Processing_Element_core doesn't have a timescale but at least one module in design has a timescale.
WARNING: [XSIM 43-4099] "C:/Users/bless/Downloads/BoooC CNN-Accelerator-Based-on-Eyeriss-v2 master FPGA_design-src/PE_Cluster/PE/SPad/Psum_Spad.v" Line 1. Module Psum_Spad doesn't have a timescale but at least one module in design has a timescale.
WARNING: [XSIM 43-4099] "C:/Users/bless/Downloads/BoooC CNN-Accelerator-Based-on-Eyeriss-v2 master FPGA_design-src/PE_Cluster/PE/SPad/Psum_Spad.v" Line 48. Module Psum_DATA_Spad_BRAM doesn't have a timescale but at least one module in design has a timescale.
WARNING: [XSIM 43-4099] "C:/Users/bless/Downloads/BoooC CNN-Accelerator-Based-on-Eyeriss-v2 master FPGA_design-src/PE_Cluster/PE/SPad/Former_addr_Spad.v" Line 9. Module Former_Address_Spad doesn't have a timescale but at least one module in design has a timescale.
WARNING: [XSIM 43-4099] "C:/Users/bless/Downloads/BoooC CNN-Accelerator-Based-on-Eyeriss-v2 master FPGA_design-src/PE_Cluster/PE/SPad/Former_data_Spad.v" Line 1. Module Former_Data_Spad doesn't have a timescale but at least one module in design has a timescale.
WARNING: [XSIM 43-4099] "C:/Users/bless/Downloads/BoooC CNN-Accelerator-Based-on-Eyeriss-v2 master FPGA_design-src/PE_Cluster/PE/SPad/Former_data_Spad.v" Line 69. Module Iact_DATA_Spad_BRAM doesn't have a timescale but at least one module in design has a timescale.
WARNING: [XSIM 43-4099] "C:/Users/bless/Downloads/BoooC CNN-Accelerator-Based-on-Eyeriss-v2 master FPGA_design-src/PE_Cluster/PE/SPad/Later_addr_Spad.v" Line 10. Module Later_Address_Spad doesn't have a timescale but at least one module in design has a timescale.
WARNING: [XSIM 43-4099] "C:/Users/bless/Downloads/BoooC CNN-Accelerator-Based-on-Eyeriss-v2 master FPGA_design-src/PE_Cluster/PE/SPad/Later_data_Spad.v" Line 15. Module Later_Data_Spad doesn't have a timescale but at least one module in design has a timescale.
WARNING: [XSIM 43-4099] "C:/Users/bless/Downloads/BoooC CNN-Accelerator-Based-on-Eyeriss-v2 master FPGA_design-src/PE_Cluster/PE/SPad/Later_data_Spad.v" Line 134. Module Weight_DATA_Spad_BRAM doesn't have a timescale but at least one module in design has a timescale.
WARNING: [XSIM 43-4099] "C:/Users/bless/Downloads/BoooC CNN-Accelerator-Based-on-Eyeriss-v2 master FPGA_design-src/PE_Cluster/PE/PE_data_FIFO.v" Line 9. Module PE_data_FIFO(DATA_IN_WIDTH=8) doesn't have a timescale but at least one module in design has a timescale.
WARNING: [XSIM 43-4099] "C:/Users/bless/Downloads/BoooC CNN-Accelerator-Based-on-Eyeriss-v2 master FPGA_design-src/PE_Cluster/PE/PE_data_FIFO.v" Line 9. Module PE_data_FIFO(DATA_IN_WIDTH=13) doesn't have a timescale but at least one module in design has a timescale.
WARNING: [XSIM 43-4099] "C:/Users/bless/Downloads/BoooC CNN-Accelerator-Based-on-Eyeriss-v2 master FPGA_design-src/PE_Cluster/PE/PE_data_FIFO.v" Line 9. Module PE_data_FIFO(DATA_IN_WIDTH=7) doesn't have a timescale but at least one module in design has a timescale.
WARNING: [XSIM 43-4099] "C:/Users/bless/Downloads/BoooC CNN-Accelerator-Based-on-Eyeriss-v2 master FPGA_design-src/PE_Cluster/PE/PE_data_FIFO.v" Line 9. Module PE_data_FIFO(DATA_IN_WIDTH=12) doesn't have a timescale but at least one module in design has a timescale.
WARNING: [XSIM 43-4099] "C:/Users/bless/Downloads/BoooC CNN-Accelerator-Based-on-Eyeriss-v2 master FPGA_design-src/PE_Cluster/PE/PE_psum_FIFO.v" Line 11. Module PE_psum_FIFO doesn't have a timescale but at least one module in design has a timescale.
WARNING: [XSIM 43-4099] "C:/Users/bless/Downloads/BoooC CNN-Accelerator-Based-on-Eyeriss-v2 master FPGA_design-src/PE_Cluster/PE/PE_psum_FIFO.v" Line 11. Module PE_psum_FIFO doesn't have a timescale but at least one module in design has a timescale.
WARNING: [XSIM 43-4099] "C:/Users/bless/Downloads/BoooC CNN-Accelerator-Based-on-Eyeriss-v2 master FPGA_design-src/PE_Cluster/PE/Processing_Element.v" Line 9. Module ProcessingElement doesn't have a timescale but at least one module in design has a timescale.
WARNING: [XSIM 43-4099] "C:/Users/bless/Downloads/BoooC CNN-Accelerator-Based-on-Eyeriss-v2 master FPGA_design-src/PE_Cluster/PE/Processing_Element_Controller.v" Line 8. Module Processing_Element_Controller doesn't have a timescale but at least one module in design has a timescale.
WARNING: [XSIM 43-4099] "C:/Users/bless/Downloads/BoooC CNN-Accelerator-Based-on-Eyeriss-v2 master FPGA_design-src/PE_Cluster/PE/Processing_Element_core.v" Line 11. Module Processing_Element_core doesn't have a timescale but at least one module in design has a timescale.
WARNING: [XSIM 43-4099] "C:/Users/bless/Downloads/BoooC CNN-Accelerator-Based-on-Eyeriss-v2 master FPGA_design-src/PE_Cluster/PE/SPad/Psum_Spad.v" Line 1. Module Psum_Spad doesn't have a timescale but at least one module in design has a timescale.
WARNING: [XSIM 43-4099] "C:/Users/bless/Downloads/BoooC CNN-Accelerator-Based-on-Eyeriss-v2 master FPGA_design-src/PE_Cluster/PE/SPad/Psum_Spad.v" Line 48. Module Psum_DATA_Spad_BRAM doesn't have a timescale but at least one module in design has a timescale.
WARNING: [XSIM 43-4099] "C:/Users/bless/Downloads/BoooC CNN-Accelerator-Based-on-Eyeriss-v2 master FPGA_design-src/PE_Cluster/PE/SPad/Former_addr_Spad.v" Line 9. Module Former_Address_Spad doesn't have a timescale but at least one module in design has a timescale.
WARNING: [XSIM 43-4099] "C:/Users/bless/Downloads/BoooC CNN-Accelerator-Based-on-Eyeriss-v2 master FPGA_design-src/PE_Cluster/PE/SPad/Former_data_Spad.v" Line 1. Module Former_Data_Spad doesn't have a timescale but at least one module in design has a timescale.
WARNING: [XSIM 43-4099] "C:/Users/bless/Downloads/BoooC CNN-Accelerator-Based-on-Eyeriss-v2 master FPGA_design-src/PE_Cluster/PE/SPad/Former_data_Spad.v" Line 69. Module Iact_DATA_Spad_BRAM doesn't have a timescale but at least one module in design has a timescale.
WARNING: [XSIM 43-4099] "C:/Users/bless/Downloads/BoooC CNN-Accelerator-Based-on-Eyeriss-v2 master FPGA_design-src/PE_Cluster/PE/SPad/Later_addr_Spad.v" Line 10. Module Later_Address_Spad doesn't have a timescale but at least one module in design has a timescale.
WARNING: [XSIM 43-4099] "C:/Users/bless/Downloads/BoooC CNN-Accelerator-Based-on-Eyeriss-v2 master FPGA_design-src/PE_Cluster/PE/SPad/Later_data_Spad.v" Line 15. Module Later_Data_Spad doesn't have a timescale but at least one module in design has a timescale.
WARNING: [XSIM 43-4099] "C:/Users/bless/Downloads/BoooC CNN-Accelerator-Based-on-Eyeriss-v2 master FPGA_design-src/PE_Cluster/PE/SPad/Later_data_Spad.v" Line 134. Module Weight_DATA_Spad_BRAM doesn't have a timescale but at least one module in design has a timescale.
WARNING: [XSIM 43-4099] "C:/Users/bless/Downloads/BoooC CNN-Accelerator-Based-on-Eyeriss-v2 master FPGA_design-src/PE_Cluster/PE/PE_data_FIFO.v" Line 9. Module PE_data_FIFO(DATA_IN_WIDTH=8) doesn't have a timescale but at least one module in design has a timescale.
WARNING: [XSIM 43-4099] "C:/Users/bless/Downloads/BoooC CNN-Accelerator-Based-on-Eyeriss-v2 master FPGA_design-src/PE_Cluster/PE/PE_data_FIFO.v" Line 9. Module PE_data_FIFO(DATA_IN_WIDTH=13) doesn't have a timescale but at least one module in design has a timescale.
WARNING: [XSIM 43-4099] "C:/Users/bless/Downloads/BoooC CNN-Accelerator-Based-on-Eyeriss-v2 master FPGA_design-src/PE_Cluster/PE/PE_data_FIFO.v" Line 9. Module PE_data_FIFO(DATA_IN_WIDTH=7) doesn't have a timescale but at least one module in design has a timescale.
WARNING: [XSIM 43-4099] "C:/Users/bless/Downloads/BoooC CNN-Accelerator-Based-on-Eyeriss-v2 master FPGA_design-src/PE_Cluster/PE/PE_data_FIFO.v" Line 9. Module PE_data_FIFO(DATA_IN_WIDTH=12) doesn't have a timescale but at least one module in design has a timescale.
WARNING: [XSIM 43-4099] "C:/Users/bless/Downloads/BoooC CNN-Accelerator-Based-on-Eyeriss-v2 master FPGA_design-src/PE_Cluster/PE/PE_psum_FIFO.v" Line 11. Module PE_psum_FIFO doesn't have a timescale but at least one module in design has a timescale.
WARNING: [XSIM 43-4099] "C:/Users/bless/Downloads/BoooC CNN-Accelerator-Based-on-Eyeriss-v2 master FPGA_design-src/PE_Cluster/PE/PE_psum_FIFO.v" Line 11. Module PE_psum_FIFO doesn't have a timescale but at least one module in design has a timescale.
WARNING: [XSIM 43-4099] "C:/Users/bless/Downloads/BoooC CNN-Accelerator-Based-on-Eyeriss-v2 master FPGA_design-src/PE_Cluster/PE/Processing_Element.v" Line 9. Module ProcessingElement doesn't have a timescale but at least one module in design has a timescale.
WARNING: [XSIM 43-4099] "C:/Users/bless/Downloads/BoooC CNN-Accelerator-Based-on-Eyeriss-v2 master FPGA_design-src/PE_Cluster/PE/Processing_Element_Controller.v" Line 8. Module Processing_Element_Controller doesn't have a timescale but at least one module in design has a timescale.
WARNING: [XSIM 43-4099] "C:/Users/bless/Downloads/BoooC CNN-Accelerator-Based-on-Eyeriss-v2 master FPGA_design-src/PE_Cluster/PE/Processing_Element_core.v" Line 11. Module Processing_Element_core doesn't have a timescale but at least one module in design has a timescale.
WARNING: [XSIM 43-4099] "C:/Users/bless/Downloads/BoooC CNN-Accelerator-Based-on-Eyeriss-v2 master FPGA_design-src/PE_Cluster/PE/SPad/Psum_Spad.v" Line 1. Module Psum_Spad doesn't have a timescale but at least one module in design has a timescale.
WARNING: [XSIM 43-4099] "C:/Users/bless/Downloads/BoooC CNN-Accelerator-Based-on-Eyeriss-v2 master FPGA_design-src/PE_Cluster/PE/SPad/Psum_Spad.v" Line 48. Module Psum_DATA_Spad_BRAM doesn't have a timescale but at least one module in design has a timescale.
WARNING: [XSIM 43-4099] "C:/Users/bless/Downloads/BoooC CNN-Accelerator-Based-on-Eyeriss-v2 master FPGA_design-src/PE_Cluster/PE/SPad/Former_addr_Spad.v" Line 9. Module Former_Address_Spad doesn't have a timescale but at least one module in design has a timescale.
WARNING: [XSIM 43-4099] "C:/Users/bless/Downloads/BoooC CNN-Accelerator-Based-on-Eyeriss-v2 master FPGA_design-src/PE_Cluster/PE/SPad/Former_data_Spad.v" Line 1. Module Former_Data_Spad doesn't have a timescale but at least one module in design has a timescale.
WARNING: [XSIM 43-4099] "C:/Users/bless/Downloads/BoooC CNN-Accelerator-Based-on-Eyeriss-v2 master FPGA_design-src/PE_Cluster/PE/SPad/Former_data_Spad.v" Line 69. Module Iact_DATA_Spad_BRAM doesn't have a timescale but at least one module in design has a timescale.
WARNING: [XSIM 43-4099] "C:/Users/bless/Downloads/BoooC CNN-Accelerator-Based-on-Eyeriss-v2 master FPGA_design-src/PE_Cluster/PE/SPad/Later_addr_Spad.v" Line 10. Module Later_Address_Spad doesn't have a timescale but at least one module in design has a timescale.
WARNING: [XSIM 43-4099] "C:/Users/bless/Downloads/BoooC CNN-Accelerator-Based-on-Eyeriss-v2 master FPGA_design-src/PE_Cluster/PE/SPad/Later_data_Spad.v" Line 15. Module Later_Data_Spad doesn't have a timescale but at least one module in design has a timescale.
WARNING: [XSIM 43-4099] "C:/Users/bless/Downloads/BoooC CNN-Accelerator-Based-on-Eyeriss-v2 master FPGA_design-src/PE_Cluster/PE/SPad/Later_data_Spad.v" Line 134. Module Weight_DATA_Spad_BRAM doesn't have a timescale but at least one module in design has a timescale.
WARNING: [XSIM 43-4099] "C:/Users/bless/Downloads/BoooC CNN-Accelerator-Based-on-Eyeriss-v2 master FPGA_design-src/PE_Cluster/PE/PE_data_FIFO.v" Line 9. Module PE_data_FIFO(DATA_IN_WIDTH=8) doesn't have a timescale but at least one module in design has a timescale.
WARNING: [XSIM 43-4099] "C:/Users/bless/Downloads/BoooC CNN-Accelerator-Based-on-Eyeriss-v2 master FPGA_design-src/PE_Cluster/PE/PE_data_FIFO.v" Line 9. Module PE_data_FIFO(DATA_IN_WIDTH=13) doesn't have a timescale but at least one module in design has a timescale.
WARNING: [XSIM 43-4099] "C:/Users/bless/Downloads/BoooC CNN-Accelerator-Based-on-Eyeriss-v2 master FPGA_design-src/PE_Cluster/PE/PE_data_FIFO.v" Line 9. Module PE_data_FIFO(DATA_IN_WIDTH=7) doesn't have a timescale but at least one module in design has a timescale.
WARNING: [XSIM 43-4099] "C:/Users/bless/Downloads/BoooC CNN-Accelerator-Based-on-Eyeriss-v2 master FPGA_design-src/PE_Cluster/PE/PE_data_FIFO.v" Line 9. Module PE_data_FIFO(DATA_IN_WIDTH=12) doesn't have a timescale but at least one module in design has a timescale.
WARNING: [XSIM 43-4099] "C:/Users/bless/Downloads/BoooC CNN-Accelerator-Based-on-Eyeriss-v2 master FPGA_design-src/PE_Cluster/PE/PE_psum_FIFO.v" Line 11. Module PE_psum_FIFO doesn't have a timescale but at least one module in design has a timescale.
WARNING: [XSIM 43-4099] "C:/Users/bless/Downloads/BoooC CNN-Accelerator-Based-on-Eyeriss-v2 master FPGA_design-src/PE_Cluster/PE/PE_psum_FIFO.v" Line 11. Module PE_psum_FIFO doesn't have a timescale but at least one module in design has a timescale.
WARNING: [XSIM 43-4099] "C:/Users/bless/Downloads/BoooC CNN-Accelerator-Based-on-Eyeriss-v2 master FPGA_design-src/PE_Cluster/PE/Processing_Element.v" Line 9. Module ProcessingElement doesn't have a timescale but at least one module in design has a timescale.
WARNING: [XSIM 43-4099] "C:/Users/bless/Downloads/BoooC CNN-Accelerator-Based-on-Eyeriss-v2 master FPGA_design-src/PE_Cluster/PE/Processing_Element_Controller.v" Line 8. Module Processing_Element_Controller doesn't have a timescale but at least one module in design has a timescale.
WARNING: [XSIM 43-4099] "C:/Users/bless/Downloads/BoooC CNN-Accelerator-Based-on-Eyeriss-v2 master FPGA_design-src/PE_Cluster/PE/Processing_Element_core.v" Line 11. Module Processing_Element_core doesn't have a timescale but at least one module in design has a timescale.
WARNING: [XSIM 43-4099] "C:/Users/bless/Downloads/BoooC CNN-Accelerator-Based-on-Eyeriss-v2 master FPGA_design-src/PE_Cluster/PE/SPad/Psum_Spad.v" Line 1. Module Psum_Spad doesn't have a timescale but at least one module in design has a timescale.
WARNING: [XSIM 43-4099] "C:/Users/bless/Downloads/BoooC CNN-Accelerator-Based-on-Eyeriss-v2 master FPGA_design-src/PE_Cluster/PE/SPad/Psum_Spad.v" Line 48. Module Psum_DATA_Spad_BRAM doesn't have a timescale but at least one module in design has a timescale.
WARNING: [XSIM 43-4099] "C:/Users/bless/Downloads/BoooC CNN-Accelerator-Based-on-Eyeriss-v2 master FPGA_design-src/PE_Cluster/PE/SPad/Former_addr_Spad.v" Line 9. Module Former_Address_Spad doesn't have a timescale but at least one module in design has a timescale.
WARNING: [XSIM 43-4099] "C:/Users/bless/Downloads/BoooC CNN-Accelerator-Based-on-Eyeriss-v2 master FPGA_design-src/PE_Cluster/PE/SPad/Former_data_Spad.v" Line 1. Module Former_Data_Spad doesn't have a timescale but at least one module in design has a timescale.
WARNING: [XSIM 43-4099] "C:/Users/bless/Downloads/BoooC CNN-Accelerator-Based-on-Eyeriss-v2 master FPGA_design-src/PE_Cluster/PE/SPad/Former_data_Spad.v" Line 69. Module Iact_DATA_Spad_BRAM doesn't have a timescale but at least one module in design has a timescale.
WARNING: [XSIM 43-4099] "C:/Users/bless/Downloads/BoooC CNN-Accelerator-Based-on-Eyeriss-v2 master FPGA_design-src/PE_Cluster/PE/SPad/Later_addr_Spad.v" Line 10. Module Later_Address_Spad doesn't have a timescale but at least one module in design has a timescale.
WARNING: [XSIM 43-4099] "C:/Users/bless/Downloads/BoooC CNN-Accelerator-Based-on-Eyeriss-v2 master FPGA_design-src/PE_Cluster/PE/SPad/Later_data_Spad.v" Line 15. Module Later_Data_Spad doesn't have a timescale but at least one module in design has a timescale.
WARNING: [XSIM 43-4099] "C:/Users/bless/Downloads/BoooC CNN-Accelerator-Based-on-Eyeriss-v2 master FPGA_design-src/PE_Cluster/PE/SPad/Later_data_Spad.v" Line 134. Module Weight_DATA_Spad_BRAM doesn't have a timescale but at least one module in design has a timescale.
WARNING: [XSIM 43-4099] "C:/Users/bless/Downloads/BoooC CNN-Accelerator-Based-on-Eyeriss-v2 master FPGA_design-src/PE_Cluster/PE/PE_data_FIFO.v" Line 9. Module PE_data_FIFO(DATA_IN_WIDTH=8) doesn't have a timescale but at least one module in design has a timescale.
WARNING: [XSIM 43-4099] "C:/Users/bless/Downloads/BoooC CNN-Accelerator-Based-on-Eyeriss-v2 master FPGA_design-src/PE_Cluster/PE/PE_data_FIFO.v" Line 9. Module PE_data_FIFO(DATA_IN_WIDTH=13) doesn't have a timescale but at least one module in design has a timescale.
WARNING: [XSIM 43-4099] "C:/Users/bless/Downloads/BoooC CNN-Accelerator-Based-on-Eyeriss-v2 master FPGA_design-src/PE_Cluster/PE/PE_data_FIFO.v" Line 9. Module PE_data_FIFO(DATA_IN_WIDTH=7) doesn't have a timescale but at least one module in design has a timescale.
WARNING: [XSIM 43-4099] "C:/Users/bless/Downloads/BoooC CNN-Accelerator-Based-on-Eyeriss-v2 master FPGA_design-src/PE_Cluster/PE/PE_data_FIFO.v" Line 9. Module PE_data_FIFO(DATA_IN_WIDTH=12) doesn't have a timescale but at least one module in design has a timescale.
WARNING: [XSIM 43-4099] "C:/Users/bless/Downloads/BoooC CNN-Accelerator-Based-on-Eyeriss-v2 master FPGA_design-src/PE_Cluster/PE/PE_psum_FIFO.v" Line 11. Module PE_psum_FIFO doesn't have a timescale but at least one module in design has a timescale.
WARNING: [XSIM 43-4099] "C:/Users/bless/Downloads/BoooC CNN-Accelerator-Based-on-Eyeriss-v2 master FPGA_design-src/PE_Cluster/PE/PE_psum_FIFO.v" Line 11. Module PE_psum_FIFO doesn't have a timescale but at least one module in design has a timescale.
WARNING: [XSIM 43-4099] "C:/Users/bless/Downloads/BoooC CNN-Accelerator-Based-on-Eyeriss-v2 master FPGA_design-src/PE_Cluster/PE_Cluster_controller.v" Line 9. Module PE_Cluster_controller doesn't have a timescale but at least one module in design has a timescale.
WARNING: [XSIM 43-4099] "C:/Users/bless/Downloads/BoooC CNN-Accelerator-Based-on-Eyeriss-v2 master FPGA_design-src/PE_Cluster/PE_Cluster_Data_Connections.v" Line 10. Module PE_Cluster_Connection doesn't have a timescale but at least one module in design has a timescale.
WARNING: [XSIM 43-4099] "C:/Users/bless/Downloads/BoooC CNN-Accelerator-Based-on-Eyeriss-v2 master FPGA_design-src/GLB_Cluster/GLB_Cluster.v" Line 14. Module GLB_Cluster doesn't have a timescale but at least one module in design has a timescale.
WARNING: [XSIM 43-4099] "C:/Users/bless/Downloads/BoooC CNN-Accelerator-Based-on-Eyeriss-v2 master FPGA_design-src/GLB_Cluster/Iact_SRAM_Bank.v" Line 9. Module Iact_SRAM_Bank doesn't have a timescale but at least one module in design has a timescale.
WARNING: [XSIM 43-4099] "C:/Users/bless/Downloads/BoooC CNN-Accelerator-Based-on-Eyeriss-v2 master FPGA_design-src/GLB_Cluster/Iact_addr_SRAM.v" Line 12. Module iact_addr_SRAM doesn't have a timescale but at least one module in design has a timescale.
WARNING: [XSIM 43-4099] "C:/Users/bless/Downloads/BoooC CNN-Accelerator-Based-on-Eyeriss-v2 master FPGA_design-src/GLB_Cluster/Iact_addr_SRAM.v" Line 218. Module Iact_Addr_SRAM_BRAM doesn't have a timescale but at least one module in design has a timescale.
WARNING: [XSIM 43-4099] "C:/Users/bless/Downloads/BoooC CNN-Accelerator-Based-on-Eyeriss-v2 master FPGA_design-src/GLB_Cluster/Iact_data_SRAM.v" Line 1. Module lact_data_SRAM doesn't have a timescale but at least one module in design has a timescale.
WARNING: [XSIM 43-4099] "C:/Users/bless/Downloads/BoooC CNN-Accelerator-Based-on-Eyeriss-v2 master FPGA_design-src/PE_Cluster/PE/SPad/Psum_Spad.v" Line 129. Module Iact_Data_SRAM_BRAM doesn't have a timescale but at least one module in design has a timescale.
WARNING: [XSIM 43-4099] "C:/Users/bless/Downloads/BoooC CNN-Accelerator-Based-on-Eyeriss-v2 master FPGA_design-src/GLB_Cluster/Iact_SRAM_Bank.v" Line 9. Module Iact_SRAM_Bank doesn't have a timescale but at least one module in design has a timescale.
WARNING: [XSIM 43-4099] "C:/Users/bless/Downloads/BoooC CNN-Accelerator-Based-on-Eyeriss-v2 master FPGA_design-src/GLB_Cluster/Iact_addr_SRAM.v" Line 12. Module iact_addr_SRAM doesn't have a timescale but at least one module in design has a timescale.
WARNING: [XSIM 43-4099] "C:/Users/bless/Downloads/BoooC CNN-Accelerator-Based-on-Eyeriss-v2 master FPGA_design-src/GLB_Cluster/Iact_addr_SRAM.v" Line 218. Module Iact_Addr_SRAM_BRAM doesn't have a timescale but at least one module in design has a timescale.
WARNING: [XSIM 43-4099] "C:/Users/bless/Downloads/BoooC CNN-Accelerator-Based-on-Eyeriss-v2 master FPGA_design-src/GLB_Cluster/Iact_data_SRAM.v" Line 1. Module lact_data_SRAM doesn't have a timescale but at least one module in design has a timescale.
WARNING: [XSIM 43-4099] "C:/Users/bless/Downloads/BoooC CNN-Accelerator-Based-on-Eyeriss-v2 master FPGA_design-src/PE_Cluster/PE/SPad/Psum_Spad.v" Line 129. Module Iact_Data_SRAM_BRAM doesn't have a timescale but at least one module in design has a timescale.
WARNING: [XSIM 43-4099] "C:/Users/bless/Downloads/BoooC CNN-Accelerator-Based-on-Eyeriss-v2 master FPGA_design-src/GLB_Cluster/Iact_SRAM_Bank.v" Line 9. Module Iact_SRAM_Bank doesn't have a timescale but at least one module in design has a timescale.
WARNING: [XSIM 43-4099] "C:/Users/bless/Downloads/BoooC CNN-Accelerator-Based-on-Eyeriss-v2 master FPGA_design-src/GLB_Cluster/Iact_addr_SRAM.v" Line 12. Module iact_addr_SRAM doesn't have a timescale but at least one module in design has a timescale.
WARNING: [XSIM 43-4099] "C:/Users/bless/Downloads/BoooC CNN-Accelerator-Based-on-Eyeriss-v2 master FPGA_design-src/GLB_Cluster/Iact_addr_SRAM.v" Line 218. Module Iact_Addr_SRAM_BRAM doesn't have a timescale but at least one module in design has a timescale.
WARNING: [XSIM 43-4099] "C:/Users/bless/Downloads/BoooC CNN-Accelerator-Based-on-Eyeriss-v2 master FPGA_design-src/GLB_Cluster/Iact_data_SRAM.v" Line 1. Module lact_data_SRAM doesn't have a timescale but at least one module in design has a timescale.
WARNING: [XSIM 43-4099] "C:/Users/bless/Downloads/BoooC CNN-Accelerator-Based-on-Eyeriss-v2 master FPGA_design-src/PE_Cluster/PE/SPad/Psum_Spad.v" Line 129. Module Iact_Data_SRAM_BRAM doesn't have a timescale but at least one module in design has a timescale.
WARNING: [XSIM 43-4099] "C:/Users/bless/Downloads/BoooC CNN-Accelerator-Based-on-Eyeriss-v2 master FPGA_design-src/GLB_Cluster/Iact_SRAM_Bank.v" Line 9. Module Iact_SRAM_Bank doesn't have a timescale but at least one module in design has a timescale.
WARNING: [XSIM 43-4099] "C:/Users/bless/Downloads/BoooC CNN-Accelerator-Based-on-Eyeriss-v2 master FPGA_design-src/GLB_Cluster/Iact_addr_SRAM.v" Line 12. Module iact_addr_SRAM doesn't have a timescale but at least one module in design has a timescale.
WARNING: [XSIM 43-4099] "C:/Users/bless/Downloads/BoooC CNN-Accelerator-Based-on-Eyeriss-v2 master FPGA_design-src/GLB_Cluster/Iact_addr_SRAM.v" Line 218. Module Iact_Addr_SRAM_BRAM doesn't have a timescale but at least one module in design has a timescale.
WARNING: [XSIM 43-4099] "C:/Users/bless/Downloads/BoooC CNN-Accelerator-Based-on-Eyeriss-v2 master FPGA_design-src/GLB_Cluster/Iact_data_SRAM.v" Line 1. Module lact_data_SRAM doesn't have a timescale but at least one module in design has a timescale.
WARNING: [XSIM 43-4099] "C:/Users/bless/Downloads/BoooC CNN-Accelerator-Based-on-Eyeriss-v2 master FPGA_design-src/PE_Cluster/PE/SPad/Psum_Spad.v" Line 129. Module Iact_Data_SRAM_BRAM doesn't have a timescale but at least one module in design has a timescale.
WARNING: [XSIM 43-4099] "C:/Users/bless/Downloads/BoooC CNN-Accelerator-Based-on-Eyeriss-v2 master FPGA_design-src/GLB_Cluster/Iact_SRAM_Bank.v" Line 9. Module Iact_SRAM_Bank doesn't have a timescale but at least one module in design has a timescale.
WARNING: [XSIM 43-4099] "C:/Users/bless/Downloads/BoooC CNN-Accelerator-Based-on-Eyeriss-v2 master FPGA_design-src/GLB_Cluster/Iact_addr_SRAM.v" Line 12. Module iact_addr_SRAM doesn't have a timescale but at least one module in design has a timescale.
WARNING: [XSIM 43-4099] "C:/Users/bless/Downloads/BoooC CNN-Accelerator-Based-on-Eyeriss-v2 master FPGA_design-src/GLB_Cluster/Iact_addr_SRAM.v" Line 218. Module Iact_Addr_SRAM_BRAM doesn't have a timescale but at least one module in design has a timescale.
WARNING: [XSIM 43-4099] "C:/Users/bless/Downloads/BoooC CNN-Accelerator-Based-on-Eyeriss-v2 master FPGA_design-src/GLB_Cluster/Iact_data_SRAM.v" Line 1. Module lact_data_SRAM doesn't have a timescale but at least one module in design has a timescale.
WARNING: [XSIM 43-4099] "C:/Users/bless/Downloads/BoooC CNN-Accelerator-Based-on-Eyeriss-v2 master FPGA_design-src/PE_Cluster/PE/SPad/Psum_Spad.v" Line 129. Module Iact_Data_SRAM_BRAM doesn't have a timescale but at least one module in design has a timescale.
WARNING: [XSIM 43-4099] "C:/Users/bless/Downloads/BoooC CNN-Accelerator-Based-on-Eyeriss-v2 master FPGA_design-src/GLB_Cluster/Iact_SRAM_Bank.v" Line 9. Module Iact_SRAM_Bank doesn't have a timescale but at least one module in design has a timescale.
WARNING: [XSIM 43-4099] "C:/Users/bless/Downloads/BoooC CNN-Accelerator-Based-on-Eyeriss-v2 master FPGA_design-src/GLB_Cluster/Iact_addr_SRAM.v" Line 12. Module iact_addr_SRAM doesn't have a timescale but at least one module in design has a timescale.
WARNING: [XSIM 43-4099] "C:/Users/bless/Downloads/BoooC CNN-Accelerator-Based-on-Eyeriss-v2 master FPGA_design-src/GLB_Cluster/Iact_addr_SRAM.v" Line 218. Module Iact_Addr_SRAM_BRAM doesn't have a timescale but at least one module in design has a timescale.
WARNING: [XSIM 43-4099] "C:/Users/bless/Downloads/BoooC CNN-Accelerator-Based-on-Eyeriss-v2 master FPGA_design-src/GLB_Cluster/Iact_data_SRAM.v" Line 1. Module lact_data_SRAM doesn't have a timescale but at least one module in design has a timescale.
WARNING: [XSIM 43-4099] "C:/Users/bless/Downloads/BoooC CNN-Accelerator-Based-on-Eyeriss-v2 master FPGA_design-src/PE_Cluster/PE/SPad/Psum_Spad.v" Line 129. Module Iact_Data_SRAM_BRAM doesn't have a timescale but at least one module in design has a timescale.
WARNING: [XSIM 43-4099] "C:/Users/bless/Downloads/BoooC CNN-Accelerator-Based-on-Eyeriss-v2 master FPGA_design-src/GLB_Cluster/Iact_SRAM_Bank.v" Line 9. Module Iact_SRAM_Bank doesn't have a timescale but at least one module in design has a timescale.
WARNING: [XSIM 43-4099] "C:/Users/bless/Downloads/BoooC CNN-Accelerator-Based-on-Eyeriss-v2 master FPGA_design-src/GLB_Cluster/Iact_addr_SRAM.v" Line 12. Module iact_addr_SRAM doesn't have a timescale but at least one module in design has a timescale.
WARNING: [XSIM 43-4099] "C:/Users/bless/Downloads/BoooC CNN-Accelerator-Based-on-Eyeriss-v2 master FPGA_design-src/GLB_Cluster/Iact_addr_SRAM.v" Line 218. Module Iact_Addr_SRAM_BRAM doesn't have a timescale but at least one module in design has a timescale.
WARNING: [XSIM 43-4099] "C:/Users/bless/Downloads/BoooC CNN-Accelerator-Based-on-Eyeriss-v2 master FPGA_design-src/GLB_Cluster/Iact_data_SRAM.v" Line 1. Module lact_data_SRAM doesn't have a timescale but at least one module in design has a timescale.
WARNING: [XSIM 43-4099] "C:/Users/bless/Downloads/BoooC CNN-Accelerator-Based-on-Eyeriss-v2 master FPGA_design-src/PE_Cluster/PE/SPad/Psum_Spad.v" Line 129. Module Iact_Data_SRAM_BRAM doesn't have a timescale but at least one module in design has a timescale.
WARNING: [XSIM 43-4099] "C:/Users/bless/Downloads/BoooC CNN-Accelerator-Based-on-Eyeriss-v2 master FPGA_design-src/GLB_Cluster/Iact_SRAM_Bank.v" Line 9. Module Iact_SRAM_Bank doesn't have a timescale but at least one module in design has a timescale.
WARNING: [XSIM 43-4099] "C:/Users/bless/Downloads/BoooC CNN-Accelerator-Based-on-Eyeriss-v2 master FPGA_design-src/GLB_Cluster/Iact_addr_SRAM.v" Line 12. Module iact_addr_SRAM doesn't have a timescale but at least one module in design has a timescale.
WARNING: [XSIM 43-4099] "C:/Users/bless/Downloads/BoooC CNN-Accelerator-Based-on-Eyeriss-v2 master FPGA_design-src/GLB_Cluster/Iact_addr_SRAM.v" Line 218. Module Iact_Addr_SRAM_BRAM doesn't have a timescale but at least one module in design has a timescale.
WARNING: [XSIM 43-4099] "C:/Users/bless/Downloads/BoooC CNN-Accelerator-Based-on-Eyeriss-v2 master FPGA_design-src/GLB_Cluster/Iact_data_SRAM.v" Line 1. Module lact_data_SRAM doesn't have a timescale but at least one module in design has a timescale.
WARNING: [XSIM 43-4099] "C:/Users/bless/Downloads/BoooC CNN-Accelerator-Based-on-Eyeriss-v2 master FPGA_design-src/PE_Cluster/PE/SPad/Psum_Spad.v" Line 129. Module Iact_Data_SRAM_BRAM doesn't have a timescale but at least one module in design has a timescale.
WARNING: [XSIM 43-4099] "C:/Users/bless/Downloads/BoooC CNN-Accelerator-Based-on-Eyeriss-v2 master FPGA_design-src/GLB_Cluster/Iact_SRAM_Bank.v" Line 9. Module Iact_SRAM_Bank doesn't have a timescale but at least one module in design has a timescale.
WARNING: [XSIM 43-4099] "C:/Users/bless/Downloads/BoooC CNN-Accelerator-Based-on-Eyeriss-v2 master FPGA_design-src/GLB_Cluster/Iact_addr_SRAM.v" Line 12. Module iact_addr_SRAM doesn't have a timescale but at least one module in design has a timescale.
WARNING: [XSIM 43-4099] "C:/Users/bless/Downloads/BoooC CNN-Accelerator-Based-on-Eyeriss-v2 master FPGA_design-src/GLB_Cluster/Iact_addr_SRAM.v" Line 218. Module Iact_Addr_SRAM_BRAM doesn't have a timescale but at least one module in design has a timescale.
WARNING: [XSIM 43-4099] "C:/Users/bless/Downloads/BoooC CNN-Accelerator-Based-on-Eyeriss-v2 master FPGA_design-src/GLB_Cluster/Iact_data_SRAM.v" Line 1. Module lact_data_SRAM doesn't have a timescale but at least one module in design has a timescale.
WARNING: [XSIM 43-4099] "C:/Users/bless/Downloads/BoooC CNN-Accelerator-Based-on-Eyeriss-v2 master FPGA_design-src/PE_Cluster/PE/SPad/Psum_Spad.v" Line 129. Module Iact_Data_SRAM_BRAM doesn't have a timescale but at least one module in design has a timescale.
WARNING: [XSIM 43-4099] "C:/Users/bless/Downloads/BoooC CNN-Accelerator-Based-on-Eyeriss-v2 master FPGA_design-src/GLB_Cluster/Psum_SRAM_Bank.v" Line 1. Module Psum_SRAM_Bank doesn't have a timescale but at least one module in design has a timescale.
WARNING: [XSIM 43-4099] "C:/Users/bless/Downloads/BoooC CNN-Accelerator-Based-on-Eyeriss-v2 master FPGA_design-src/GLB_Cluster/Psum_SRAM_Bank.v" Line 73. Module Psum_Data_SRAM_BRAM doesn't have a timescale but at least one module in design has a timescale.
WARNING: [XSIM 43-4099] "C:/Users/bless/Downloads/BoooC CNN-Accelerator-Based-on-Eyeriss-v2 master FPGA_design-src/GLB_Cluster/Psum_SRAM_Bank.v" Line 1. Module Psum_SRAM_Bank doesn't have a timescale but at least one module in design has a timescale.
WARNING: [XSIM 43-4099] "C:/Users/bless/Downloads/BoooC CNN-Accelerator-Based-on-Eyeriss-v2 master FPGA_design-src/GLB_Cluster/Psum_SRAM_Bank.v" Line 73. Module Psum_Data_SRAM_BRAM doesn't have a timescale but at least one module in design has a timescale.
WARNING: [XSIM 43-4099] "C:/Users/bless/Downloads/BoooC CNN-Accelerator-Based-on-Eyeriss-v2 master FPGA_design-src/GLB_Cluster/Psum_SRAM_Bank.v" Line 1. Module Psum_SRAM_Bank doesn't have a timescale but at least one module in design has a timescale.
WARNING: [XSIM 43-4099] "C:/Users/bless/Downloads/BoooC CNN-Accelerator-Based-on-Eyeriss-v2 master FPGA_design-src/GLB_Cluster/Psum_SRAM_Bank.v" Line 73. Module Psum_Data_SRAM_BRAM doesn't have a timescale but at least one module in design has a timescale.
WARNING: [XSIM 43-4099] "C:/Users/bless/Downloads/BoooC CNN-Accelerator-Based-on-Eyeriss-v2 master FPGA_design-src/Router_Cluster/Router_Cluster.v" Line 14. Module Router_Cluster doesn't have a timescale but at least one module in design has a timescale.
WARNING: [XSIM 43-4099] "C:/Users/bless/Downloads/BoooC CNN-Accelerator-Based-on-Eyeriss-v2 master FPGA_design-src/Router_Cluster/Iact_Router.v" Line 22. Module Iact_Router doesn't have a timescale but at least one module in design has a timescale.
WARNING: [XSIM 43-4099] "C:/Users/bless/Downloads/BoooC CNN-Accelerator-Based-on-Eyeriss-v2 master FPGA_design-src/Router_Cluster/Iact_Router.v" Line 22. Module Iact_Router doesn't have a timescale but at least one module in design has a timescale.
WARNING: [XSIM 43-4099] "C:/Users/bless/Downloads/BoooC CNN-Accelerator-Based-on-Eyeriss-v2 master FPGA_design-src/Router_Cluster/Iact_Router.v" Line 22. Module Iact_Router doesn't have a timescale but at least one module in design has a timescale.
WARNING: [XSIM 43-4099] "C:/Users/bless/Downloads/BoooC CNN-Accelerator-Based-on-Eyeriss-v2 master FPGA_design-src/Router_Cluster/Iact_Router.v" Line 22. Module Iact_Router doesn't have a timescale but at least one module in design has a timescale.
WARNING: [XSIM 43-4099] "C:/Users/bless/Downloads/BoooC CNN-Accelerator-Based-on-Eyeriss-v2 master FPGA_design-src/Router_Cluster/Iact_Router.v" Line 22. Module Iact_Router doesn't have a timescale but at least one module in design has a timescale.
WARNING: [XSIM 43-4099] "C:/Users/bless/Downloads/BoooC CNN-Accelerator-Based-on-Eyeriss-v2 master FPGA_design-src/Router_Cluster/Iact_Router.v" Line 22. Module Iact_Router doesn't have a timescale but at least one module in design has a timescale.
WARNING: [XSIM 43-4099] "C:/Users/bless/Downloads/BoooC CNN-Accelerator-Based-on-Eyeriss-v2 master FPGA_design-src/Router_Cluster/Iact_Router.v" Line 22. Module Iact_Router doesn't have a timescale but at least one module in design has a timescale.
WARNING: [XSIM 43-4099] "C:/Users/bless/Downloads/BoooC CNN-Accelerator-Based-on-Eyeriss-v2 master FPGA_design-src/Router_Cluster/Iact_Router.v" Line 22. Module Iact_Router doesn't have a timescale but at least one module in design has a timescale.
WARNING: [XSIM 43-4099] "C:/Users/bless/Downloads/BoooC CNN-Accelerator-Based-on-Eyeriss-v2 master FPGA_design-src/Router_Cluster/Iact_Router.v" Line 22. Module Iact_Router doesn't have a timescale but at least one module in design has a timescale.
WARNING: [XSIM 43-4099] "C:/Users/bless/Downloads/BoooC CNN-Accelerator-Based-on-Eyeriss-v2 master FPGA_design-src/Router_Cluster/Weight_Router.v" Line 22. Module Weight_Router doesn't have a timescale but at least one module in design has a timescale.
WARNING: [XSIM 43-4099] "C:/Users/bless/Downloads/BoooC CNN-Accelerator-Based-on-Eyeriss-v2 master FPGA_design-src/Router_Cluster/Weight_Router.v" Line 22. Module Weight_Router doesn't have a timescale but at least one module in design has a timescale.
WARNING: [XSIM 43-4099] "C:/Users/bless/Downloads/BoooC CNN-Accelerator-Based-on-Eyeriss-v2 master FPGA_design-src/Router_Cluster/Weight_Router.v" Line 22. Module Weight_Router doesn't have a timescale but at least one module in design has a timescale.
WARNING: [XSIM 43-4099] "C:/Users/bless/Downloads/BoooC CNN-Accelerator-Based-on-Eyeriss-v2 master FPGA_design-src/Router_Cluster/Psum_Router.v" Line 22. Module Psum_Router doesn't have a timescale but at least one module in design has a timescale.
WARNING: [XSIM 43-4099] "C:/Users/bless/Downloads/BoooC CNN-Accelerator-Based-on-Eyeriss-v2 master FPGA_design-src/Router_Cluster/Psum_Router.v" Line 22. Module Psum_Router doesn't have a timescale but at least one module in design has a timescale.
WARNING: [XSIM 43-4099] "C:/Users/bless/Downloads/BoooC CNN-Accelerator-Based-on-Eyeriss-v2 master FPGA_design-src/Router_Cluster/Psum_Router.v" Line 22. Module Psum_Router doesn't have a timescale but at least one module in design has a timescale.
WARNING: [XSIM 43-4099] "C:/Users/bless/Downloads/BoooC CNN-Accelerator-Based-on-Eyeriss-v2 master FPGA_design-src/Cluster_Group/Cluster_Group_Controller.v" Line 15. Module Cluster_Group_Controller doesn't have a timescale but at least one module in design has a timescale.
WARNING: [XSIM 43-4099] "C:/Users/bless/Downloads/BoooC CNN-Accelerator-Based-on-Eyeriss-v2 master FPGA_design-src/Cluster_Group/Cluster_Group.v" Line 13. Module ClusterGroup doesn't have a timescale but at least one module in design has a timescale.
WARNING: [XSIM 43-4099] "C:/Users/bless/Downloads/BoooC CNN-Accelerator-Based-on-Eyeriss-v2 master FPGA_design-src/PE_Cluster/PE_Cluster.v" Line 11. Module PE_Cluster doesn't have a timescale but at least one module in design has a timescale.
WARNING: [XSIM 43-4099] "C:/Users/bless/Downloads/BoooC CNN-Accelerator-Based-on-Eyeriss-v2 master FPGA_design-src/PE_Cluster/PE/Processing_Element.v" Line 9. Module ProcessingElement doesn't have a timescale but at least one module in design has a timescale.
WARNING: [XSIM 43-4099] "C:/Users/bless/Downloads/BoooC CNN-Accelerator-Based-on-Eyeriss-v2 master FPGA_design-src/PE_Cluster/PE/Processing_Element_Controller.v" Line 8. Module Processing_Element_Controller doesn't have a timescale but at least one module in design has a timescale.
WARNING: [XSIM 43-4099] "C:/Users/bless/Downloads/BoooC CNN-Accelerator-Based-on-Eyeriss-v2 master FPGA_design-src/PE_Cluster/PE/Processing_Element_core.v" Line 11. Module Processing_Element_core doesn't have a timescale but at least one module in design has a timescale.
WARNING: [XSIM 43-4099] "C:/Users/bless/Downloads/BoooC CNN-Accelerator-Based-on-Eyeriss-v2 master FPGA_design-src/PE_Cluster/PE/SPad/Psum_Spad.v" Line 1. Module Psum_Spad doesn't have a timescale but at least one module in design has a timescale.
WARNING: [XSIM 43-4099] "C:/Users/bless/Downloads/BoooC CNN-Accelerator-Based-on-Eyeriss-v2 master FPGA_design-src/PE_Cluster/PE/SPad/Psum_Spad.v" Line 48. Module Psum_DATA_Spad_BRAM doesn't have a timescale but at least one module in design has a timescale.
WARNING: [XSIM 43-4099] "C:/Users/bless/Downloads/BoooC CNN-Accelerator-Based-on-Eyeriss-v2 master FPGA_design-src/PE_Cluster/PE/SPad/Former_addr_Spad.v" Line 9. Module Former_Address_Spad doesn't have a timescale but at least one module in design has a timescale.
WARNING: [XSIM 43-4099] "C:/Users/bless/Downloads/BoooC CNN-Accelerator-Based-on-Eyeriss-v2 master FPGA_design-src/PE_Cluster/PE/SPad/Former_data_Spad.v" Line 1. Module Former_Data_Spad doesn't have a timescale but at least one module in design has a timescale.
WARNING: [XSIM 43-4099] "C:/Users/bless/Downloads/BoooC CNN-Accelerator-Based-on-Eyeriss-v2 master FPGA_design-src/PE_Cluster/PE/SPad/Former_data_Spad.v" Line 69. Module Iact_DATA_Spad_BRAM doesn't have a timescale but at least one module in design has a timescale.
WARNING: [XSIM 43-4099] "C:/Users/bless/Downloads/BoooC CNN-Accelerator-Based-on-Eyeriss-v2 master FPGA_design-src/PE_Cluster/PE/SPad/Later_addr_Spad.v" Line 10. Module Later_Address_Spad doesn't have a timescale but at least one module in design has a timescale.
WARNING: [XSIM 43-4099] "C:/Users/bless/Downloads/BoooC CNN-Accelerator-Based-on-Eyeriss-v2 master FPGA_design-src/PE_Cluster/PE/SPad/Later_data_Spad.v" Line 15. Module Later_Data_Spad doesn't have a timescale but at least one module in design has a timescale.
WARNING: [XSIM 43-4099] "C:/Users/bless/Downloads/BoooC CNN-Accelerator-Based-on-Eyeriss-v2 master FPGA_design-src/PE_Cluster/PE/SPad/Later_data_Spad.v" Line 134. Module Weight_DATA_Spad_BRAM doesn't have a timescale but at least one module in design has a timescale.
WARNING: [XSIM 43-4099] "C:/Users/bless/Downloads/BoooC CNN-Accelerator-Based-on-Eyeriss-v2 master FPGA_design-src/PE_Cluster/PE/PE_data_FIFO.v" Line 9. Module PE_data_FIFO(DATA_IN_WIDTH=8) doesn't have a timescale but at least one module in design has a timescale.
WARNING: [XSIM 43-4099] "C:/Users/bless/Downloads/BoooC CNN-Accelerator-Based-on-Eyeriss-v2 master FPGA_design-src/PE_Cluster/PE/PE_data_FIFO.v" Line 9. Module PE_data_FIFO(DATA_IN_WIDTH=13) doesn't have a timescale but at least one module in design has a timescale.
WARNING: [XSIM 43-4099] "C:/Users/bless/Downloads/BoooC CNN-Accelerator-Based-on-Eyeriss-v2 master FPGA_design-src/PE_Cluster/PE/PE_data_FIFO.v" Line 9. Module PE_data_FIFO(DATA_IN_WIDTH=7) doesn't have a timescale but at least one module in design has a timescale.
WARNING: [XSIM 43-4099] "C:/Users/bless/Downloads/BoooC CNN-Accelerator-Based-on-Eyeriss-v2 master FPGA_design-src/PE_Cluster/PE/PE_data_FIFO.v" Line 9. Module PE_data_FIFO(DATA_IN_WIDTH=12) doesn't have a timescale but at least one module in design has a timescale.
WARNING: [XSIM 43-4099] "C:/Users/bless/Downloads/BoooC CNN-Accelerator-Based-on-Eyeriss-v2 master FPGA_design-src/PE_Cluster/PE/PE_psum_FIFO.v" Line 11. Module PE_psum_FIFO doesn't have a timescale but at least one module in design has a timescale.
WARNING: [XSIM 43-4099] "C:/Users/bless/Downloads/BoooC CNN-Accelerator-Based-on-Eyeriss-v2 master FPGA_design-src/PE_Cluster/PE/PE_psum_FIFO.v" Line 11. Module PE_psum_FIFO doesn't have a timescale but at least one module in design has a timescale.
WARNING: [XSIM 43-4099] "C:/Users/bless/Downloads/BoooC CNN-Accelerator-Based-on-Eyeriss-v2 master FPGA_design-src/PE_Cluster/PE/Processing_Element.v" Line 9. Module ProcessingElement doesn't have a timescale but at least one module in design has a timescale.
WARNING: [XSIM 43-4099] "C:/Users/bless/Downloads/BoooC CNN-Accelerator-Based-on-Eyeriss-v2 master FPGA_design-src/PE_Cluster/PE/Processing_Element_Controller.v" Line 8. Module Processing_Element_Controller doesn't have a timescale but at least one module in design has a timescale.
WARNING: [XSIM 43-4099] "C:/Users/bless/Downloads/BoooC CNN-Accelerator-Based-on-Eyeriss-v2 master FPGA_design-src/PE_Cluster/PE/Processing_Element_core.v" Line 11. Module Processing_Element_core doesn't have a timescale but at least one module in design has a timescale.
WARNING: [XSIM 43-4099] "C:/Users/bless/Downloads/BoooC CNN-Accelerator-Based-on-Eyeriss-v2 master FPGA_design-src/PE_Cluster/PE/SPad/Psum_Spad.v" Line 1. Module Psum_Spad doesn't have a timescale but at least one module in design has a timescale.
WARNING: [XSIM 43-4099] "C:/Users/bless/Downloads/BoooC CNN-Accelerator-Based-on-Eyeriss-v2 master FPGA_design-src/PE_Cluster/PE/SPad/Psum_Spad.v" Line 48. Module Psum_DATA_Spad_BRAM doesn't have a timescale but at least one module in design has a timescale.
WARNING: [XSIM 43-4099] "C:/Users/bless/Downloads/BoooC CNN-Accelerator-Based-on-Eyeriss-v2 master FPGA_design-src/PE_Cluster/PE/SPad/Former_addr_Spad.v" Line 9. Module Former_Address_Spad doesn't have a timescale but at least one module in design has a timescale.
WARNING: [XSIM 43-4099] "C:/Users/bless/Downloads/BoooC CNN-Accelerator-Based-on-Eyeriss-v2 master FPGA_design-src/PE_Cluster/PE/SPad/Former_data_Spad.v" Line 1. Module Former_Data_Spad doesn't have a timescale but at least one module in design has a timescale.
WARNING: [XSIM 43-4099] "C:/Users/bless/Downloads/BoooC CNN-Accelerator-Based-on-Eyeriss-v2 master FPGA_design-src/PE_Cluster/PE/SPad/Former_data_Spad.v" Line 69. Module Iact_DATA_Spad_BRAM doesn't have a timescale but at least one module in design has a timescale.
WARNING: [XSIM 43-4099] "C:/Users/bless/Downloads/BoooC CNN-Accelerator-Based-on-Eyeriss-v2 master FPGA_design-src/PE_Cluster/PE/SPad/Later_addr_Spad.v" Line 10. Module Later_Address_Spad doesn't have a timescale but at least one module in design has a timescale.
WARNING: [XSIM 43-4099] "C:/Users/bless/Downloads/BoooC CNN-Accelerator-Based-on-Eyeriss-v2 master FPGA_design-src/PE_Cluster/PE/SPad/Later_data_Spad.v" Line 15. Module Later_Data_Spad doesn't have a timescale but at least one module in design has a timescale.
WARNING: [XSIM 43-4099] "C:/Users/bless/Downloads/BoooC CNN-Accelerator-Based-on-Eyeriss-v2 master FPGA_design-src/PE_Cluster/PE/SPad/Later_data_Spad.v" Line 134. Module Weight_DATA_Spad_BRAM doesn't have a timescale but at least one module in design has a timescale.
WARNING: [XSIM 43-4099] "C:/Users/bless/Downloads/BoooC CNN-Accelerator-Based-on-Eyeriss-v2 master FPGA_design-src/PE_Cluster/PE/PE_data_FIFO.v" Line 9. Module PE_data_FIFO(DATA_IN_WIDTH=8) doesn't have a timescale but at least one module in design has a timescale.
WARNING: [XSIM 43-4099] "C:/Users/bless/Downloads/BoooC CNN-Accelerator-Based-on-Eyeriss-v2 master FPGA_design-src/PE_Cluster/PE/PE_data_FIFO.v" Line 9. Module PE_data_FIFO(DATA_IN_WIDTH=13) doesn't have a timescale but at least one module in design has a timescale.
WARNING: [XSIM 43-4099] "C:/Users/bless/Downloads/BoooC CNN-Accelerator-Based-on-Eyeriss-v2 master FPGA_design-src/PE_Cluster/PE/PE_data_FIFO.v" Line 9. Module PE_data_FIFO(DATA_IN_WIDTH=7) doesn't have a timescale but at least one module in design has a timescale.
WARNING: [XSIM 43-4099] "C:/Users/bless/Downloads/BoooC CNN-Accelerator-Based-on-Eyeriss-v2 master FPGA_design-src/PE_Cluster/PE/PE_data_FIFO.v" Line 9. Module PE_data_FIFO(DATA_IN_WIDTH=12) doesn't have a timescale but at least one module in design has a timescale.
WARNING: [XSIM 43-4099] "C:/Users/bless/Downloads/BoooC CNN-Accelerator-Based-on-Eyeriss-v2 master FPGA_design-src/PE_Cluster/PE/PE_psum_FIFO.v" Line 11. Module PE_psum_FIFO doesn't have a timescale but at least one module in design has a timescale.
WARNING: [XSIM 43-4099] "C:/Users/bless/Downloads/BoooC CNN-Accelerator-Based-on-Eyeriss-v2 master FPGA_design-src/PE_Cluster/PE/PE_psum_FIFO.v" Line 11. Module PE_psum_FIFO doesn't have a timescale but at least one module in design has a timescale.
WARNING: [XSIM 43-4099] "C:/Users/bless/Downloads/BoooC CNN-Accelerator-Based-on-Eyeriss-v2 master FPGA_design-src/PE_Cluster/PE/Processing_Element.v" Line 9. Module ProcessingElement doesn't have a timescale but at least one module in design has a timescale.
WARNING: [XSIM 43-4099] "C:/Users/bless/Downloads/BoooC CNN-Accelerator-Based-on-Eyeriss-v2 master FPGA_design-src/PE_Cluster/PE/Processing_Element_Controller.v" Line 8. Module Processing_Element_Controller doesn't have a timescale but at least one module in design has a timescale.
WARNING: [XSIM 43-4099] "C:/Users/bless/Downloads/BoooC CNN-Accelerator-Based-on-Eyeriss-v2 master FPGA_design-src/PE_Cluster/PE/Processing_Element_core.v" Line 11. Module Processing_Element_core doesn't have a timescale but at least one module in design has a timescale.
WARNING: [XSIM 43-4099] "C:/Users/bless/Downloads/BoooC CNN-Accelerator-Based-on-Eyeriss-v2 master FPGA_design-src/PE_Cluster/PE/SPad/Psum_Spad.v" Line 1. Module Psum_Spad doesn't have a timescale but at least one module in design has a timescale.
WARNING: [XSIM 43-4099] "C:/Users/bless/Downloads/BoooC CNN-Accelerator-Based-on-Eyeriss-v2 master FPGA_design-src/PE_Cluster/PE/SPad/Psum_Spad.v" Line 48. Module Psum_DATA_Spad_BRAM doesn't have a timescale but at least one module in design has a timescale.
WARNING: [XSIM 43-4099] "C:/Users/bless/Downloads/BoooC CNN-Accelerator-Based-on-Eyeriss-v2 master FPGA_design-src/PE_Cluster/PE/SPad/Former_addr_Spad.v" Line 9. Module Former_Address_Spad doesn't have a timescale but at least one module in design has a timescale.
WARNING: [XSIM 43-4099] "C:/Users/bless/Downloads/BoooC CNN-Accelerator-Based-on-Eyeriss-v2 master FPGA_design-src/PE_Cluster/PE/SPad/Former_data_Spad.v" Line 1. Module Former_Data_Spad doesn't have a timescale but at least one module in design has a timescale.
WARNING: [XSIM 43-4099] "C:/Users/bless/Downloads/BoooC CNN-Accelerator-Based-on-Eyeriss-v2 master FPGA_design-src/PE_Cluster/PE/SPad/Former_data_Spad.v" Line 69. Module Iact_DATA_Spad_BRAM doesn't have a timescale but at least one module in design has a timescale.
WARNING: [XSIM 43-4099] "C:/Users/bless/Downloads/BoooC CNN-Accelerator-Based-on-Eyeriss-v2 master FPGA_design-src/PE_Cluster/PE/SPad/Later_addr_Spad.v" Line 10. Module Later_Address_Spad doesn't have a timescale but at least one module in design has a timescale.
WARNING: [XSIM 43-4099] "C:/Users/bless/Downloads/BoooC CNN-Accelerator-Based-on-Eyeriss-v2 master FPGA_design-src/PE_Cluster/PE/SPad/Later_data_Spad.v" Line 15. Module Later_Data_Spad doesn't have a timescale but at least one module in design has a timescale.
WARNING: [XSIM 43-4099] "C:/Users/bless/Downloads/BoooC CNN-Accelerator-Based-on-Eyeriss-v2 master FPGA_design-src/PE_Cluster/PE/SPad/Later_data_Spad.v" Line 134. Module Weight_DATA_Spad_BRAM doesn't have a timescale but at least one module in design has a timescale.
WARNING: [XSIM 43-4099] "C:/Users/bless/Downloads/BoooC CNN-Accelerator-Based-on-Eyeriss-v2 master FPGA_design-src/PE_Cluster/PE/PE_data_FIFO.v" Line 9. Module PE_data_FIFO(DATA_IN_WIDTH=8) doesn't have a timescale but at least one module in design has a timescale.
WARNING: [XSIM 43-4099] "C:/Users/bless/Downloads/BoooC CNN-Accelerator-Based-on-Eyeriss-v2 master FPGA_design-src/PE_Cluster/PE/PE_data_FIFO.v" Line 9. Module PE_data_FIFO(DATA_IN_WIDTH=13) doesn't have a timescale but at least one module in design has a timescale.
WARNING: [XSIM 43-4099] "C:/Users/bless/Downloads/BoooC CNN-Accelerator-Based-on-Eyeriss-v2 master FPGA_design-src/PE_Cluster/PE/PE_data_FIFO.v" Line 9. Module PE_data_FIFO(DATA_IN_WIDTH=7) doesn't have a timescale but at least one module in design has a timescale.
WARNING: [XSIM 43-4099] "C:/Users/bless/Downloads/BoooC CNN-Accelerator-Based-on-Eyeriss-v2 master FPGA_design-src/PE_Cluster/PE/PE_data_FIFO.v" Line 9. Module PE_data_FIFO(DATA_IN_WIDTH=12) doesn't have a timescale but at least one module in design has a timescale.
WARNING: [XSIM 43-4099] "C:/Users/bless/Downloads/BoooC CNN-Accelerator-Based-on-Eyeriss-v2 master FPGA_design-src/PE_Cluster/PE/PE_psum_FIFO.v" Line 11. Module PE_psum_FIFO doesn't have a timescale but at least one module in design has a timescale.
WARNING: [XSIM 43-4099] "C:/Users/bless/Downloads/BoooC CNN-Accelerator-Based-on-Eyeriss-v2 master FPGA_design-src/PE_Cluster/PE/PE_psum_FIFO.v" Line 11. Module PE_psum_FIFO doesn't have a timescale but at least one module in design has a timescale.
WARNING: [XSIM 43-4099] "C:/Users/bless/Downloads/BoooC CNN-Accelerator-Based-on-Eyeriss-v2 master FPGA_design-src/PE_Cluster/PE/Processing_Element.v" Line 9. Module ProcessingElement doesn't have a timescale but at least one module in design has a timescale.
WARNING: [XSIM 43-4099] "C:/Users/bless/Downloads/BoooC CNN-Accelerator-Based-on-Eyeriss-v2 master FPGA_design-src/PE_Cluster/PE/Processing_Element_Controller.v" Line 8. Module Processing_Element_Controller doesn't have a timescale but at least one module in design has a timescale.
WARNING: [XSIM 43-4099] "C:/Users/bless/Downloads/BoooC CNN-Accelerator-Based-on-Eyeriss-v2 master FPGA_design-src/PE_Cluster/PE/Processing_Element_core.v" Line 11. Module Processing_Element_core doesn't have a timescale but at least one module in design has a timescale.
WARNING: [XSIM 43-4099] "C:/Users/bless/Downloads/BoooC CNN-Accelerator-Based-on-Eyeriss-v2 master FPGA_design-src/PE_Cluster/PE/SPad/Psum_Spad.v" Line 1. Module Psum_Spad doesn't have a timescale but at least one module in design has a timescale.
WARNING: [XSIM 43-4099] "C:/Users/bless/Downloads/BoooC CNN-Accelerator-Based-on-Eyeriss-v2 master FPGA_design-src/PE_Cluster/PE/SPad/Psum_Spad.v" Line 48. Module Psum_DATA_Spad_BRAM doesn't have a timescale but at least one module in design has a timescale.
WARNING: [XSIM 43-4099] "C:/Users/bless/Downloads/BoooC CNN-Accelerator-Based-on-Eyeriss-v2 master FPGA_design-src/PE_Cluster/PE/SPad/Former_addr_Spad.v" Line 9. Module Former_Address_Spad doesn't have a timescale but at least one module in design has a timescale.
WARNING: [XSIM 43-4099] "C:/Users/bless/Downloads/BoooC CNN-Accelerator-Based-on-Eyeriss-v2 master FPGA_design-src/PE_Cluster/PE/SPad/Former_data_Spad.v" Line 1. Module Former_Data_Spad doesn't have a timescale but at least one module in design has a timescale.
WARNING: [XSIM 43-4099] "C:/Users/bless/Downloads/BoooC CNN-Accelerator-Based-on-Eyeriss-v2 master FPGA_design-src/PE_Cluster/PE/SPad/Former_data_Spad.v" Line 69. Module Iact_DATA_Spad_BRAM doesn't have a timescale but at least one module in design has a timescale.
WARNING: [XSIM 43-4099] "C:/Users/bless/Downloads/BoooC CNN-Accelerator-Based-on-Eyeriss-v2 master FPGA_design-src/PE_Cluster/PE/SPad/Later_addr_Spad.v" Line 10. Module Later_Address_Spad doesn't have a timescale but at least one module in design has a timescale.
WARNING: [XSIM 43-4099] "C:/Users/bless/Downloads/BoooC CNN-Accelerator-Based-on-Eyeriss-v2 master FPGA_design-src/PE_Cluster/PE/SPad/Later_data_Spad.v" Line 15. Module Later_Data_Spad doesn't have a timescale but at least one module in design has a timescale.
WARNING: [XSIM 43-4099] "C:/Users/bless/Downloads/BoooC CNN-Accelerator-Based-on-Eyeriss-v2 master FPGA_design-src/PE_Cluster/PE/SPad/Later_data_Spad.v" Line 134. Module Weight_DATA_Spad_BRAM doesn't have a timescale but at least one module in design has a timescale.
WARNING: [XSIM 43-4099] "C:/Users/bless/Downloads/BoooC CNN-Accelerator-Based-on-Eyeriss-v2 master FPGA_design-src/PE_Cluster/PE/PE_data_FIFO.v" Line 9. Module PE_data_FIFO(DATA_IN_WIDTH=8) doesn't have a timescale but at least one module in design has a timescale.
WARNING: [XSIM 43-4099] "C:/Users/bless/Downloads/BoooC CNN-Accelerator-Based-on-Eyeriss-v2 master FPGA_design-src/PE_Cluster/PE/PE_data_FIFO.v" Line 9. Module PE_data_FIFO(DATA_IN_WIDTH=13) doesn't have a timescale but at least one module in design has a timescale.
WARNING: [XSIM 43-4099] "C:/Users/bless/Downloads/BoooC CNN-Accelerator-Based-on-Eyeriss-v2 master FPGA_design-src/PE_Cluster/PE/PE_data_FIFO.v" Line 9. Module PE_data_FIFO(DATA_IN_WIDTH=7) doesn't have a timescale but at least one module in design has a timescale.
WARNING: [XSIM 43-4099] "C:/Users/bless/Downloads/BoooC CNN-Accelerator-Based-on-Eyeriss-v2 master FPGA_design-src/PE_Cluster/PE/PE_data_FIFO.v" Line 9. Module PE_data_FIFO(DATA_IN_WIDTH=12) doesn't have a timescale but at least one module in design has a timescale.
WARNING: [XSIM 43-4099] "C:/Users/bless/Downloads/BoooC CNN-Accelerator-Based-on-Eyeriss-v2 master FPGA_design-src/PE_Cluster/PE/PE_psum_FIFO.v" Line 11. Module PE_psum_FIFO doesn't have a timescale but at least one module in design has a timescale.
WARNING: [XSIM 43-4099] "C:/Users/bless/Downloads/BoooC CNN-Accelerator-Based-on-Eyeriss-v2 master FPGA_design-src/PE_Cluster/PE/PE_psum_FIFO.v" Line 11. Module PE_psum_FIFO doesn't have a timescale but at least one module in design has a timescale.
WARNING: [XSIM 43-4099] "C:/Users/bless/Downloads/BoooC CNN-Accelerator-Based-on-Eyeriss-v2 master FPGA_design-src/PE_Cluster/PE/Processing_Element.v" Line 9. Module ProcessingElement doesn't have a timescale but at least one module in design has a timescale.
WARNING: [XSIM 43-4099] "C:/Users/bless/Downloads/BoooC CNN-Accelerator-Based-on-Eyeriss-v2 master FPGA_design-src/PE_Cluster/PE/Processing_Element_Controller.v" Line 8. Module Processing_Element_Controller doesn't have a timescale but at least one module in design has a timescale.
WARNING: [XSIM 43-4099] "C:/Users/bless/Downloads/BoooC CNN-Accelerator-Based-on-Eyeriss-v2 master FPGA_design-src/PE_Cluster/PE/Processing_Element_core.v" Line 11. Module Processing_Element_core doesn't have a timescale but at least one module in design has a timescale.
WARNING: [XSIM 43-4099] "C:/Users/bless/Downloads/BoooC CNN-Accelerator-Based-on-Eyeriss-v2 master FPGA_design-src/PE_Cluster/PE/SPad/Psum_Spad.v" Line 1. Module Psum_Spad doesn't have a timescale but at least one module in design has a timescale.
WARNING: [XSIM 43-4099] "C:/Users/bless/Downloads/BoooC CNN-Accelerator-Based-on-Eyeriss-v2 master FPGA_design-src/PE_Cluster/PE/SPad/Psum_Spad.v" Line 48. Module Psum_DATA_Spad_BRAM doesn't have a timescale but at least one module in design has a timescale.
WARNING: [XSIM 43-4099] "C:/Users/bless/Downloads/BoooC CNN-Accelerator-Based-on-Eyeriss-v2 master FPGA_design-src/PE_Cluster/PE/SPad/Former_addr_Spad.v" Line 9. Module Former_Address_Spad doesn't have a timescale but at least one module in design has a timescale.
WARNING: [XSIM 43-4099] "C:/Users/bless/Downloads/BoooC CNN-Accelerator-Based-on-Eyeriss-v2 master FPGA_design-src/PE_Cluster/PE/SPad/Former_data_Spad.v" Line 1. Module Former_Data_Spad doesn't have a timescale but at least one module in design has a timescale.
WARNING: [XSIM 43-4099] "C:/Users/bless/Downloads/BoooC CNN-Accelerator-Based-on-Eyeriss-v2 master FPGA_design-src/PE_Cluster/PE/SPad/Former_data_Spad.v" Line 69. Module Iact_DATA_Spad_BRAM doesn't have a timescale but at least one module in design has a timescale.
WARNING: [XSIM 43-4099] "C:/Users/bless/Downloads/BoooC CNN-Accelerator-Based-on-Eyeriss-v2 master FPGA_design-src/PE_Cluster/PE/SPad/Later_addr_Spad.v" Line 10. Module Later_Address_Spad doesn't have a timescale but at least one module in design has a timescale.
WARNING: [XSIM 43-4099] "C:/Users/bless/Downloads/BoooC CNN-Accelerator-Based-on-Eyeriss-v2 master FPGA_design-src/PE_Cluster/PE/SPad/Later_data_Spad.v" Line 15. Module Later_Data_Spad doesn't have a timescale but at least one module in design has a timescale.
WARNING: [XSIM 43-4099] "C:/Users/bless/Downloads/BoooC CNN-Accelerator-Based-on-Eyeriss-v2 master FPGA_design-src/PE_Cluster/PE/SPad/Later_data_Spad.v" Line 134. Module Weight_DATA_Spad_BRAM doesn't have a timescale but at least one module in design has a timescale.
WARNING: [XSIM 43-4099] "C:/Users/bless/Downloads/BoooC CNN-Accelerator-Based-on-Eyeriss-v2 master FPGA_design-src/PE_Cluster/PE/PE_data_FIFO.v" Line 9. Module PE_data_FIFO(DATA_IN_WIDTH=8) doesn't have a timescale but at least one module in design has a timescale.
WARNING: [XSIM 43-4099] "C:/Users/bless/Downloads/BoooC CNN-Accelerator-Based-on-Eyeriss-v2 master FPGA_design-src/PE_Cluster/PE/PE_data_FIFO.v" Line 9. Module PE_data_FIFO(DATA_IN_WIDTH=13) doesn't have a timescale but at least one module in design has a timescale.
WARNING: [XSIM 43-4099] "C:/Users/bless/Downloads/BoooC CNN-Accelerator-Based-on-Eyeriss-v2 master FPGA_design-src/PE_Cluster/PE/PE_data_FIFO.v" Line 9. Module PE_data_FIFO(DATA_IN_WIDTH=7) doesn't have a timescale but at least one module in design has a timescale.
WARNING: [XSIM 43-4099] "C:/Users/bless/Downloads/BoooC CNN-Accelerator-Based-on-Eyeriss-v2 master FPGA_design-src/PE_Cluster/PE/PE_data_FIFO.v" Line 9. Module PE_data_FIFO(DATA_IN_WIDTH=12) doesn't have a timescale but at least one module in design has a timescale.
WARNING: [XSIM 43-4099] "C:/Users/bless/Downloads/BoooC CNN-Accelerator-Based-on-Eyeriss-v2 master FPGA_design-src/PE_Cluster/PE/PE_psum_FIFO.v" Line 11. Module PE_psum_FIFO doesn't have a timescale but at least one module in design has a timescale.
WARNING: [XSIM 43-4099] "C:/Users/bless/Downloads/BoooC CNN-Accelerator-Based-on-Eyeriss-v2 master FPGA_design-src/PE_Cluster/PE/PE_psum_FIFO.v" Line 11. Module PE_psum_FIFO doesn't have a timescale but at least one module in design has a timescale.
WARNING: [XSIM 43-4099] "C:/Users/bless/Downloads/BoooC CNN-Accelerator-Based-on-Eyeriss-v2 master FPGA_design-src/PE_Cluster/PE/Processing_Element.v" Line 9. Module ProcessingElement doesn't have a timescale but at least one module in design has a timescale.
WARNING: [XSIM 43-4099] "C:/Users/bless/Downloads/BoooC CNN-Accelerator-Based-on-Eyeriss-v2 master FPGA_design-src/PE_Cluster/PE/Processing_Element_Controller.v" Line 8. Module Processing_Element_Controller doesn't have a timescale but at least one module in design has a timescale.
WARNING: [XSIM 43-4099] "C:/Users/bless/Downloads/BoooC CNN-Accelerator-Based-on-Eyeriss-v2 master FPGA_design-src/PE_Cluster/PE/Processing_Element_core.v" Line 11. Module Processing_Element_core doesn't have a timescale but at least one module in design has a timescale.
WARNING: [XSIM 43-4099] "C:/Users/bless/Downloads/BoooC CNN-Accelerator-Based-on-Eyeriss-v2 master FPGA_design-src/PE_Cluster/PE/SPad/Psum_Spad.v" Line 1. Module Psum_Spad doesn't have a timescale but at least one module in design has a timescale.
WARNING: [XSIM 43-4099] "C:/Users/bless/Downloads/BoooC CNN-Accelerator-Based-on-Eyeriss-v2 master FPGA_design-src/PE_Cluster/PE/SPad/Psum_Spad.v" Line 48. Module Psum_DATA_Spad_BRAM doesn't have a timescale but at least one module in design has a timescale.
WARNING: [XSIM 43-4099] "C:/Users/bless/Downloads/BoooC CNN-Accelerator-Based-on-Eyeriss-v2 master FPGA_design-src/PE_Cluster/PE/SPad/Former_addr_Spad.v" Line 9. Module Former_Address_Spad doesn't have a timescale but at least one module in design has a timescale.
WARNING: [XSIM 43-4099] "C:/Users/bless/Downloads/BoooC CNN-Accelerator-Based-on-Eyeriss-v2 master FPGA_design-src/PE_Cluster/PE/SPad/Former_data_Spad.v" Line 1. Module Former_Data_Spad doesn't have a timescale but at least one module in design has a timescale.
WARNING: [XSIM 43-4099] "C:/Users/bless/Downloads/BoooC CNN-Accelerator-Based-on-Eyeriss-v2 master FPGA_design-src/PE_Cluster/PE/SPad/Former_data_Spad.v" Line 69. Module Iact_DATA_Spad_BRAM doesn't have a timescale but at least one module in design has a timescale.
WARNING: [XSIM 43-4099] "C:/Users/bless/Downloads/BoooC CNN-Accelerator-Based-on-Eyeriss-v2 master FPGA_design-src/PE_Cluster/PE/SPad/Later_addr_Spad.v" Line 10. Module Later_Address_Spad doesn't have a timescale but at least one module in design has a timescale.
WARNING: [XSIM 43-4099] "C:/Users/bless/Downloads/BoooC CNN-Accelerator-Based-on-Eyeriss-v2 master FPGA_design-src/PE_Cluster/PE/SPad/Later_data_Spad.v" Line 15. Module Later_Data_Spad doesn't have a timescale but at least one module in design has a timescale.
WARNING: [XSIM 43-4099] "C:/Users/bless/Downloads/BoooC CNN-Accelerator-Based-on-Eyeriss-v2 master FPGA_design-src/PE_Cluster/PE/SPad/Later_data_Spad.v" Line 134. Module Weight_DATA_Spad_BRAM doesn't have a timescale but at least one module in design has a timescale.
WARNING: [XSIM 43-4099] "C:/Users/bless/Downloads/BoooC CNN-Accelerator-Based-on-Eyeriss-v2 master FPGA_design-src/PE_Cluster/PE/PE_data_FIFO.v" Line 9. Module PE_data_FIFO(DATA_IN_WIDTH=8) doesn't have a timescale but at least one module in design has a timescale.
WARNING: [XSIM 43-4099] "C:/Users/bless/Downloads/BoooC CNN-Accelerator-Based-on-Eyeriss-v2 master FPGA_design-src/PE_Cluster/PE/PE_data_FIFO.v" Line 9. Module PE_data_FIFO(DATA_IN_WIDTH=13) doesn't have a timescale but at least one module in design has a timescale.
WARNING: [XSIM 43-4099] "C:/Users/bless/Downloads/BoooC CNN-Accelerator-Based-on-Eyeriss-v2 master FPGA_design-src/PE_Cluster/PE/PE_data_FIFO.v" Line 9. Module PE_data_FIFO(DATA_IN_WIDTH=7) doesn't have a timescale but at least one module in design has a timescale.
WARNING: [XSIM 43-4099] "C:/Users/bless/Downloads/BoooC CNN-Accelerator-Based-on-Eyeriss-v2 master FPGA_design-src/PE_Cluster/PE/PE_data_FIFO.v" Line 9. Module PE_data_FIFO(DATA_IN_WIDTH=12) doesn't have a timescale but at least one module in design has a timescale.
WARNING: [XSIM 43-4099] "C:/Users/bless/Downloads/BoooC CNN-Accelerator-Based-on-Eyeriss-v2 master FPGA_design-src/PE_Cluster/PE/PE_psum_FIFO.v" Line 11. Module PE_psum_FIFO doesn't have a timescale but at least one module in design has a timescale.
WARNING: [XSIM 43-4099] "C:/Users/bless/Downloads/BoooC CNN-Accelerator-Based-on-Eyeriss-v2 master FPGA_design-src/PE_Cluster/PE/PE_psum_FIFO.v" Line 11. Module PE_psum_FIFO doesn't have a timescale but at least one module in design has a timescale.
WARNING: [XSIM 43-4099] "C:/Users/bless/Downloads/BoooC CNN-Accelerator-Based-on-Eyeriss-v2 master FPGA_design-src/PE_Cluster/PE/Processing_Element.v" Line 9. Module ProcessingElement doesn't have a timescale but at least one module in design has a timescale.
WARNING: [XSIM 43-4099] "C:/Users/bless/Downloads/BoooC CNN-Accelerator-Based-on-Eyeriss-v2 master FPGA_design-src/PE_Cluster/PE/Processing_Element_Controller.v" Line 8. Module Processing_Element_Controller doesn't have a timescale but at least one module in design has a timescale.
WARNING: [XSIM 43-4099] "C:/Users/bless/Downloads/BoooC CNN-Accelerator-Based-on-Eyeriss-v2 master FPGA_design-src/PE_Cluster/PE/Processing_Element_core.v" Line 11. Module Processing_Element_core doesn't have a timescale but at least one module in design has a timescale.
WARNING: [XSIM 43-4099] "C:/Users/bless/Downloads/BoooC CNN-Accelerator-Based-on-Eyeriss-v2 master FPGA_design-src/PE_Cluster/PE/SPad/Psum_Spad.v" Line 1. Module Psum_Spad doesn't have a timescale but at least one module in design has a timescale.
WARNING: [XSIM 43-4099] "C:/Users/bless/Downloads/BoooC CNN-Accelerator-Based-on-Eyeriss-v2 master FPGA_design-src/PE_Cluster/PE/SPad/Psum_Spad.v" Line 48. Module Psum_DATA_Spad_BRAM doesn't have a timescale but at least one module in design has a timescale.
WARNING: [XSIM 43-4099] "C:/Users/bless/Downloads/BoooC CNN-Accelerator-Based-on-Eyeriss-v2 master FPGA_design-src/PE_Cluster/PE/SPad/Former_addr_Spad.v" Line 9. Module Former_Address_Spad doesn't have a timescale but at least one module in design has a timescale.
WARNING: [XSIM 43-4099] "C:/Users/bless/Downloads/BoooC CNN-Accelerator-Based-on-Eyeriss-v2 master FPGA_design-src/PE_Cluster/PE/SPad/Former_data_Spad.v" Line 1. Module Former_Data_Spad doesn't have a timescale but at least one module in design has a timescale.
WARNING: [XSIM 43-4099] "C:/Users/bless/Downloads/BoooC CNN-Accelerator-Based-on-Eyeriss-v2 master FPGA_design-src/PE_Cluster/PE/SPad/Former_data_Spad.v" Line 69. Module Iact_DATA_Spad_BRAM doesn't have a timescale but at least one module in design has a timescale.
WARNING: [XSIM 43-4099] "C:/Users/bless/Downloads/BoooC CNN-Accelerator-Based-on-Eyeriss-v2 master FPGA_design-src/PE_Cluster/PE/SPad/Later_addr_Spad.v" Line 10. Module Later_Address_Spad doesn't have a timescale but at least one module in design has a timescale.
WARNING: [XSIM 43-4099] "C:/Users/bless/Downloads/BoooC CNN-Accelerator-Based-on-Eyeriss-v2 master FPGA_design-src/PE_Cluster/PE/SPad/Later_data_Spad.v" Line 15. Module Later_Data_Spad doesn't have a timescale but at least one module in design has a timescale.
WARNING: [XSIM 43-4099] "C:/Users/bless/Downloads/BoooC CNN-Accelerator-Based-on-Eyeriss-v2 master FPGA_design-src/PE_Cluster/PE/SPad/Later_data_Spad.v" Line 134. Module Weight_DATA_Spad_BRAM doesn't have a timescale but at least one module in design has a timescale.
WARNING: [XSIM 43-4099] "C:/Users/bless/Downloads/BoooC CNN-Accelerator-Based-on-Eyeriss-v2 master FPGA_design-src/PE_Cluster/PE/PE_data_FIFO.v" Line 9. Module PE_data_FIFO(DATA_IN_WIDTH=8) doesn't have a timescale but at least one module in design has a timescale.
WARNING: [XSIM 43-4099] "C:/Users/bless/Downloads/BoooC CNN-Accelerator-Based-on-Eyeriss-v2 master FPGA_design-src/PE_Cluster/PE/PE_data_FIFO.v" Line 9. Module PE_data_FIFO(DATA_IN_WIDTH=13) doesn't have a timescale but at least one module in design has a timescale.
WARNING: [XSIM 43-4099] "C:/Users/bless/Downloads/BoooC CNN-Accelerator-Based-on-Eyeriss-v2 master FPGA_design-src/PE_Cluster/PE/PE_data_FIFO.v" Line 9. Module PE_data_FIFO(DATA_IN_WIDTH=7) doesn't have a timescale but at least one module in design has a timescale.
WARNING: [XSIM 43-4099] "C:/Users/bless/Downloads/BoooC CNN-Accelerator-Based-on-Eyeriss-v2 master FPGA_design-src/PE_Cluster/PE/PE_data_FIFO.v" Line 9. Module PE_data_FIFO(DATA_IN_WIDTH=12) doesn't have a timescale but at least one module in design has a timescale.
WARNING: [XSIM 43-4099] "C:/Users/bless/Downloads/BoooC CNN-Accelerator-Based-on-Eyeriss-v2 master FPGA_design-src/PE_Cluster/PE/PE_psum_FIFO.v" Line 11. Module PE_psum_FIFO doesn't have a timescale but at least one module in design has a timescale.
WARNING: [XSIM 43-4099] "C:/Users/bless/Downloads/BoooC CNN-Accelerator-Based-on-Eyeriss-v2 master FPGA_design-src/PE_Cluster/PE/PE_psum_FIFO.v" Line 11. Module PE_psum_FIFO doesn't have a timescale but at least one module in design has a timescale.
WARNING: [XSIM 43-4099] "C:/Users/bless/Downloads/BoooC CNN-Accelerator-Based-on-Eyeriss-v2 master FPGA_design-src/PE_Cluster/PE/Processing_Element.v" Line 9. Module ProcessingElement doesn't have a timescale but at least one module in design has a timescale.
WARNING: [XSIM 43-4099] "C:/Users/bless/Downloads/BoooC CNN-Accelerator-Based-on-Eyeriss-v2 master FPGA_design-src/PE_Cluster/PE/Processing_Element_Controller.v" Line 8. Module Processing_Element_Controller doesn't have a timescale but at least one module in design has a timescale.
WARNING: [XSIM 43-4099] "C:/Users/bless/Downloads/BoooC CNN-Accelerator-Based-on-Eyeriss-v2 master FPGA_design-src/PE_Cluster/PE/Processing_Element_core.v" Line 11. Module Processing_Element_core doesn't have a timescale but at least one module in design has a timescale.
WARNING: [XSIM 43-4099] "C:/Users/bless/Downloads/BoooC CNN-Accelerator-Based-on-Eyeriss-v2 master FPGA_design-src/PE_Cluster/PE/SPad/Psum_Spad.v" Line 1. Module Psum_Spad doesn't have a timescale but at least one module in design has a timescale.
WARNING: [XSIM 43-4099] "C:/Users/bless/Downloads/BoooC CNN-Accelerator-Based-on-Eyeriss-v2 master FPGA_design-src/PE_Cluster/PE/SPad/Psum_Spad.v" Line 48. Module Psum_DATA_Spad_BRAM doesn't have a timescale but at least one module in design has a timescale.
WARNING: [XSIM 43-4099] "C:/Users/bless/Downloads/BoooC CNN-Accelerator-Based-on-Eyeriss-v2 master FPGA_design-src/PE_Cluster/PE/SPad/Former_addr_Spad.v" Line 9. Module Former_Address_Spad doesn't have a timescale but at least one module in design has a timescale.
WARNING: [XSIM 43-4099] "C:/Users/bless/Downloads/BoooC CNN-Accelerator-Based-on-Eyeriss-v2 master FPGA_design-src/PE_Cluster/PE/SPad/Former_data_Spad.v" Line 1. Module Former_Data_Spad doesn't have a timescale but at least one module in design has a timescale.
WARNING: [XSIM 43-4099] "C:/Users/bless/Downloads/BoooC CNN-Accelerator-Based-on-Eyeriss-v2 master FPGA_design-src/PE_Cluster/PE/SPad/Former_data_Spad.v" Line 69. Module Iact_DATA_Spad_BRAM doesn't have a timescale but at least one module in design has a timescale.
WARNING: [XSIM 43-4099] "C:/Users/bless/Downloads/BoooC CNN-Accelerator-Based-on-Eyeriss-v2 master FPGA_design-src/PE_Cluster/PE/SPad/Later_addr_Spad.v" Line 10. Module Later_Address_Spad doesn't have a timescale but at least one module in design has a timescale.
WARNING: [XSIM 43-4099] "C:/Users/bless/Downloads/BoooC CNN-Accelerator-Based-on-Eyeriss-v2 master FPGA_design-src/PE_Cluster/PE/SPad/Later_data_Spad.v" Line 15. Module Later_Data_Spad doesn't have a timescale but at least one module in design has a timescale.
WARNING: [XSIM 43-4099] "C:/Users/bless/Downloads/BoooC CNN-Accelerator-Based-on-Eyeriss-v2 master FPGA_design-src/PE_Cluster/PE/SPad/Later_data_Spad.v" Line 134. Module Weight_DATA_Spad_BRAM doesn't have a timescale but at least one module in design has a timescale.
WARNING: [XSIM 43-4099] "C:/Users/bless/Downloads/BoooC CNN-Accelerator-Based-on-Eyeriss-v2 master FPGA_design-src/PE_Cluster/PE/PE_data_FIFO.v" Line 9. Module PE_data_FIFO(DATA_IN_WIDTH=8) doesn't have a timescale but at least one module in design has a timescale.
WARNING: [XSIM 43-4099] "C:/Users/bless/Downloads/BoooC CNN-Accelerator-Based-on-Eyeriss-v2 master FPGA_design-src/PE_Cluster/PE/PE_data_FIFO.v" Line 9. Module PE_data_FIFO(DATA_IN_WIDTH=13) doesn't have a timescale but at least one module in design has a timescale.
WARNING: [XSIM 43-4099] "C:/Users/bless/Downloads/BoooC CNN-Accelerator-Based-on-Eyeriss-v2 master FPGA_design-src/PE_Cluster/PE/PE_data_FIFO.v" Line 9. Module PE_data_FIFO(DATA_IN_WIDTH=7) doesn't have a timescale but at least one module in design has a timescale.
WARNING: [XSIM 43-4099] "C:/Users/bless/Downloads/BoooC CNN-Accelerator-Based-on-Eyeriss-v2 master FPGA_design-src/PE_Cluster/PE/PE_data_FIFO.v" Line 9. Module PE_data_FIFO(DATA_IN_WIDTH=12) doesn't have a timescale but at least one module in design has a timescale.
WARNING: [XSIM 43-4099] "C:/Users/bless/Downloads/BoooC CNN-Accelerator-Based-on-Eyeriss-v2 master FPGA_design-src/PE_Cluster/PE/PE_psum_FIFO.v" Line 11. Module PE_psum_FIFO doesn't have a timescale but at least one module in design has a timescale.
WARNING: [XSIM 43-4099] "C:/Users/bless/Downloads/BoooC CNN-Accelerator-Based-on-Eyeriss-v2 master FPGA_design-src/PE_Cluster/PE/PE_psum_FIFO.v" Line 11. Module PE_psum_FIFO doesn't have a timescale but at least one module in design has a timescale.
WARNING: [XSIM 43-4099] "C:/Users/bless/Downloads/BoooC CNN-Accelerator-Based-on-Eyeriss-v2 master FPGA_design-src/PE_Cluster/PE/Processing_Element.v" Line 9. Module ProcessingElement doesn't have a timescale but at least one module in design has a timescale.
WARNING: [XSIM 43-4099] "C:/Users/bless/Downloads/BoooC CNN-Accelerator-Based-on-Eyeriss-v2 master FPGA_design-src/PE_Cluster/PE/Processing_Element_Controller.v" Line 8. Module Processing_Element_Controller doesn't have a timescale but at least one module in design has a timescale.
WARNING: [XSIM 43-4099] "C:/Users/bless/Downloads/BoooC CNN-Accelerator-Based-on-Eyeriss-v2 master FPGA_design-src/PE_Cluster/PE/Processing_Element_core.v" Line 11. Module Processing_Element_core doesn't have a timescale but at least one module in design has a timescale.
WARNING: [XSIM 43-4099] "C:/Users/bless/Downloads/BoooC CNN-Accelerator-Based-on-Eyeriss-v2 master FPGA_design-src/PE_Cluster/PE/SPad/Psum_Spad.v" Line 1. Module Psum_Spad doesn't have a timescale but at least one module in design has a timescale.
WARNING: [XSIM 43-4099] "C:/Users/bless/Downloads/BoooC CNN-Accelerator-Based-on-Eyeriss-v2 master FPGA_design-src/PE_Cluster/PE/SPad/Psum_Spad.v" Line 48. Module Psum_DATA_Spad_BRAM doesn't have a timescale but at least one module in design has a timescale.
WARNING: [XSIM 43-4099] "C:/Users/bless/Downloads/BoooC CNN-Accelerator-Based-on-Eyeriss-v2 master FPGA_design-src/PE_Cluster/PE/SPad/Former_addr_Spad.v" Line 9. Module Former_Address_Spad doesn't have a timescale but at least one module in design has a timescale.
WARNING: [XSIM 43-4099] "C:/Users/bless/Downloads/BoooC CNN-Accelerator-Based-on-Eyeriss-v2 master FPGA_design-src/PE_Cluster/PE/SPad/Former_data_Spad.v" Line 1. Module Former_Data_Spad doesn't have a timescale but at least one module in design has a timescale.
WARNING: [XSIM 43-4099] "C:/Users/bless/Downloads/BoooC CNN-Accelerator-Based-on-Eyeriss-v2 master FPGA_design-src/PE_Cluster/PE/SPad/Former_data_Spad.v" Line 69. Module Iact_DATA_Spad_BRAM doesn't have a timescale but at least one module in design has a timescale.
WARNING: [XSIM 43-4099] "C:/Users/bless/Downloads/BoooC CNN-Accelerator-Based-on-Eyeriss-v2 master FPGA_design-src/PE_Cluster/PE/SPad/Later_addr_Spad.v" Line 10. Module Later_Address_Spad doesn't have a timescale but at least one module in design has a timescale.
WARNING: [XSIM 43-4099] "C:/Users/bless/Downloads/BoooC CNN-Accelerator-Based-on-Eyeriss-v2 master FPGA_design-src/PE_Cluster/PE/SPad/Later_data_Spad.v" Line 15. Module Later_Data_Spad doesn't have a timescale but at least one module in design has a timescale.
WARNING: [XSIM 43-4099] "C:/Users/bless/Downloads/BoooC CNN-Accelerator-Based-on-Eyeriss-v2 master FPGA_design-src/PE_Cluster/PE/SPad/Later_data_Spad.v" Line 134. Module Weight_DATA_Spad_BRAM doesn't have a timescale but at least one module in design has a timescale.
WARNING: [XSIM 43-4099] "C:/Users/bless/Downloads/BoooC CNN-Accelerator-Based-on-Eyeriss-v2 master FPGA_design-src/PE_Cluster/PE/PE_data_FIFO.v" Line 9. Module PE_data_FIFO(DATA_IN_WIDTH=8) doesn't have a timescale but at least one module in design has a timescale.
WARNING: [XSIM 43-4099] "C:/Users/bless/Downloads/BoooC CNN-Accelerator-Based-on-Eyeriss-v2 master FPGA_design-src/PE_Cluster/PE/PE_data_FIFO.v" Line 9. Module PE_data_FIFO(DATA_IN_WIDTH=13) doesn't have a timescale but at least one module in design has a timescale.
WARNING: [XSIM 43-4099] "C:/Users/bless/Downloads/BoooC CNN-Accelerator-Based-on-Eyeriss-v2 master FPGA_design-src/PE_Cluster/PE/PE_data_FIFO.v" Line 9. Module PE_data_FIFO(DATA_IN_WIDTH=7) doesn't have a timescale but at least one module in design has a timescale.
WARNING: [XSIM 43-4099] "C:/Users/bless/Downloads/BoooC CNN-Accelerator-Based-on-Eyeriss-v2 master FPGA_design-src/PE_Cluster/PE/PE_data_FIFO.v" Line 9. Module PE_data_FIFO(DATA_IN_WIDTH=12) doesn't have a timescale but at least one module in design has a timescale.
WARNING: [XSIM 43-4099] "C:/Users/bless/Downloads/BoooC CNN-Accelerator-Based-on-Eyeriss-v2 master FPGA_design-src/PE_Cluster/PE/PE_psum_FIFO.v" Line 11. Module PE_psum_FIFO doesn't have a timescale but at least one module in design has a timescale.
WARNING: [XSIM 43-4099] "C:/Users/bless/Downloads/BoooC CNN-Accelerator-Based-on-Eyeriss-v2 master FPGA_design-src/PE_Cluster/PE/PE_psum_FIFO.v" Line 11. Module PE_psum_FIFO doesn't have a timescale but at least one module in design has a timescale.
WARNING: [XSIM 43-4099] "C:/Users/bless/Downloads/BoooC CNN-Accelerator-Based-on-Eyeriss-v2 master FPGA_design-src/PE_Cluster/PE_Cluster_controller.v" Line 9. Module PE_Cluster_controller doesn't have a timescale but at least one module in design has a timescale.
WARNING: [XSIM 43-4099] "C:/Users/bless/Downloads/BoooC CNN-Accelerator-Based-on-Eyeriss-v2 master FPGA_design-src/PE_Cluster/PE_Cluster_Data_Connections.v" Line 10. Module PE_Cluster_Connection doesn't have a timescale but at least one module in design has a timescale.
WARNING: [XSIM 43-4099] "C:/Users/bless/Downloads/BoooC CNN-Accelerator-Based-on-Eyeriss-v2 master FPGA_design-src/GLB_Cluster/GLB_Cluster.v" Line 14. Module GLB_Cluster doesn't have a timescale but at least one module in design has a timescale.
WARNING: [XSIM 43-4099] "C:/Users/bless/Downloads/BoooC CNN-Accelerator-Based-on-Eyeriss-v2 master FPGA_design-src/GLB_Cluster/Iact_SRAM_Bank.v" Line 9. Module Iact_SRAM_Bank doesn't have a timescale but at least one module in design has a timescale.
WARNING: [XSIM 43-4099] "C:/Users/bless/Downloads/BoooC CNN-Accelerator-Based-on-Eyeriss-v2 master FPGA_design-src/GLB_Cluster/Iact_addr_SRAM.v" Line 12. Module iact_addr_SRAM doesn't have a timescale but at least one module in design has a timescale.
WARNING: [XSIM 43-4099] "C:/Users/bless/Downloads/BoooC CNN-Accelerator-Based-on-Eyeriss-v2 master FPGA_design-src/GLB_Cluster/Iact_addr_SRAM.v" Line 218. Module Iact_Addr_SRAM_BRAM doesn't have a timescale but at least one module in design has a timescale.
WARNING: [XSIM 43-4099] "C:/Users/bless/Downloads/BoooC CNN-Accelerator-Based-on-Eyeriss-v2 master FPGA_design-src/GLB_Cluster/Iact_data_SRAM.v" Line 1. Module lact_data_SRAM doesn't have a timescale but at least one module in design has a timescale.
WARNING: [XSIM 43-4099] "C:/Users/bless/Downloads/BoooC CNN-Accelerator-Based-on-Eyeriss-v2 master FPGA_design-src/PE_Cluster/PE/SPad/Psum_Spad.v" Line 129. Module Iact_Data_SRAM_BRAM doesn't have a timescale but at least one module in design has a timescale.
WARNING: [XSIM 43-4099] "C:/Users/bless/Downloads/BoooC CNN-Accelerator-Based-on-Eyeriss-v2 master FPGA_design-src/GLB_Cluster/Iact_SRAM_Bank.v" Line 9. Module Iact_SRAM_Bank doesn't have a timescale but at least one module in design has a timescale.
WARNING: [XSIM 43-4099] "C:/Users/bless/Downloads/BoooC CNN-Accelerator-Based-on-Eyeriss-v2 master FPGA_design-src/GLB_Cluster/Iact_addr_SRAM.v" Line 12. Module iact_addr_SRAM doesn't have a timescale but at least one module in design has a timescale.
WARNING: [XSIM 43-4099] "C:/Users/bless/Downloads/BoooC CNN-Accelerator-Based-on-Eyeriss-v2 master FPGA_design-src/GLB_Cluster/Iact_addr_SRAM.v" Line 218. Module Iact_Addr_SRAM_BRAM doesn't have a timescale but at least one module in design has a timescale.
WARNING: [XSIM 43-4099] "C:/Users/bless/Downloads/BoooC CNN-Accelerator-Based-on-Eyeriss-v2 master FPGA_design-src/GLB_Cluster/Iact_data_SRAM.v" Line 1. Module lact_data_SRAM doesn't have a timescale but at least one module in design has a timescale.
WARNING: [XSIM 43-4099] "C:/Users/bless/Downloads/BoooC CNN-Accelerator-Based-on-Eyeriss-v2 master FPGA_design-src/PE_Cluster/PE/SPad/Psum_Spad.v" Line 129. Module Iact_Data_SRAM_BRAM doesn't have a timescale but at least one module in design has a timescale.
WARNING: [XSIM 43-4099] "C:/Users/bless/Downloads/BoooC CNN-Accelerator-Based-on-Eyeriss-v2 master FPGA_design-src/GLB_Cluster/Iact_SRAM_Bank.v" Line 9. Module Iact_SRAM_Bank doesn't have a timescale but at least one module in design has a timescale.
WARNING: [XSIM 43-4099] "C:/Users/bless/Downloads/BoooC CNN-Accelerator-Based-on-Eyeriss-v2 master FPGA_design-src/GLB_Cluster/Iact_addr_SRAM.v" Line 12. Module iact_addr_SRAM doesn't have a timescale but at least one module in design has a timescale.
WARNING: [XSIM 43-4099] "C:/Users/bless/Downloads/BoooC CNN-Accelerator-Based-on-Eyeriss-v2 master FPGA_design-src/GLB_Cluster/Iact_addr_SRAM.v" Line 218. Module Iact_Addr_SRAM_BRAM doesn't have a timescale but at least one module in design has a timescale.
WARNING: [XSIM 43-4099] "C:/Users/bless/Downloads/BoooC CNN-Accelerator-Based-on-Eyeriss-v2 master FPGA_design-src/GLB_Cluster/Iact_data_SRAM.v" Line 1. Module lact_data_SRAM doesn't have a timescale but at least one module in design has a timescale.
WARNING: [XSIM 43-4099] "C:/Users/bless/Downloads/BoooC CNN-Accelerator-Based-on-Eyeriss-v2 master FPGA_design-src/PE_Cluster/PE/SPad/Psum_Spad.v" Line 129. Module Iact_Data_SRAM_BRAM doesn't have a timescale but at least one module in design has a timescale.
WARNING: [XSIM 43-4099] "C:/Users/bless/Downloads/BoooC CNN-Accelerator-Based-on-Eyeriss-v2 master FPGA_design-src/GLB_Cluster/Iact_SRAM_Bank.v" Line 9. Module Iact_SRAM_Bank doesn't have a timescale but at least one module in design has a timescale.
WARNING: [XSIM 43-4099] "C:/Users/bless/Downloads/BoooC CNN-Accelerator-Based-on-Eyeriss-v2 master FPGA_design-src/GLB_Cluster/Iact_addr_SRAM.v" Line 12. Module iact_addr_SRAM doesn't have a timescale but at least one module in design has a timescale.
WARNING: [XSIM 43-4099] "C:/Users/bless/Downloads/BoooC CNN-Accelerator-Based-on-Eyeriss-v2 master FPGA_design-src/GLB_Cluster/Iact_addr_SRAM.v" Line 218. Module Iact_Addr_SRAM_BRAM doesn't have a timescale but at least one module in design has a timescale.
WARNING: [XSIM 43-4099] "C:/Users/bless/Downloads/BoooC CNN-Accelerator-Based-on-Eyeriss-v2 master FPGA_design-src/GLB_Cluster/Iact_data_SRAM.v" Line 1. Module lact_data_SRAM doesn't have a timescale but at least one module in design has a timescale.
WARNING: [XSIM 43-4099] "C:/Users/bless/Downloads/BoooC CNN-Accelerator-Based-on-Eyeriss-v2 master FPGA_design-src/PE_Cluster/PE/SPad/Psum_Spad.v" Line 129. Module Iact_Data_SRAM_BRAM doesn't have a timescale but at least one module in design has a timescale.
WARNING: [XSIM 43-4099] "C:/Users/bless/Downloads/BoooC CNN-Accelerator-Based-on-Eyeriss-v2 master FPGA_design-src/GLB_Cluster/Iact_SRAM_Bank.v" Line 9. Module Iact_SRAM_Bank doesn't have a timescale but at least one module in design has a timescale.
WARNING: [XSIM 43-4099] "C:/Users/bless/Downloads/BoooC CNN-Accelerator-Based-on-Eyeriss-v2 master FPGA_design-src/GLB_Cluster/Iact_addr_SRAM.v" Line 12. Module iact_addr_SRAM doesn't have a timescale but at least one module in design has a timescale.
WARNING: [XSIM 43-4099] "C:/Users/bless/Downloads/BoooC CNN-Accelerator-Based-on-Eyeriss-v2 master FPGA_design-src/GLB_Cluster/Iact_addr_SRAM.v" Line 218. Module Iact_Addr_SRAM_BRAM doesn't have a timescale but at least one module in design has a timescale.
WARNING: [XSIM 43-4099] "C:/Users/bless/Downloads/BoooC CNN-Accelerator-Based-on-Eyeriss-v2 master FPGA_design-src/GLB_Cluster/Iact_data_SRAM.v" Line 1. Module lact_data_SRAM doesn't have a timescale but at least one module in design has a timescale.
WARNING: [XSIM 43-4099] "C:/Users/bless/Downloads/BoooC CNN-Accelerator-Based-on-Eyeriss-v2 master FPGA_design-src/PE_Cluster/PE/SPad/Psum_Spad.v" Line 129. Module Iact_Data_SRAM_BRAM doesn't have a timescale but at least one module in design has a timescale.
WARNING: [XSIM 43-4099] "C:/Users/bless/Downloads/BoooC CNN-Accelerator-Based-on-Eyeriss-v2 master FPGA_design-src/GLB_Cluster/Iact_SRAM_Bank.v" Line 9. Module Iact_SRAM_Bank doesn't have a timescale but at least one module in design has a timescale.
WARNING: [XSIM 43-4099] "C:/Users/bless/Downloads/BoooC CNN-Accelerator-Based-on-Eyeriss-v2 master FPGA_design-src/GLB_Cluster/Iact_addr_SRAM.v" Line 12. Module iact_addr_SRAM doesn't have a timescale but at least one module in design has a timescale.
WARNING: [XSIM 43-4099] "C:/Users/bless/Downloads/BoooC CNN-Accelerator-Based-on-Eyeriss-v2 master FPGA_design-src/GLB_Cluster/Iact_addr_SRAM.v" Line 218. Module Iact_Addr_SRAM_BRAM doesn't have a timescale but at least one module in design has a timescale.
WARNING: [XSIM 43-4099] "C:/Users/bless/Downloads/BoooC CNN-Accelerator-Based-on-Eyeriss-v2 master FPGA_design-src/GLB_Cluster/Iact_data_SRAM.v" Line 1. Module lact_data_SRAM doesn't have a timescale but at least one module in design has a timescale.
WARNING: [XSIM 43-4099] "C:/Users/bless/Downloads/BoooC CNN-Accelerator-Based-on-Eyeriss-v2 master FPGA_design-src/PE_Cluster/PE/SPad/Psum_Spad.v" Line 129. Module Iact_Data_SRAM_BRAM doesn't have a timescale but at least one module in design has a timescale.
WARNING: [XSIM 43-4099] "C:/Users/bless/Downloads/BoooC CNN-Accelerator-Based-on-Eyeriss-v2 master FPGA_design-src/GLB_Cluster/Iact_SRAM_Bank.v" Line 9. Module Iact_SRAM_Bank doesn't have a timescale but at least one module in design has a timescale.
WARNING: [XSIM 43-4099] "C:/Users/bless/Downloads/BoooC CNN-Accelerator-Based-on-Eyeriss-v2 master FPGA_design-src/GLB_Cluster/Iact_addr_SRAM.v" Line 12. Module iact_addr_SRAM doesn't have a timescale but at least one module in design has a timescale.
WARNING: [XSIM 43-4099] "C:/Users/bless/Downloads/BoooC CNN-Accelerator-Based-on-Eyeriss-v2 master FPGA_design-src/GLB_Cluster/Iact_addr_SRAM.v" Line 218. Module Iact_Addr_SRAM_BRAM doesn't have a timescale but at least one module in design has a timescale.
WARNING: [XSIM 43-4099] "C:/Users/bless/Downloads/BoooC CNN-Accelerator-Based-on-Eyeriss-v2 master FPGA_design-src/GLB_Cluster/Iact_data_SRAM.v" Line 1. Module lact_data_SRAM doesn't have a timescale but at least one module in design has a timescale.
WARNING: [XSIM 43-4099] "C:/Users/bless/Downloads/BoooC CNN-Accelerator-Based-on-Eyeriss-v2 master FPGA_design-src/PE_Cluster/PE/SPad/Psum_Spad.v" Line 129. Module Iact_Data_SRAM_BRAM doesn't have a timescale but at least one module in design has a timescale.
WARNING: [XSIM 43-4099] "C:/Users/bless/Downloads/BoooC CNN-Accelerator-Based-on-Eyeriss-v2 master FPGA_design-src/GLB_Cluster/Iact_SRAM_Bank.v" Line 9. Module Iact_SRAM_Bank doesn't have a timescale but at least one module in design has a timescale.
WARNING: [XSIM 43-4099] "C:/Users/bless/Downloads/BoooC CNN-Accelerator-Based-on-Eyeriss-v2 master FPGA_design-src/GLB_Cluster/Iact_addr_SRAM.v" Line 12. Module iact_addr_SRAM doesn't have a timescale but at least one module in design has a timescale.
WARNING: [XSIM 43-4099] "C:/Users/bless/Downloads/BoooC CNN-Accelerator-Based-on-Eyeriss-v2 master FPGA_design-src/GLB_Cluster/Iact_addr_SRAM.v" Line 218. Module Iact_Addr_SRAM_BRAM doesn't have a timescale but at least one module in design has a timescale.
WARNING: [XSIM 43-4099] "C:/Users/bless/Downloads/BoooC CNN-Accelerator-Based-on-Eyeriss-v2 master FPGA_design-src/GLB_Cluster/Iact_data_SRAM.v" Line 1. Module lact_data_SRAM doesn't have a timescale but at least one module in design has a timescale.
WARNING: [XSIM 43-4099] "C:/Users/bless/Downloads/BoooC CNN-Accelerator-Based-on-Eyeriss-v2 master FPGA_design-src/PE_Cluster/PE/SPad/Psum_Spad.v" Line 129. Module Iact_Data_SRAM_BRAM doesn't have a timescale but at least one module in design has a timescale.
WARNING: [XSIM 43-4099] "C:/Users/bless/Downloads/BoooC CNN-Accelerator-Based-on-Eyeriss-v2 master FPGA_design-src/GLB_Cluster/Iact_SRAM_Bank.v" Line 9. Module Iact_SRAM_Bank doesn't have a timescale but at least one module in design has a timescale.
WARNING: [XSIM 43-4099] "C:/Users/bless/Downloads/BoooC CNN-Accelerator-Based-on-Eyeriss-v2 master FPGA_design-src/GLB_Cluster/Iact_addr_SRAM.v" Line 12. Module iact_addr_SRAM doesn't have a timescale but at least one module in design has a timescale.
WARNING: [XSIM 43-4099] "C:/Users/bless/Downloads/BoooC CNN-Accelerator-Based-on-Eyeriss-v2 master FPGA_design-src/GLB_Cluster/Iact_addr_SRAM.v" Line 218. Module Iact_Addr_SRAM_BRAM doesn't have a timescale but at least one module in design has a timescale.
WARNING: [XSIM 43-4099] "C:/Users/bless/Downloads/BoooC CNN-Accelerator-Based-on-Eyeriss-v2 master FPGA_design-src/GLB_Cluster/Iact_data_SRAM.v" Line 1. Module lact_data_SRAM doesn't have a timescale but at least one module in design has a timescale.
WARNING: [XSIM 43-4099] "C:/Users/bless/Downloads/BoooC CNN-Accelerator-Based-on-Eyeriss-v2 master FPGA_design-src/PE_Cluster/PE/SPad/Psum_Spad.v" Line 129. Module Iact_Data_SRAM_BRAM doesn't have a timescale but at least one module in design has a timescale.
WARNING: [XSIM 43-4099] "C:/Users/bless/Downloads/BoooC CNN-Accelerator-Based-on-Eyeriss-v2 master FPGA_design-src/GLB_Cluster/Psum_SRAM_Bank.v" Line 1. Module Psum_SRAM_Bank doesn't have a timescale but at least one module in design has a timescale.
WARNING: [XSIM 43-4099] "C:/Users/bless/Downloads/BoooC CNN-Accelerator-Based-on-Eyeriss-v2 master FPGA_design-src/GLB_Cluster/Psum_SRAM_Bank.v" Line 73. Module Psum_Data_SRAM_BRAM doesn't have a timescale but at least one module in design has a timescale.
WARNING: [XSIM 43-4099] "C:/Users/bless/Downloads/BoooC CNN-Accelerator-Based-on-Eyeriss-v2 master FPGA_design-src/GLB_Cluster/Psum_SRAM_Bank.v" Line 1. Module Psum_SRAM_Bank doesn't have a timescale but at least one module in design has a timescale.
WARNING: [XSIM 43-4099] "C:/Users/bless/Downloads/BoooC CNN-Accelerator-Based-on-Eyeriss-v2 master FPGA_design-src/GLB_Cluster/Psum_SRAM_Bank.v" Line 73. Module Psum_Data_SRAM_BRAM doesn't have a timescale but at least one module in design has a timescale.
WARNING: [XSIM 43-4099] "C:/Users/bless/Downloads/BoooC CNN-Accelerator-Based-on-Eyeriss-v2 master FPGA_design-src/GLB_Cluster/Psum_SRAM_Bank.v" Line 1. Module Psum_SRAM_Bank doesn't have a timescale but at least one module in design has a timescale.
WARNING: [XSIM 43-4099] "C:/Users/bless/Downloads/BoooC CNN-Accelerator-Based-on-Eyeriss-v2 master FPGA_design-src/GLB_Cluster/Psum_SRAM_Bank.v" Line 73. Module Psum_Data_SRAM_BRAM doesn't have a timescale but at least one module in design has a timescale.
WARNING: [XSIM 43-4099] "C:/Users/bless/Downloads/BoooC CNN-Accelerator-Based-on-Eyeriss-v2 master FPGA_design-src/Router_Cluster/Router_Cluster.v" Line 14. Module Router_Cluster doesn't have a timescale but at least one module in design has a timescale.
WARNING: [XSIM 43-4099] "C:/Users/bless/Downloads/BoooC CNN-Accelerator-Based-on-Eyeriss-v2 master FPGA_design-src/Router_Cluster/Iact_Router.v" Line 22. Module Iact_Router doesn't have a timescale but at least one module in design has a timescale.
WARNING: [XSIM 43-4099] "C:/Users/bless/Downloads/BoooC CNN-Accelerator-Based-on-Eyeriss-v2 master FPGA_design-src/Router_Cluster/Iact_Router.v" Line 22. Module Iact_Router doesn't have a timescale but at least one module in design has a timescale.
WARNING: [XSIM 43-4099] "C:/Users/bless/Downloads/BoooC CNN-Accelerator-Based-on-Eyeriss-v2 master FPGA_design-src/Router_Cluster/Iact_Router.v" Line 22. Module Iact_Router doesn't have a timescale but at least one module in design has a timescale.
WARNING: [XSIM 43-4099] "C:/Users/bless/Downloads/BoooC CNN-Accelerator-Based-on-Eyeriss-v2 master FPGA_design-src/Router_Cluster/Iact_Router.v" Line 22. Module Iact_Router doesn't have a timescale but at least one module in design has a timescale.
WARNING: [XSIM 43-4099] "C:/Users/bless/Downloads/BoooC CNN-Accelerator-Based-on-Eyeriss-v2 master FPGA_design-src/Router_Cluster/Iact_Router.v" Line 22. Module Iact_Router doesn't have a timescale but at least one module in design has a timescale.
WARNING: [XSIM 43-4099] "C:/Users/bless/Downloads/BoooC CNN-Accelerator-Based-on-Eyeriss-v2 master FPGA_design-src/Router_Cluster/Iact_Router.v" Line 22. Module Iact_Router doesn't have a timescale but at least one module in design has a timescale.
WARNING: [XSIM 43-4099] "C:/Users/bless/Downloads/BoooC CNN-Accelerator-Based-on-Eyeriss-v2 master FPGA_design-src/Router_Cluster/Iact_Router.v" Line 22. Module Iact_Router doesn't have a timescale but at least one module in design has a timescale.
WARNING: [XSIM 43-4099] "C:/Users/bless/Downloads/BoooC CNN-Accelerator-Based-on-Eyeriss-v2 master FPGA_design-src/Router_Cluster/Iact_Router.v" Line 22. Module Iact_Router doesn't have a timescale but at least one module in design has a timescale.
WARNING: [XSIM 43-4099] "C:/Users/bless/Downloads/BoooC CNN-Accelerator-Based-on-Eyeriss-v2 master FPGA_design-src/Router_Cluster/Iact_Router.v" Line 22. Module Iact_Router doesn't have a timescale but at least one module in design has a timescale.
WARNING: [XSIM 43-4099] "C:/Users/bless/Downloads/BoooC CNN-Accelerator-Based-on-Eyeriss-v2 master FPGA_design-src/Router_Cluster/Weight_Router.v" Line 22. Module Weight_Router doesn't have a timescale but at least one module in design has a timescale.
WARNING: [XSIM 43-4099] "C:/Users/bless/Downloads/BoooC CNN-Accelerator-Based-on-Eyeriss-v2 master FPGA_design-src/Router_Cluster/Weight_Router.v" Line 22. Module Weight_Router doesn't have a timescale but at least one module in design has a timescale.
WARNING: [XSIM 43-4099] "C:/Users/bless/Downloads/BoooC CNN-Accelerator-Based-on-Eyeriss-v2 master FPGA_design-src/Router_Cluster/Weight_Router.v" Line 22. Module Weight_Router doesn't have a timescale but at least one module in design has a timescale.
WARNING: [XSIM 43-4099] "C:/Users/bless/Downloads/BoooC CNN-Accelerator-Based-on-Eyeriss-v2 master FPGA_design-src/Router_Cluster/Psum_Router.v" Line 22. Module Psum_Router doesn't have a timescale but at least one module in design has a timescale.
WARNING: [XSIM 43-4099] "C:/Users/bless/Downloads/BoooC CNN-Accelerator-Based-on-Eyeriss-v2 master FPGA_design-src/Router_Cluster/Psum_Router.v" Line 22. Module Psum_Router doesn't have a timescale but at least one module in design has a timescale.
WARNING: [XSIM 43-4099] "C:/Users/bless/Downloads/BoooC CNN-Accelerator-Based-on-Eyeriss-v2 master FPGA_design-src/Router_Cluster/Psum_Router.v" Line 22. Module Psum_Router doesn't have a timescale but at least one module in design has a timescale.
WARNING: [XSIM 43-4099] "C:/Users/bless/Downloads/BoooC CNN-Accelerator-Based-on-Eyeriss-v2 master FPGA_design-src/Cluster_Group/Cluster_Group_Controller.v" Line 15. Module Cluster_Group_Controller doesn't have a timescale but at least one module in design has a timescale.
WARNING: [XSIM 43-4099] "C:/Users/bless/Downloads/BoooC CNN-Accelerator-Based-on-Eyeriss-v2 master FPGA_design-src/im2col_converter/im2col_converter.v" Line 109. Module im2col_converter doesn't have a timescale but at least one module in design has a timescale.
WARNING: [XSIM 43-4099] "C:/Users/bless/Downloads/BoooC CNN-Accelerator-Based-on-Eyeriss-v2 master FPGA_design-src/CSC_encoder/CSC_encoderr.v" Line 17. Module CSC_Encoder doesn't have a timescale but at least one module in design has a timescale.
WARNING: [XSIM 43-4099] "C:/Users/bless/Downloads/BoooC CNN-Accelerator-Based-on-Eyeriss-v2 master FPGA_design-src/CSC_encoder/CSC_encoderr_FIFO.v" Line 1. Module CSC_switch_FIFO doesn't have a timescale but at least one module in design has a timescale.
WARNING: [XSIM 43-4099] "C:/Users/bless/Downloads/BoooC CNN-Accelerator-Based-on-Eyeriss-v2 master FPGA_design-src/CSC_encoder/CSC_encoderr_FIFO.v" Line 1. Module CSC_switch_FIFO(DATA_WIDTH=7) doesn't have a timescale but at least one module in design has a timescale.
WARNING: [XSIM 43-4099] "C:/Users/bless/Downloads/BoooC CNN-Accelerator-Based-on-Eyeriss-v2 master FPGA_design-src/CSC_encoder/CSC_encoderr_FIFO.v" Line 1. Module CSC_switch_FIFO(DATA_WIDTH=12) doesn't have a timescale but at least one module in design has a timescale.
WARNING: [XSIM 43-4099] "C:/Users/bless/Downloads/BoooC CNN-Accelerator-Based-on-Eyeriss-v2 master FPGA_design-src/CSC_encoder/CSC_encoderr.v" Line 17. Module CSC_Encoder(ADDR_WIDTH=8,COUNT_WIDTH=5) doesn't have a timescale but at least one module in design has a timescale.
WARNING: [XSIM 43-4099] "C:/Users/bless/Downloads/BoooC CNN-Accelerator-Based-on-Eyeriss-v2 master FPGA_design-src/CSC_encoder/CSC_encoderr_FIFO.v" Line 1. Module CSC_switch_FIFO doesn't have a timescale but at least one module in design has a timescale.
WARNING: [XSIM 43-4099] "C:/Users/bless/Downloads/BoooC CNN-Accelerator-Based-on-Eyeriss-v2 master FPGA_design-src/CSC_encoder/CSC_encoderr_FIFO.v" Line 1. Module CSC_switch_FIFO doesn't have a timescale but at least one module in design has a timescale.
WARNING: [XSIM 43-4099] "C:/Users/bless/Downloads/BoooC CNN-Accelerator-Based-on-Eyeriss-v2 master FPGA_design-src/CSC_encoder/CSC_encoderr_FIFO.v" Line 1. Module CSC_switch_FIFO(DATA_WIDTH=13) doesn't have a timescale but at least one module in design has a timescale.
WARNING: [XSIM 43-4099] "C:/Users/bless/Downloads/BoooC CNN-Accelerator-Based-on-Eyeriss-v2 master FPGA_design-src/TOP/Psum_rearrange.v" Line 8. Module psum_rearrange doesn't have a timescale but at least one module in design has a timescale.
WARNING: [XSIM 43-4099] "C:/Users/bless/Downloads/BoooC CNN-Accelerator-Based-on-Eyeriss-v2 master FPGA_design-src/TOP/Psum_rearrange.v" Line 58. Module Psum_Rearrange_BRAM doesn't have a timescale but at least one module in design has a timescale.
WARNING: [XSIM 43-4099] "C:/Users/bless/Downloads/BoooC CNN-Accelerator-Based-on-Eyeriss-v2 master FPGA_design-src/Quantizer/Psum_Requantizer.v" Line 13. Module Psum_Requantizer doesn't have a timescale but at least one module in design has a timescale.
WARNING: [XSIM 43-4099] "C:/Users/bless/Downloads/BoooC CNN-Accelerator-Based-on-Eyeriss-v2 master FPGA_design-src/Activation/ReLU.v" Line 9. Module ReLU doesn't have a timescale but at least one module in design has a timescale.
WARNING: [XSIM 43-4099] "C:/Users/bless/Downloads/BoooC CNN-Accelerator-Based-on-Eyeriss-v2 master FPGA_design-src/Pooling/Max_pooling.v" Line 14. Module Max_pooling_default doesn't have a timescale but at least one module in design has a timescale.
WARNING: [XSIM 43-4099] "C:/Users/bless/Downloads/BoooC CNN-Accelerator-Based-on-Eyeriss-v2 master FPGA_design-src/TOP/Psum_SRAM_out_acc.v" Line 1. Module psum_SRAM_out_acc(BATCHES=32'b0100,CHANNELS=32'b011) doesn't have a timescale but at least one module in design has a timescale.
WARNING: [XSIM 43-4099] "C:/Users/bless/Downloads/BoooC CNN-Accelerator-Based-on-Eyeriss-v2 master FPGA_design-src/Activation/Softmax.v" Line 10. Module softmax doesn't have a timescale but at least one module in design has a timescale.
WARNING: [XSIM 43-4099] "C:/Users/bless/Downloads/BoooC CNN-Accelerator-Based-on-Eyeriss-v2 master FPGA_design-src/TOP/TOP_controller.v" Line 12. Module TOP_controller doesn't have a timescale but at least one module in design has a timescale.
WARNING: [XSIM 43-4099] "C:/Users/bless/Downloads/BoooC CNN-Accelerator-Based-on-Eyeriss-v2 master FPGA_design-src/TOP/TOP.v" Line 1. Module TOP doesn't have a timescale but at least one module in design has a timescale.
WARNING: [XSIM 43-4099] "C:/Users/bless/Downloads/BoooC CNN-Accelerator-Based-on-Eyeriss-v2 master FPGA_design-src/Cluster_Group/Cluster_Group_array.v" Line 1. Module ClusterGroup_array doesn't have a timescale but at least one module in design has a timescale.
WARNING: [XSIM 43-4099] "C:/Users/bless/Downloads/BoooC CNN-Accelerator-Based-on-Eyeriss-v2 master FPGA_design-src/Cluster_Group/Cluster_Group.v" Line 13. Module ClusterGroup doesn't have a timescale but at least one module in design has a timescale.
WARNING: [XSIM 43-4099] "C:/Users/bless/Downloads/BoooC CNN-Accelerator-Based-on-Eyeriss-v2 master FPGA_design-src/PE_Cluster/PE_Cluster.v" Line 11. Module PE_Cluster doesn't have a timescale but at least one module in design has a timescale.
WARNING: [XSIM 43-4099] "C:/Users/bless/Downloads/BoooC CNN-Accelerator-Based-on-Eyeriss-v2 master FPGA_design-src/PE_Cluster/PE/Processing_Element.v" Line 9. Module ProcessingElement doesn't have a timescale but at least one module in design has a timescale.
WARNING: [XSIM 43-4099] "C:/Users/bless/Downloads/BoooC CNN-Accelerator-Based-on-Eyeriss-v2 master FPGA_design-src/PE_Cluster/PE/Processing_Element_Controller.v" Line 8. Module Processing_Element_Controller doesn't have a timescale but at least one module in design has a timescale.
WARNING: [XSIM 43-4099] "C:/Users/bless/Downloads/BoooC CNN-Accelerator-Based-on-Eyeriss-v2 master FPGA_design-src/PE_Cluster/PE/Processing_Element_core.v" Line 11. Module Processing_Element_core doesn't have a timescale but at least one module in design has a timescale.
WARNING: [XSIM 43-4099] "C:/Users/bless/Downloads/BoooC CNN-Accelerator-Based-on-Eyeriss-v2 master FPGA_design-src/PE_Cluster/PE/SPad/Psum_Spad.v" Line 1. Module Psum_Spad doesn't have a timescale but at least one module in design has a timescale.
WARNING: [XSIM 43-4099] "C:/Users/bless/Downloads/BoooC CNN-Accelerator-Based-on-Eyeriss-v2 master FPGA_design-src/PE_Cluster/PE/SPad/Psum_Spad.v" Line 48. Module Psum_DATA_Spad_BRAM doesn't have a timescale but at least one module in design has a timescale.
WARNING: [XSIM 43-4099] "C:/Users/bless/Downloads/BoooC CNN-Accelerator-Based-on-Eyeriss-v2 master FPGA_design-src/PE_Cluster/PE/SPad/Former_addr_Spad.v" Line 9. Module Former_Address_Spad doesn't have a timescale but at least one module in design has a timescale.
WARNING: [XSIM 43-4099] "C:/Users/bless/Downloads/BoooC CNN-Accelerator-Based-on-Eyeriss-v2 master FPGA_design-src/PE_Cluster/PE/SPad/Former_data_Spad.v" Line 1. Module Former_Data_Spad doesn't have a timescale but at least one module in design has a timescale.
WARNING: [XSIM 43-4099] "C:/Users/bless/Downloads/BoooC CNN-Accelerator-Based-on-Eyeriss-v2 master FPGA_design-src/PE_Cluster/PE/SPad/Former_data_Spad.v" Line 69. Module Iact_DATA_Spad_BRAM doesn't have a timescale but at least one module in design has a timescale.
WARNING: [XSIM 43-4099] "C:/Users/bless/Downloads/BoooC CNN-Accelerator-Based-on-Eyeriss-v2 master FPGA_design-src/PE_Cluster/PE/SPad/Later_addr_Spad.v" Line 10. Module Later_Address_Spad doesn't have a timescale but at least one module in design has a timescale.
WARNING: [XSIM 43-4099] "C:/Users/bless/Downloads/BoooC CNN-Accelerator-Based-on-Eyeriss-v2 master FPGA_design-src/PE_Cluster/PE/SPad/Later_data_Spad.v" Line 15. Module Later_Data_Spad doesn't have a timescale but at least one module in design has a timescale.
WARNING: [XSIM 43-4099] "C:/Users/bless/Downloads/BoooC CNN-Accelerator-Based-on-Eyeriss-v2 master FPGA_design-src/PE_Cluster/PE/SPad/Later_data_Spad.v" Line 134. Module Weight_DATA_Spad_BRAM doesn't have a timescale but at least one module in design has a timescale.
WARNING: [XSIM 43-4099] "C:/Users/bless/Downloads/BoooC CNN-Accelerator-Based-on-Eyeriss-v2 master FPGA_design-src/PE_Cluster/PE/PE_data_FIFO.v" Line 9. Module PE_data_FIFO(DATA_IN_WIDTH=8) doesn't have a timescale but at least one module in design has a timescale.
WARNING: [XSIM 43-4099] "C:/Users/bless/Downloads/BoooC CNN-Accelerator-Based-on-Eyeriss-v2 master FPGA_design-src/PE_Cluster/PE/PE_data_FIFO.v" Line 9. Module PE_data_FIFO(DATA_IN_WIDTH=13) doesn't have a timescale but at least one module in design has a timescale.
WARNING: [XSIM 43-4099] "C:/Users/bless/Downloads/BoooC CNN-Accelerator-Based-on-Eyeriss-v2 master FPGA_design-src/PE_Cluster/PE/PE_data_FIFO.v" Line 9. Module PE_data_FIFO(DATA_IN_WIDTH=7) doesn't have a timescale but at least one module in design has a timescale.
WARNING: [XSIM 43-4099] "C:/Users/bless/Downloads/BoooC CNN-Accelerator-Based-on-Eyeriss-v2 master FPGA_design-src/PE_Cluster/PE/PE_data_FIFO.v" Line 9. Module PE_data_FIFO(DATA_IN_WIDTH=12) doesn't have a timescale but at least one module in design has a timescale.
WARNING: [XSIM 43-4099] "C:/Users/bless/Downloads/BoooC CNN-Accelerator-Based-on-Eyeriss-v2 master FPGA_design-src/PE_Cluster/PE/PE_psum_FIFO.v" Line 11. Module PE_psum_FIFO doesn't have a timescale but at least one module in design has a timescale.
WARNING: [XSIM 43-4099] "C:/Users/bless/Downloads/BoooC CNN-Accelerator-Based-on-Eyeriss-v2 master FPGA_design-src/PE_Cluster/PE/PE_psum_FIFO.v" Line 11. Module PE_psum_FIFO doesn't have a timescale but at least one module in design has a timescale.
WARNING: [XSIM 43-4099] "C:/Users/bless/Downloads/BoooC CNN-Accelerator-Based-on-Eyeriss-v2 master FPGA_design-src/PE_Cluster/PE/Processing_Element.v" Line 9. Module ProcessingElement doesn't have a timescale but at least one module in design has a timescale.
WARNING: [XSIM 43-4099] "C:/Users/bless/Downloads/BoooC CNN-Accelerator-Based-on-Eyeriss-v2 master FPGA_design-src/PE_Cluster/PE/Processing_Element_Controller.v" Line 8. Module Processing_Element_Controller doesn't have a timescale but at least one module in design has a timescale.
WARNING: [XSIM 43-4099] "C:/Users/bless/Downloads/BoooC CNN-Accelerator-Based-on-Eyeriss-v2 master FPGA_design-src/PE_Cluster/PE/Processing_Element_core.v" Line 11. Module Processing_Element_core doesn't have a timescale but at least one module in design has a timescale.
WARNING: [XSIM 43-4099] "C:/Users/bless/Downloads/BoooC CNN-Accelerator-Based-on-Eyeriss-v2 master FPGA_design-src/PE_Cluster/PE/SPad/Psum_Spad.v" Line 1. Module Psum_Spad doesn't have a timescale but at least one module in design has a timescale.
WARNING: [XSIM 43-4099] "C:/Users/bless/Downloads/BoooC CNN-Accelerator-Based-on-Eyeriss-v2 master FPGA_design-src/PE_Cluster/PE/SPad/Psum_Spad.v" Line 48. Module Psum_DATA_Spad_BRAM doesn't have a timescale but at least one module in design has a timescale.
WARNING: [XSIM 43-4099] "C:/Users/bless/Downloads/BoooC CNN-Accelerator-Based-on-Eyeriss-v2 master FPGA_design-src/PE_Cluster/PE/SPad/Former_addr_Spad.v" Line 9. Module Former_Address_Spad doesn't have a timescale but at least one module in design has a timescale.
WARNING: [XSIM 43-4099] "C:/Users/bless/Downloads/BoooC CNN-Accelerator-Based-on-Eyeriss-v2 master FPGA_design-src/PE_Cluster/PE/SPad/Former_data_Spad.v" Line 1. Module Former_Data_Spad doesn't have a timescale but at least one module in design has a timescale.
WARNING: [XSIM 43-4099] "C:/Users/bless/Downloads/BoooC CNN-Accelerator-Based-on-Eyeriss-v2 master FPGA_design-src/PE_Cluster/PE/SPad/Former_data_Spad.v" Line 69. Module Iact_DATA_Spad_BRAM doesn't have a timescale but at least one module in design has a timescale.
WARNING: [XSIM 43-4099] "C:/Users/bless/Downloads/BoooC CNN-Accelerator-Based-on-Eyeriss-v2 master FPGA_design-src/PE_Cluster/PE/SPad/Later_addr_Spad.v" Line 10. Module Later_Address_Spad doesn't have a timescale but at least one module in design has a timescale.
WARNING: [XSIM 43-4099] "C:/Users/bless/Downloads/BoooC CNN-Accelerator-Based-on-Eyeriss-v2 master FPGA_design-src/PE_Cluster/PE/SPad/Later_data_Spad.v" Line 15. Module Later_Data_Spad doesn't have a timescale but at least one module in design has a timescale.
WARNING: [XSIM 43-4099] "C:/Users/bless/Downloads/BoooC CNN-Accelerator-Based-on-Eyeriss-v2 master FPGA_design-src/PE_Cluster/PE/SPad/Later_data_Spad.v" Line 134. Module Weight_DATA_Spad_BRAM doesn't have a timescale but at least one module in design has a timescale.
WARNING: [XSIM 43-4099] "C:/Users/bless/Downloads/BoooC CNN-Accelerator-Based-on-Eyeriss-v2 master FPGA_design-src/PE_Cluster/PE/PE_data_FIFO.v" Line 9. Module PE_data_FIFO(DATA_IN_WIDTH=8) doesn't have a timescale but at least one module in design has a timescale.
WARNING: [XSIM 43-4099] "C:/Users/bless/Downloads/BoooC CNN-Accelerator-Based-on-Eyeriss-v2 master FPGA_design-src/PE_Cluster/PE/PE_data_FIFO.v" Line 9. Module PE_data_FIFO(DATA_IN_WIDTH=13) doesn't have a timescale but at least one module in design has a timescale.
WARNING: [XSIM 43-4099] "C:/Users/bless/Downloads/BoooC CNN-Accelerator-Based-on-Eyeriss-v2 master FPGA_design-src/PE_Cluster/PE/PE_data_FIFO.v" Line 9. Module PE_data_FIFO(DATA_IN_WIDTH=7) doesn't have a timescale but at least one module in design has a timescale.
WARNING: [XSIM 43-4099] "C:/Users/bless/Downloads/BoooC CNN-Accelerator-Based-on-Eyeriss-v2 master FPGA_design-src/PE_Cluster/PE/PE_data_FIFO.v" Line 9. Module PE_data_FIFO(DATA_IN_WIDTH=12) doesn't have a timescale but at least one module in design has a timescale.
WARNING: [XSIM 43-4099] "C:/Users/bless/Downloads/BoooC CNN-Accelerator-Based-on-Eyeriss-v2 master FPGA_design-src/PE_Cluster/PE/PE_psum_FIFO.v" Line 11. Module PE_psum_FIFO doesn't have a timescale but at least one module in design has a timescale.
WARNING: [XSIM 43-4099] "C:/Users/bless/Downloads/BoooC CNN-Accelerator-Based-on-Eyeriss-v2 master FPGA_design-src/PE_Cluster/PE/PE_psum_FIFO.v" Line 11. Module PE_psum_FIFO doesn't have a timescale but at least one module in design has a timescale.
WARNING: [XSIM 43-4099] "C:/Users/bless/Downloads/BoooC CNN-Accelerator-Based-on-Eyeriss-v2 master FPGA_design-src/PE_Cluster/PE/Processing_Element.v" Line 9. Module ProcessingElement doesn't have a timescale but at least one module in design has a timescale.
WARNING: [XSIM 43-4099] "C:/Users/bless/Downloads/BoooC CNN-Accelerator-Based-on-Eyeriss-v2 master FPGA_design-src/PE_Cluster/PE/Processing_Element_Controller.v" Line 8. Module Processing_Element_Controller doesn't have a timescale but at least one module in design has a timescale.
WARNING: [XSIM 43-4099] "C:/Users/bless/Downloads/BoooC CNN-Accelerator-Based-on-Eyeriss-v2 master FPGA_design-src/PE_Cluster/PE/Processing_Element_core.v" Line 11. Module Processing_Element_core doesn't have a timescale but at least one module in design has a timescale.
WARNING: [XSIM 43-4099] "C:/Users/bless/Downloads/BoooC CNN-Accelerator-Based-on-Eyeriss-v2 master FPGA_design-src/PE_Cluster/PE/SPad/Psum_Spad.v" Line 1. Module Psum_Spad doesn't have a timescale but at least one module in design has a timescale.
WARNING: [XSIM 43-4099] "C:/Users/bless/Downloads/BoooC CNN-Accelerator-Based-on-Eyeriss-v2 master FPGA_design-src/PE_Cluster/PE/SPad/Psum_Spad.v" Line 48. Module Psum_DATA_Spad_BRAM doesn't have a timescale but at least one module in design has a timescale.
WARNING: [XSIM 43-4099] "C:/Users/bless/Downloads/BoooC CNN-Accelerator-Based-on-Eyeriss-v2 master FPGA_design-src/PE_Cluster/PE/SPad/Former_addr_Spad.v" Line 9. Module Former_Address_Spad doesn't have a timescale but at least one module in design has a timescale.
WARNING: [XSIM 43-4099] "C:/Users/bless/Downloads/BoooC CNN-Accelerator-Based-on-Eyeriss-v2 master FPGA_design-src/PE_Cluster/PE/SPad/Former_data_Spad.v" Line 1. Module Former_Data_Spad doesn't have a timescale but at least one module in design has a timescale.
WARNING: [XSIM 43-4099] "C:/Users/bless/Downloads/BoooC CNN-Accelerator-Based-on-Eyeriss-v2 master FPGA_design-src/PE_Cluster/PE/SPad/Former_data_Spad.v" Line 69. Module Iact_DATA_Spad_BRAM doesn't have a timescale but at least one module in design has a timescale.
WARNING: [XSIM 43-4099] "C:/Users/bless/Downloads/BoooC CNN-Accelerator-Based-on-Eyeriss-v2 master FPGA_design-src/PE_Cluster/PE/SPad/Later_addr_Spad.v" Line 10. Module Later_Address_Spad doesn't have a timescale but at least one module in design has a timescale.
WARNING: [XSIM 43-4099] "C:/Users/bless/Downloads/BoooC CNN-Accelerator-Based-on-Eyeriss-v2 master FPGA_design-src/PE_Cluster/PE/SPad/Later_data_Spad.v" Line 15. Module Later_Data_Spad doesn't have a timescale but at least one module in design has a timescale.
WARNING: [XSIM 43-4099] "C:/Users/bless/Downloads/BoooC CNN-Accelerator-Based-on-Eyeriss-v2 master FPGA_design-src/PE_Cluster/PE/SPad/Later_data_Spad.v" Line 134. Module Weight_DATA_Spad_BRAM doesn't have a timescale but at least one module in design has a timescale.
WARNING: [XSIM 43-4099] "C:/Users/bless/Downloads/BoooC CNN-Accelerator-Based-on-Eyeriss-v2 master FPGA_design-src/PE_Cluster/PE/PE_data_FIFO.v" Line 9. Module PE_data_FIFO(DATA_IN_WIDTH=8) doesn't have a timescale but at least one module in design has a timescale.
WARNING: [XSIM 43-4099] "C:/Users/bless/Downloads/BoooC CNN-Accelerator-Based-on-Eyeriss-v2 master FPGA_design-src/PE_Cluster/PE/PE_data_FIFO.v" Line 9. Module PE_data_FIFO(DATA_IN_WIDTH=13) doesn't have a timescale but at least one module in design has a timescale.
WARNING: [XSIM 43-4099] "C:/Users/bless/Downloads/BoooC CNN-Accelerator-Based-on-Eyeriss-v2 master FPGA_design-src/PE_Cluster/PE/PE_data_FIFO.v" Line 9. Module PE_data_FIFO(DATA_IN_WIDTH=7) doesn't have a timescale but at least one module in design has a timescale.
WARNING: [XSIM 43-4099] "C:/Users/bless/Downloads/BoooC CNN-Accelerator-Based-on-Eyeriss-v2 master FPGA_design-src/PE_Cluster/PE/PE_data_FIFO.v" Line 9. Module PE_data_FIFO(DATA_IN_WIDTH=12) doesn't have a timescale but at least one module in design has a timescale.
WARNING: [XSIM 43-4099] "C:/Users/bless/Downloads/BoooC CNN-Accelerator-Based-on-Eyeriss-v2 master FPGA_design-src/PE_Cluster/PE/PE_psum_FIFO.v" Line 11. Module PE_psum_FIFO doesn't have a timescale but at least one module in design has a timescale.
WARNING: [XSIM 43-4099] "C:/Users/bless/Downloads/BoooC CNN-Accelerator-Based-on-Eyeriss-v2 master FPGA_design-src/PE_Cluster/PE/PE_psum_FIFO.v" Line 11. Module PE_psum_FIFO doesn't have a timescale but at least one module in design has a timescale.
WARNING: [XSIM 43-4099] "C:/Users/bless/Downloads/BoooC CNN-Accelerator-Based-on-Eyeriss-v2 master FPGA_design-src/PE_Cluster/PE/Processing_Element.v" Line 9. Module ProcessingElement doesn't have a timescale but at least one module in design has a timescale.
WARNING: [XSIM 43-4099] "C:/Users/bless/Downloads/BoooC CNN-Accelerator-Based-on-Eyeriss-v2 master FPGA_design-src/PE_Cluster/PE/Processing_Element_Controller.v" Line 8. Module Processing_Element_Controller doesn't have a timescale but at least one module in design has a timescale.
WARNING: [XSIM 43-4099] "C:/Users/bless/Downloads/BoooC CNN-Accelerator-Based-on-Eyeriss-v2 master FPGA_design-src/PE_Cluster/PE/Processing_Element_core.v" Line 11. Module Processing_Element_core doesn't have a timescale but at least one module in design has a timescale.
WARNING: [XSIM 43-4099] "C:/Users/bless/Downloads/BoooC CNN-Accelerator-Based-on-Eyeriss-v2 master FPGA_design-src/PE_Cluster/PE/SPad/Psum_Spad.v" Line 1. Module Psum_Spad doesn't have a timescale but at least one module in design has a timescale.
WARNING: [XSIM 43-4099] "C:/Users/bless/Downloads/BoooC CNN-Accelerator-Based-on-Eyeriss-v2 master FPGA_design-src/PE_Cluster/PE/SPad/Psum_Spad.v" Line 48. Module Psum_DATA_Spad_BRAM doesn't have a timescale but at least one module in design has a timescale.
WARNING: [XSIM 43-4099] "C:/Users/bless/Downloads/BoooC CNN-Accelerator-Based-on-Eyeriss-v2 master FPGA_design-src/PE_Cluster/PE/SPad/Former_addr_Spad.v" Line 9. Module Former_Address_Spad doesn't have a timescale but at least one module in design has a timescale.
WARNING: [XSIM 43-4099] "C:/Users/bless/Downloads/BoooC CNN-Accelerator-Based-on-Eyeriss-v2 master FPGA_design-src/PE_Cluster/PE/SPad/Former_data_Spad.v" Line 1. Module Former_Data_Spad doesn't have a timescale but at least one module in design has a timescale.
WARNING: [XSIM 43-4099] "C:/Users/bless/Downloads/BoooC CNN-Accelerator-Based-on-Eyeriss-v2 master FPGA_design-src/PE_Cluster/PE/SPad/Former_data_Spad.v" Line 69. Module Iact_DATA_Spad_BRAM doesn't have a timescale but at least one module in design has a timescale.
WARNING: [XSIM 43-4099] "C:/Users/bless/Downloads/BoooC CNN-Accelerator-Based-on-Eyeriss-v2 master FPGA_design-src/PE_Cluster/PE/SPad/Later_addr_Spad.v" Line 10. Module Later_Address_Spad doesn't have a timescale but at least one module in design has a timescale.
WARNING: [XSIM 43-4099] "C:/Users/bless/Downloads/BoooC CNN-Accelerator-Based-on-Eyeriss-v2 master FPGA_design-src/PE_Cluster/PE/SPad/Later_data_Spad.v" Line 15. Module Later_Data_Spad doesn't have a timescale but at least one module in design has a timescale.
WARNING: [XSIM 43-4099] "C:/Users/bless/Downloads/BoooC CNN-Accelerator-Based-on-Eyeriss-v2 master FPGA_design-src/PE_Cluster/PE/SPad/Later_data_Spad.v" Line 134. Module Weight_DATA_Spad_BRAM doesn't have a timescale but at least one module in design has a timescale.
WARNING: [XSIM 43-4099] "C:/Users/bless/Downloads/BoooC CNN-Accelerator-Based-on-Eyeriss-v2 master FPGA_design-src/PE_Cluster/PE/PE_data_FIFO.v" Line 9. Module PE_data_FIFO(DATA_IN_WIDTH=8) doesn't have a timescale but at least one module in design has a timescale.
WARNING: [XSIM 43-4099] "C:/Users/bless/Downloads/BoooC CNN-Accelerator-Based-on-Eyeriss-v2 master FPGA_design-src/PE_Cluster/PE/PE_data_FIFO.v" Line 9. Module PE_data_FIFO(DATA_IN_WIDTH=13) doesn't have a timescale but at least one module in design has a timescale.
WARNING: [XSIM 43-4099] "C:/Users/bless/Downloads/BoooC CNN-Accelerator-Based-on-Eyeriss-v2 master FPGA_design-src/PE_Cluster/PE/PE_data_FIFO.v" Line 9. Module PE_data_FIFO(DATA_IN_WIDTH=7) doesn't have a timescale but at least one module in design has a timescale.
WARNING: [XSIM 43-4099] "C:/Users/bless/Downloads/BoooC CNN-Accelerator-Based-on-Eyeriss-v2 master FPGA_design-src/PE_Cluster/PE/PE_data_FIFO.v" Line 9. Module PE_data_FIFO(DATA_IN_WIDTH=12) doesn't have a timescale but at least one module in design has a timescale.
WARNING: [XSIM 43-4099] "C:/Users/bless/Downloads/BoooC CNN-Accelerator-Based-on-Eyeriss-v2 master FPGA_design-src/PE_Cluster/PE/PE_psum_FIFO.v" Line 11. Module PE_psum_FIFO doesn't have a timescale but at least one module in design has a timescale.
WARNING: [XSIM 43-4099] "C:/Users/bless/Downloads/BoooC CNN-Accelerator-Based-on-Eyeriss-v2 master FPGA_design-src/PE_Cluster/PE/PE_psum_FIFO.v" Line 11. Module PE_psum_FIFO doesn't have a timescale but at least one module in design has a timescale.
WARNING: [XSIM 43-4099] "C:/Users/bless/Downloads/BoooC CNN-Accelerator-Based-on-Eyeriss-v2 master FPGA_design-src/PE_Cluster/PE/Processing_Element.v" Line 9. Module ProcessingElement doesn't have a timescale but at least one module in design has a timescale.
WARNING: [XSIM 43-4099] "C:/Users/bless/Downloads/BoooC CNN-Accelerator-Based-on-Eyeriss-v2 master FPGA_design-src/PE_Cluster/PE/Processing_Element_Controller.v" Line 8. Module Processing_Element_Controller doesn't have a timescale but at least one module in design has a timescale.
WARNING: [XSIM 43-4099] "C:/Users/bless/Downloads/BoooC CNN-Accelerator-Based-on-Eyeriss-v2 master FPGA_design-src/PE_Cluster/PE/Processing_Element_core.v" Line 11. Module Processing_Element_core doesn't have a timescale but at least one module in design has a timescale.
WARNING: [XSIM 43-4099] "C:/Users/bless/Downloads/BoooC CNN-Accelerator-Based-on-Eyeriss-v2 master FPGA_design-src/PE_Cluster/PE/SPad/Psum_Spad.v" Line 1. Module Psum_Spad doesn't have a timescale but at least one module in design has a timescale.
WARNING: [XSIM 43-4099] "C:/Users/bless/Downloads/BoooC CNN-Accelerator-Based-on-Eyeriss-v2 master FPGA_design-src/PE_Cluster/PE/SPad/Psum_Spad.v" Line 48. Module Psum_DATA_Spad_BRAM doesn't have a timescale but at least one module in design has a timescale.
WARNING: [XSIM 43-4099] "C:/Users/bless/Downloads/BoooC CNN-Accelerator-Based-on-Eyeriss-v2 master FPGA_design-src/PE_Cluster/PE/SPad/Former_addr_Spad.v" Line 9. Module Former_Address_Spad doesn't have a timescale but at least one module in design has a timescale.
WARNING: [XSIM 43-4099] "C:/Users/bless/Downloads/BoooC CNN-Accelerator-Based-on-Eyeriss-v2 master FPGA_design-src/PE_Cluster/PE/SPad/Former_data_Spad.v" Line 1. Module Former_Data_Spad doesn't have a timescale but at least one module in design has a timescale.
WARNING: [XSIM 43-4099] "C:/Users/bless/Downloads/BoooC CNN-Accelerator-Based-on-Eyeriss-v2 master FPGA_design-src/PE_Cluster/PE/SPad/Former_data_Spad.v" Line 69. Module Iact_DATA_Spad_BRAM doesn't have a timescale but at least one module in design has a timescale.
WARNING: [XSIM 43-4099] "C:/Users/bless/Downloads/BoooC CNN-Accelerator-Based-on-Eyeriss-v2 master FPGA_design-src/PE_Cluster/PE/SPad/Later_addr_Spad.v" Line 10. Module Later_Address_Spad doesn't have a timescale but at least one module in design has a timescale.
WARNING: [XSIM 43-4099] "C:/Users/bless/Downloads/BoooC CNN-Accelerator-Based-on-Eyeriss-v2 master FPGA_design-src/PE_Cluster/PE/SPad/Later_data_Spad.v" Line 15. Module Later_Data_Spad doesn't have a timescale but at least one module in design has a timescale.
WARNING: [XSIM 43-4099] "C:/Users/bless/Downloads/BoooC CNN-Accelerator-Based-on-Eyeriss-v2 master FPGA_design-src/PE_Cluster/PE/SPad/Later_data_Spad.v" Line 134. Module Weight_DATA_Spad_BRAM doesn't have a timescale but at least one module in design has a timescale.
WARNING: [XSIM 43-4099] "C:/Users/bless/Downloads/BoooC CNN-Accelerator-Based-on-Eyeriss-v2 master FPGA_design-src/PE_Cluster/PE/PE_data_FIFO.v" Line 9. Module PE_data_FIFO(DATA_IN_WIDTH=8) doesn't have a timescale but at least one module in design has a timescale.
WARNING: [XSIM 43-4099] "C:/Users/bless/Downloads/BoooC CNN-Accelerator-Based-on-Eyeriss-v2 master FPGA_design-src/PE_Cluster/PE/PE_data_FIFO.v" Line 9. Module PE_data_FIFO(DATA_IN_WIDTH=13) doesn't have a timescale but at least one module in design has a timescale.
WARNING: [XSIM 43-4099] "C:/Users/bless/Downloads/BoooC CNN-Accelerator-Based-on-Eyeriss-v2 master FPGA_design-src/PE_Cluster/PE/PE_data_FIFO.v" Line 9. Module PE_data_FIFO(DATA_IN_WIDTH=7) doesn't have a timescale but at least one module in design has a timescale.
WARNING: [XSIM 43-4099] "C:/Users/bless/Downloads/BoooC CNN-Accelerator-Based-on-Eyeriss-v2 master FPGA_design-src/PE_Cluster/PE/PE_data_FIFO.v" Line 9. Module PE_data_FIFO(DATA_IN_WIDTH=12) doesn't have a timescale but at least one module in design has a timescale.
WARNING: [XSIM 43-4099] "C:/Users/bless/Downloads/BoooC CNN-Accelerator-Based-on-Eyeriss-v2 master FPGA_design-src/PE_Cluster/PE/PE_psum_FIFO.v" Line 11. Module PE_psum_FIFO doesn't have a timescale but at least one module in design has a timescale.
WARNING: [XSIM 43-4099] "C:/Users/bless/Downloads/BoooC CNN-Accelerator-Based-on-Eyeriss-v2 master FPGA_design-src/PE_Cluster/PE/PE_psum_FIFO.v" Line 11. Module PE_psum_FIFO doesn't have a timescale but at least one module in design has a timescale.
WARNING: [XSIM 43-4099] "C:/Users/bless/Downloads/BoooC CNN-Accelerator-Based-on-Eyeriss-v2 master FPGA_design-src/PE_Cluster/PE/Processing_Element.v" Line 9. Module ProcessingElement doesn't have a timescale but at least one module in design has a timescale.
WARNING: [XSIM 43-4099] "C:/Users/bless/Downloads/BoooC CNN-Accelerator-Based-on-Eyeriss-v2 master FPGA_design-src/PE_Cluster/PE/Processing_Element_Controller.v" Line 8. Module Processing_Element_Controller doesn't have a timescale but at least one module in design has a timescale.
WARNING: [XSIM 43-4099] "C:/Users/bless/Downloads/BoooC CNN-Accelerator-Based-on-Eyeriss-v2 master FPGA_design-src/PE_Cluster/PE/Processing_Element_core.v" Line 11. Module Processing_Element_core doesn't have a timescale but at least one module in design has a timescale.
WARNING: [XSIM 43-4099] "C:/Users/bless/Downloads/BoooC CNN-Accelerator-Based-on-Eyeriss-v2 master FPGA_design-src/PE_Cluster/PE/SPad/Psum_Spad.v" Line 1. Module Psum_Spad doesn't have a timescale but at least one module in design has a timescale.
WARNING: [XSIM 43-4099] "C:/Users/bless/Downloads/BoooC CNN-Accelerator-Based-on-Eyeriss-v2 master FPGA_design-src/PE_Cluster/PE/SPad/Psum_Spad.v" Line 48. Module Psum_DATA_Spad_BRAM doesn't have a timescale but at least one module in design has a timescale.
WARNING: [XSIM 43-4099] "C:/Users/bless/Downloads/BoooC CNN-Accelerator-Based-on-Eyeriss-v2 master FPGA_design-src/PE_Cluster/PE/SPad/Former_addr_Spad.v" Line 9. Module Former_Address_Spad doesn't have a timescale but at least one module in design has a timescale.
WARNING: [XSIM 43-4099] "C:/Users/bless/Downloads/BoooC CNN-Accelerator-Based-on-Eyeriss-v2 master FPGA_design-src/PE_Cluster/PE/SPad/Former_data_Spad.v" Line 1. Module Former_Data_Spad doesn't have a timescale but at least one module in design has a timescale.
WARNING: [XSIM 43-4099] "C:/Users/bless/Downloads/BoooC CNN-Accelerator-Based-on-Eyeriss-v2 master FPGA_design-src/PE_Cluster/PE/SPad/Former_data_Spad.v" Line 69. Module Iact_DATA_Spad_BRAM doesn't have a timescale but at least one module in design has a timescale.
WARNING: [XSIM 43-4099] "C:/Users/bless/Downloads/BoooC CNN-Accelerator-Based-on-Eyeriss-v2 master FPGA_design-src/PE_Cluster/PE/SPad/Later_addr_Spad.v" Line 10. Module Later_Address_Spad doesn't have a timescale but at least one module in design has a timescale.
WARNING: [XSIM 43-4099] "C:/Users/bless/Downloads/BoooC CNN-Accelerator-Based-on-Eyeriss-v2 master FPGA_design-src/PE_Cluster/PE/SPad/Later_data_Spad.v" Line 15. Module Later_Data_Spad doesn't have a timescale but at least one module in design has a timescale.
WARNING: [XSIM 43-4099] "C:/Users/bless/Downloads/BoooC CNN-Accelerator-Based-on-Eyeriss-v2 master FPGA_design-src/PE_Cluster/PE/SPad/Later_data_Spad.v" Line 134. Module Weight_DATA_Spad_BRAM doesn't have a timescale but at least one module in design has a timescale.
WARNING: [XSIM 43-4099] "C:/Users/bless/Downloads/BoooC CNN-Accelerator-Based-on-Eyeriss-v2 master FPGA_design-src/PE_Cluster/PE/PE_data_FIFO.v" Line 9. Module PE_data_FIFO(DATA_IN_WIDTH=8) doesn't have a timescale but at least one module in design has a timescale.
WARNING: [XSIM 43-4099] "C:/Users/bless/Downloads/BoooC CNN-Accelerator-Based-on-Eyeriss-v2 master FPGA_design-src/PE_Cluster/PE/PE_data_FIFO.v" Line 9. Module PE_data_FIFO(DATA_IN_WIDTH=13) doesn't have a timescale but at least one module in design has a timescale.
WARNING: [XSIM 43-4099] "C:/Users/bless/Downloads/BoooC CNN-Accelerator-Based-on-Eyeriss-v2 master FPGA_design-src/PE_Cluster/PE/PE_data_FIFO.v" Line 9. Module PE_data_FIFO(DATA_IN_WIDTH=7) doesn't have a timescale but at least one module in design has a timescale.
WARNING: [XSIM 43-4099] "C:/Users/bless/Downloads/BoooC CNN-Accelerator-Based-on-Eyeriss-v2 master FPGA_design-src/PE_Cluster/PE/PE_data_FIFO.v" Line 9. Module PE_data_FIFO(DATA_IN_WIDTH=12) doesn't have a timescale but at least one module in design has a timescale.
WARNING: [XSIM 43-4099] "C:/Users/bless/Downloads/BoooC CNN-Accelerator-Based-on-Eyeriss-v2 master FPGA_design-src/PE_Cluster/PE/PE_psum_FIFO.v" Line 11. Module PE_psum_FIFO doesn't have a timescale but at least one module in design has a timescale.
WARNING: [XSIM 43-4099] "C:/Users/bless/Downloads/BoooC CNN-Accelerator-Based-on-Eyeriss-v2 master FPGA_design-src/PE_Cluster/PE/PE_psum_FIFO.v" Line 11. Module PE_psum_FIFO doesn't have a timescale but at least one module in design has a timescale.
WARNING: [XSIM 43-4099] "C:/Users/bless/Downloads/BoooC CNN-Accelerator-Based-on-Eyeriss-v2 master FPGA_design-src/PE_Cluster/PE/Processing_Element.v" Line 9. Module ProcessingElement doesn't have a timescale but at least one module in design has a timescale.
WARNING: [XSIM 43-4099] "C:/Users/bless/Downloads/BoooC CNN-Accelerator-Based-on-Eyeriss-v2 master FPGA_design-src/PE_Cluster/PE/Processing_Element_Controller.v" Line 8. Module Processing_Element_Controller doesn't have a timescale but at least one module in design has a timescale.
WARNING: [XSIM 43-4099] "C:/Users/bless/Downloads/BoooC CNN-Accelerator-Based-on-Eyeriss-v2 master FPGA_design-src/PE_Cluster/PE/Processing_Element_core.v" Line 11. Module Processing_Element_core doesn't have a timescale but at least one module in design has a timescale.
WARNING: [XSIM 43-4099] "C:/Users/bless/Downloads/BoooC CNN-Accelerator-Based-on-Eyeriss-v2 master FPGA_design-src/PE_Cluster/PE/SPad/Psum_Spad.v" Line 1. Module Psum_Spad doesn't have a timescale but at least one module in design has a timescale.
WARNING: [XSIM 43-4099] "C:/Users/bless/Downloads/BoooC CNN-Accelerator-Based-on-Eyeriss-v2 master FPGA_design-src/PE_Cluster/PE/SPad/Psum_Spad.v" Line 48. Module Psum_DATA_Spad_BRAM doesn't have a timescale but at least one module in design has a timescale.
WARNING: [XSIM 43-4099] "C:/Users/bless/Downloads/BoooC CNN-Accelerator-Based-on-Eyeriss-v2 master FPGA_design-src/PE_Cluster/PE/SPad/Former_addr_Spad.v" Line 9. Module Former_Address_Spad doesn't have a timescale but at least one module in design has a timescale.
WARNING: [XSIM 43-4099] "C:/Users/bless/Downloads/BoooC CNN-Accelerator-Based-on-Eyeriss-v2 master FPGA_design-src/PE_Cluster/PE/SPad/Former_data_Spad.v" Line 1. Module Former_Data_Spad doesn't have a timescale but at least one module in design has a timescale.
WARNING: [XSIM 43-4099] "C:/Users/bless/Downloads/BoooC CNN-Accelerator-Based-on-Eyeriss-v2 master FPGA_design-src/PE_Cluster/PE/SPad/Former_data_Spad.v" Line 69. Module Iact_DATA_Spad_BRAM doesn't have a timescale but at least one module in design has a timescale.
WARNING: [XSIM 43-4099] "C:/Users/bless/Downloads/BoooC CNN-Accelerator-Based-on-Eyeriss-v2 master FPGA_design-src/PE_Cluster/PE/SPad/Later_addr_Spad.v" Line 10. Module Later_Address_Spad doesn't have a timescale but at least one module in design has a timescale.
WARNING: [XSIM 43-4099] "C:/Users/bless/Downloads/BoooC CNN-Accelerator-Based-on-Eyeriss-v2 master FPGA_design-src/PE_Cluster/PE/SPad/Later_data_Spad.v" Line 15. Module Later_Data_Spad doesn't have a timescale but at least one module in design has a timescale.
WARNING: [XSIM 43-4099] "C:/Users/bless/Downloads/BoooC CNN-Accelerator-Based-on-Eyeriss-v2 master FPGA_design-src/PE_Cluster/PE/SPad/Later_data_Spad.v" Line 134. Module Weight_DATA_Spad_BRAM doesn't have a timescale but at least one module in design has a timescale.
WARNING: [XSIM 43-4099] "C:/Users/bless/Downloads/BoooC CNN-Accelerator-Based-on-Eyeriss-v2 master FPGA_design-src/PE_Cluster/PE/PE_data_FIFO.v" Line 9. Module PE_data_FIFO(DATA_IN_WIDTH=8) doesn't have a timescale but at least one module in design has a timescale.
WARNING: [XSIM 43-4099] "C:/Users/bless/Downloads/BoooC CNN-Accelerator-Based-on-Eyeriss-v2 master FPGA_design-src/PE_Cluster/PE/PE_data_FIFO.v" Line 9. Module PE_data_FIFO(DATA_IN_WIDTH=13) doesn't have a timescale but at least one module in design has a timescale.
WARNING: [XSIM 43-4099] "C:/Users/bless/Downloads/BoooC CNN-Accelerator-Based-on-Eyeriss-v2 master FPGA_design-src/PE_Cluster/PE/PE_data_FIFO.v" Line 9. Module PE_data_FIFO(DATA_IN_WIDTH=7) doesn't have a timescale but at least one module in design has a timescale.
WARNING: [XSIM 43-4099] "C:/Users/bless/Downloads/BoooC CNN-Accelerator-Based-on-Eyeriss-v2 master FPGA_design-src/PE_Cluster/PE/PE_data_FIFO.v" Line 9. Module PE_data_FIFO(DATA_IN_WIDTH=12) doesn't have a timescale but at least one module in design has a timescale.
WARNING: [XSIM 43-4099] "C:/Users/bless/Downloads/BoooC CNN-Accelerator-Based-on-Eyeriss-v2 master FPGA_design-src/PE_Cluster/PE/PE_psum_FIFO.v" Line 11. Module PE_psum_FIFO doesn't have a timescale but at least one module in design has a timescale.
WARNING: [XSIM 43-4099] "C:/Users/bless/Downloads/BoooC CNN-Accelerator-Based-on-Eyeriss-v2 master FPGA_design-src/PE_Cluster/PE/PE_psum_FIFO.v" Line 11. Module PE_psum_FIFO doesn't have a timescale but at least one module in design has a timescale.
WARNING: [XSIM 43-4099] "C:/Users/bless/Downloads/BoooC CNN-Accelerator-Based-on-Eyeriss-v2 master FPGA_design-src/PE_Cluster/PE/Processing_Element.v" Line 9. Module ProcessingElement doesn't have a timescale but at least one module in design has a timescale.
WARNING: [XSIM 43-4099] "C:/Users/bless/Downloads/BoooC CNN-Accelerator-Based-on-Eyeriss-v2 master FPGA_design-src/PE_Cluster/PE/Processing_Element_Controller.v" Line 8. Module Processing_Element_Controller doesn't have a timescale but at least one module in design has a timescale.
WARNING: [XSIM 43-4099] "C:/Users/bless/Downloads/BoooC CNN-Accelerator-Based-on-Eyeriss-v2 master FPGA_design-src/PE_Cluster/PE/Processing_Element_core.v" Line 11. Module Processing_Element_core doesn't have a timescale but at least one module in design has a timescale.
WARNING: [XSIM 43-4099] "C:/Users/bless/Downloads/BoooC CNN-Accelerator-Based-on-Eyeriss-v2 master FPGA_design-src/PE_Cluster/PE/SPad/Psum_Spad.v" Line 1. Module Psum_Spad doesn't have a timescale but at least one module in design has a timescale.
WARNING: [XSIM 43-4099] "C:/Users/bless/Downloads/BoooC CNN-Accelerator-Based-on-Eyeriss-v2 master FPGA_design-src/PE_Cluster/PE/SPad/Psum_Spad.v" Line 48. Module Psum_DATA_Spad_BRAM doesn't have a timescale but at least one module in design has a timescale.
WARNING: [XSIM 43-4099] "C:/Users/bless/Downloads/BoooC CNN-Accelerator-Based-on-Eyeriss-v2 master FPGA_design-src/PE_Cluster/PE/SPad/Former_addr_Spad.v" Line 9. Module Former_Address_Spad doesn't have a timescale but at least one module in design has a timescale.
WARNING: [XSIM 43-4099] "C:/Users/bless/Downloads/BoooC CNN-Accelerator-Based-on-Eyeriss-v2 master FPGA_design-src/PE_Cluster/PE/SPad/Former_data_Spad.v" Line 1. Module Former_Data_Spad doesn't have a timescale but at least one module in design has a timescale.
WARNING: [XSIM 43-4099] "C:/Users/bless/Downloads/BoooC CNN-Accelerator-Based-on-Eyeriss-v2 master FPGA_design-src/PE_Cluster/PE/SPad/Former_data_Spad.v" Line 69. Module Iact_DATA_Spad_BRAM doesn't have a timescale but at least one module in design has a timescale.
WARNING: [XSIM 43-4099] "C:/Users/bless/Downloads/BoooC CNN-Accelerator-Based-on-Eyeriss-v2 master FPGA_design-src/PE_Cluster/PE/SPad/Later_addr_Spad.v" Line 10. Module Later_Address_Spad doesn't have a timescale but at least one module in design has a timescale.
WARNING: [XSIM 43-4099] "C:/Users/bless/Downloads/BoooC CNN-Accelerator-Based-on-Eyeriss-v2 master FPGA_design-src/PE_Cluster/PE/SPad/Later_data_Spad.v" Line 15. Module Later_Data_Spad doesn't have a timescale but at least one module in design has a timescale.
WARNING: [XSIM 43-4099] "C:/Users/bless/Downloads/BoooC CNN-Accelerator-Based-on-Eyeriss-v2 master FPGA_design-src/PE_Cluster/PE/SPad/Later_data_Spad.v" Line 134. Module Weight_DATA_Spad_BRAM doesn't have a timescale but at least one module in design has a timescale.
WARNING: [XSIM 43-4099] "C:/Users/bless/Downloads/BoooC CNN-Accelerator-Based-on-Eyeriss-v2 master FPGA_design-src/PE_Cluster/PE/PE_data_FIFO.v" Line 9. Module PE_data_FIFO(DATA_IN_WIDTH=8) doesn't have a timescale but at least one module in design has a timescale.
WARNING: [XSIM 43-4099] "C:/Users/bless/Downloads/BoooC CNN-Accelerator-Based-on-Eyeriss-v2 master FPGA_design-src/PE_Cluster/PE/PE_data_FIFO.v" Line 9. Module PE_data_FIFO(DATA_IN_WIDTH=13) doesn't have a timescale but at least one module in design has a timescale.
WARNING: [XSIM 43-4099] "C:/Users/bless/Downloads/BoooC CNN-Accelerator-Based-on-Eyeriss-v2 master FPGA_design-src/PE_Cluster/PE/PE_data_FIFO.v" Line 9. Module PE_data_FIFO(DATA_IN_WIDTH=7) doesn't have a timescale but at least one module in design has a timescale.
WARNING: [XSIM 43-4099] "C:/Users/bless/Downloads/BoooC CNN-Accelerator-Based-on-Eyeriss-v2 master FPGA_design-src/PE_Cluster/PE/PE_data_FIFO.v" Line 9. Module PE_data_FIFO(DATA_IN_WIDTH=12) doesn't have a timescale but at least one module in design has a timescale.
WARNING: [XSIM 43-4099] "C:/Users/bless/Downloads/BoooC CNN-Accelerator-Based-on-Eyeriss-v2 master FPGA_design-src/PE_Cluster/PE/PE_psum_FIFO.v" Line 11. Module PE_psum_FIFO doesn't have a timescale but at least one module in design has a timescale.
WARNING: [XSIM 43-4099] "C:/Users/bless/Downloads/BoooC CNN-Accelerator-Based-on-Eyeriss-v2 master FPGA_design-src/PE_Cluster/PE/PE_psum_FIFO.v" Line 11. Module PE_psum_FIFO doesn't have a timescale but at least one module in design has a timescale.
WARNING: [XSIM 43-4099] "C:/Users/bless/Downloads/BoooC CNN-Accelerator-Based-on-Eyeriss-v2 master FPGA_design-src/PE_Cluster/PE/Processing_Element.v" Line 9. Module ProcessingElement doesn't have a timescale but at least one module in design has a timescale.
WARNING: [XSIM 43-4099] "C:/Users/bless/Downloads/BoooC CNN-Accelerator-Based-on-Eyeriss-v2 master FPGA_design-src/PE_Cluster/PE/Processing_Element_Controller.v" Line 8. Module Processing_Element_Controller doesn't have a timescale but at least one module in design has a timescale.
WARNING: [XSIM 43-4099] "C:/Users/bless/Downloads/BoooC CNN-Accelerator-Based-on-Eyeriss-v2 master FPGA_design-src/PE_Cluster/PE/Processing_Element_core.v" Line 11. Module Processing_Element_core doesn't have a timescale but at least one module in design has a timescale.
WARNING: [XSIM 43-4099] "C:/Users/bless/Downloads/BoooC CNN-Accelerator-Based-on-Eyeriss-v2 master FPGA_design-src/PE_Cluster/PE/SPad/Psum_Spad.v" Line 1. Module Psum_Spad doesn't have a timescale but at least one module in design has a timescale.
WARNING: [XSIM 43-4099] "C:/Users/bless/Downloads/BoooC CNN-Accelerator-Based-on-Eyeriss-v2 master FPGA_design-src/PE_Cluster/PE/SPad/Psum_Spad.v" Line 48. Module Psum_DATA_Spad_BRAM doesn't have a timescale but at least one module in design has a timescale.
WARNING: [XSIM 43-4099] "C:/Users/bless/Downloads/BoooC CNN-Accelerator-Based-on-Eyeriss-v2 master FPGA_design-src/PE_Cluster/PE/SPad/Former_addr_Spad.v" Line 9. Module Former_Address_Spad doesn't have a timescale but at least one module in design has a timescale.
WARNING: [XSIM 43-4099] "C:/Users/bless/Downloads/BoooC CNN-Accelerator-Based-on-Eyeriss-v2 master FPGA_design-src/PE_Cluster/PE/SPad/Former_data_Spad.v" Line 1. Module Former_Data_Spad doesn't have a timescale but at least one module in design has a timescale.
WARNING: [XSIM 43-4099] "C:/Users/bless/Downloads/BoooC CNN-Accelerator-Based-on-Eyeriss-v2 master FPGA_design-src/PE_Cluster/PE/SPad/Former_data_Spad.v" Line 69. Module Iact_DATA_Spad_BRAM doesn't have a timescale but at least one module in design has a timescale.
WARNING: [XSIM 43-4099] "C:/Users/bless/Downloads/BoooC CNN-Accelerator-Based-on-Eyeriss-v2 master FPGA_design-src/PE_Cluster/PE/SPad/Later_addr_Spad.v" Line 10. Module Later_Address_Spad doesn't have a timescale but at least one module in design has a timescale.
WARNING: [XSIM 43-4099] "C:/Users/bless/Downloads/BoooC CNN-Accelerator-Based-on-Eyeriss-v2 master FPGA_design-src/PE_Cluster/PE/SPad/Later_data_Spad.v" Line 15. Module Later_Data_Spad doesn't have a timescale but at least one module in design has a timescale.
WARNING: [XSIM 43-4099] "C:/Users/bless/Downloads/BoooC CNN-Accelerator-Based-on-Eyeriss-v2 master FPGA_design-src/PE_Cluster/PE/SPad/Later_data_Spad.v" Line 134. Module Weight_DATA_Spad_BRAM doesn't have a timescale but at least one module in design has a timescale.
WARNING: [XSIM 43-4099] "C:/Users/bless/Downloads/BoooC CNN-Accelerator-Based-on-Eyeriss-v2 master FPGA_design-src/PE_Cluster/PE/PE_data_FIFO.v" Line 9. Module PE_data_FIFO(DATA_IN_WIDTH=8) doesn't have a timescale but at least one module in design has a timescale.
WARNING: [XSIM 43-4099] "C:/Users/bless/Downloads/BoooC CNN-Accelerator-Based-on-Eyeriss-v2 master FPGA_design-src/PE_Cluster/PE/PE_data_FIFO.v" Line 9. Module PE_data_FIFO(DATA_IN_WIDTH=13) doesn't have a timescale but at least one module in design has a timescale.
WARNING: [XSIM 43-4099] "C:/Users/bless/Downloads/BoooC CNN-Accelerator-Based-on-Eyeriss-v2 master FPGA_design-src/PE_Cluster/PE/PE_data_FIFO.v" Line 9. Module PE_data_FIFO(DATA_IN_WIDTH=7) doesn't have a timescale but at least one module in design has a timescale.
WARNING: [XSIM 43-4099] "C:/Users/bless/Downloads/BoooC CNN-Accelerator-Based-on-Eyeriss-v2 master FPGA_design-src/PE_Cluster/PE/PE_data_FIFO.v" Line 9. Module PE_data_FIFO(DATA_IN_WIDTH=12) doesn't have a timescale but at least one module in design has a timescale.
WARNING: [XSIM 43-4099] "C:/Users/bless/Downloads/BoooC CNN-Accelerator-Based-on-Eyeriss-v2 master FPGA_design-src/PE_Cluster/PE/PE_psum_FIFO.v" Line 11. Module PE_psum_FIFO doesn't have a timescale but at least one module in design has a timescale.
WARNING: [XSIM 43-4099] "C:/Users/bless/Downloads/BoooC CNN-Accelerator-Based-on-Eyeriss-v2 master FPGA_design-src/PE_Cluster/PE/PE_psum_FIFO.v" Line 11. Module PE_psum_FIFO doesn't have a timescale but at least one module in design has a timescale.
WARNING: [XSIM 43-4099] "C:/Users/bless/Downloads/BoooC CNN-Accelerator-Based-on-Eyeriss-v2 master FPGA_design-src/PE_Cluster/PE_Cluster_controller.v" Line 9. Module PE_Cluster_controller doesn't have a timescale but at least one module in design has a timescale.
WARNING: [XSIM 43-4099] "C:/Users/bless/Downloads/BoooC CNN-Accelerator-Based-on-Eyeriss-v2 master FPGA_design-src/PE_Cluster/PE_Cluster_Data_Connections.v" Line 10. Module PE_Cluster_Connection doesn't have a timescale but at least one module in design has a timescale.
WARNING: [XSIM 43-4099] "C:/Users/bless/Downloads/BoooC CNN-Accelerator-Based-on-Eyeriss-v2 master FPGA_design-src/GLB_Cluster/GLB_Cluster.v" Line 14. Module GLB_Cluster doesn't have a timescale but at least one module in design has a timescale.
WARNING: [XSIM 43-4099] "C:/Users/bless/Downloads/BoooC CNN-Accelerator-Based-on-Eyeriss-v2 master FPGA_design-src/GLB_Cluster/Iact_SRAM_Bank.v" Line 9. Module Iact_SRAM_Bank doesn't have a timescale but at least one module in design has a timescale.
WARNING: [XSIM 43-4099] "C:/Users/bless/Downloads/BoooC CNN-Accelerator-Based-on-Eyeriss-v2 master FPGA_design-src/GLB_Cluster/Iact_addr_SRAM.v" Line 12. Module iact_addr_SRAM doesn't have a timescale but at least one module in design has a timescale.
WARNING: [XSIM 43-4099] "C:/Users/bless/Downloads/BoooC CNN-Accelerator-Based-on-Eyeriss-v2 master FPGA_design-src/GLB_Cluster/Iact_addr_SRAM.v" Line 218. Module Iact_Addr_SRAM_BRAM doesn't have a timescale but at least one module in design has a timescale.
WARNING: [XSIM 43-4099] "C:/Users/bless/Downloads/BoooC CNN-Accelerator-Based-on-Eyeriss-v2 master FPGA_design-src/GLB_Cluster/Iact_data_SRAM.v" Line 1. Module lact_data_SRAM doesn't have a timescale but at least one module in design has a timescale.
WARNING: [XSIM 43-4099] "C:/Users/bless/Downloads/BoooC CNN-Accelerator-Based-on-Eyeriss-v2 master FPGA_design-src/PE_Cluster/PE/SPad/Psum_Spad.v" Line 129. Module Iact_Data_SRAM_BRAM doesn't have a timescale but at least one module in design has a timescale.
WARNING: [XSIM 43-4099] "C:/Users/bless/Downloads/BoooC CNN-Accelerator-Based-on-Eyeriss-v2 master FPGA_design-src/GLB_Cluster/Iact_SRAM_Bank.v" Line 9. Module Iact_SRAM_Bank doesn't have a timescale but at least one module in design has a timescale.
WARNING: [XSIM 43-4099] "C:/Users/bless/Downloads/BoooC CNN-Accelerator-Based-on-Eyeriss-v2 master FPGA_design-src/GLB_Cluster/Iact_addr_SRAM.v" Line 12. Module iact_addr_SRAM doesn't have a timescale but at least one module in design has a timescale.
WARNING: [XSIM 43-4099] "C:/Users/bless/Downloads/BoooC CNN-Accelerator-Based-on-Eyeriss-v2 master FPGA_design-src/GLB_Cluster/Iact_addr_SRAM.v" Line 218. Module Iact_Addr_SRAM_BRAM doesn't have a timescale but at least one module in design has a timescale.
WARNING: [XSIM 43-4099] "C:/Users/bless/Downloads/BoooC CNN-Accelerator-Based-on-Eyeriss-v2 master FPGA_design-src/GLB_Cluster/Iact_data_SRAM.v" Line 1. Module lact_data_SRAM doesn't have a timescale but at least one module in design has a timescale.
WARNING: [XSIM 43-4099] "C:/Users/bless/Downloads/BoooC CNN-Accelerator-Based-on-Eyeriss-v2 master FPGA_design-src/PE_Cluster/PE/SPad/Psum_Spad.v" Line 129. Module Iact_Data_SRAM_BRAM doesn't have a timescale but at least one module in design has a timescale.
WARNING: [XSIM 43-4099] "C:/Users/bless/Downloads/BoooC CNN-Accelerator-Based-on-Eyeriss-v2 master FPGA_design-src/GLB_Cluster/Iact_SRAM_Bank.v" Line 9. Module Iact_SRAM_Bank doesn't have a timescale but at least one module in design has a timescale.
WARNING: [XSIM 43-4099] "C:/Users/bless/Downloads/BoooC CNN-Accelerator-Based-on-Eyeriss-v2 master FPGA_design-src/GLB_Cluster/Iact_addr_SRAM.v" Line 12. Module iact_addr_SRAM doesn't have a timescale but at least one module in design has a timescale.
WARNING: [XSIM 43-4099] "C:/Users/bless/Downloads/BoooC CNN-Accelerator-Based-on-Eyeriss-v2 master FPGA_design-src/GLB_Cluster/Iact_addr_SRAM.v" Line 218. Module Iact_Addr_SRAM_BRAM doesn't have a timescale but at least one module in design has a timescale.
WARNING: [XSIM 43-4099] "C:/Users/bless/Downloads/BoooC CNN-Accelerator-Based-on-Eyeriss-v2 master FPGA_design-src/GLB_Cluster/Iact_data_SRAM.v" Line 1. Module lact_data_SRAM doesn't have a timescale but at least one module in design has a timescale.
WARNING: [XSIM 43-4099] "C:/Users/bless/Downloads/BoooC CNN-Accelerator-Based-on-Eyeriss-v2 master FPGA_design-src/PE_Cluster/PE/SPad/Psum_Spad.v" Line 129. Module Iact_Data_SRAM_BRAM doesn't have a timescale but at least one module in design has a timescale.
WARNING: [XSIM 43-4099] "C:/Users/bless/Downloads/BoooC CNN-Accelerator-Based-on-Eyeriss-v2 master FPGA_design-src/GLB_Cluster/Iact_SRAM_Bank.v" Line 9. Module Iact_SRAM_Bank doesn't have a timescale but at least one module in design has a timescale.
WARNING: [XSIM 43-4099] "C:/Users/bless/Downloads/BoooC CNN-Accelerator-Based-on-Eyeriss-v2 master FPGA_design-src/GLB_Cluster/Iact_addr_SRAM.v" Line 12. Module iact_addr_SRAM doesn't have a timescale but at least one module in design has a timescale.
WARNING: [XSIM 43-4099] "C:/Users/bless/Downloads/BoooC CNN-Accelerator-Based-on-Eyeriss-v2 master FPGA_design-src/GLB_Cluster/Iact_addr_SRAM.v" Line 218. Module Iact_Addr_SRAM_BRAM doesn't have a timescale but at least one module in design has a timescale.
WARNING: [XSIM 43-4099] "C:/Users/bless/Downloads/BoooC CNN-Accelerator-Based-on-Eyeriss-v2 master FPGA_design-src/GLB_Cluster/Iact_data_SRAM.v" Line 1. Module lact_data_SRAM doesn't have a timescale but at least one module in design has a timescale.
WARNING: [XSIM 43-4099] "C:/Users/bless/Downloads/BoooC CNN-Accelerator-Based-on-Eyeriss-v2 master FPGA_design-src/PE_Cluster/PE/SPad/Psum_Spad.v" Line 129. Module Iact_Data_SRAM_BRAM doesn't have a timescale but at least one module in design has a timescale.
WARNING: [XSIM 43-4099] "C:/Users/bless/Downloads/BoooC CNN-Accelerator-Based-on-Eyeriss-v2 master FPGA_design-src/GLB_Cluster/Iact_SRAM_Bank.v" Line 9. Module Iact_SRAM_Bank doesn't have a timescale but at least one module in design has a timescale.
WARNING: [XSIM 43-4099] "C:/Users/bless/Downloads/BoooC CNN-Accelerator-Based-on-Eyeriss-v2 master FPGA_design-src/GLB_Cluster/Iact_addr_SRAM.v" Line 12. Module iact_addr_SRAM doesn't have a timescale but at least one module in design has a timescale.
WARNING: [XSIM 43-4099] "C:/Users/bless/Downloads/BoooC CNN-Accelerator-Based-on-Eyeriss-v2 master FPGA_design-src/GLB_Cluster/Iact_addr_SRAM.v" Line 218. Module Iact_Addr_SRAM_BRAM doesn't have a timescale but at least one module in design has a timescale.
WARNING: [XSIM 43-4099] "C:/Users/bless/Downloads/BoooC CNN-Accelerator-Based-on-Eyeriss-v2 master FPGA_design-src/GLB_Cluster/Iact_data_SRAM.v" Line 1. Module lact_data_SRAM doesn't have a timescale but at least one module in design has a timescale.
WARNING: [XSIM 43-4099] "C:/Users/bless/Downloads/BoooC CNN-Accelerator-Based-on-Eyeriss-v2 master FPGA_design-src/PE_Cluster/PE/SPad/Psum_Spad.v" Line 129. Module Iact_Data_SRAM_BRAM doesn't have a timescale but at least one module in design has a timescale.
WARNING: [XSIM 43-4099] "C:/Users/bless/Downloads/BoooC CNN-Accelerator-Based-on-Eyeriss-v2 master FPGA_design-src/GLB_Cluster/Iact_SRAM_Bank.v" Line 9. Module Iact_SRAM_Bank doesn't have a timescale but at least one module in design has a timescale.
WARNING: [XSIM 43-4099] "C:/Users/bless/Downloads/BoooC CNN-Accelerator-Based-on-Eyeriss-v2 master FPGA_design-src/GLB_Cluster/Iact_addr_SRAM.v" Line 12. Module iact_addr_SRAM doesn't have a timescale but at least one module in design has a timescale.
WARNING: [XSIM 43-4099] "C:/Users/bless/Downloads/BoooC CNN-Accelerator-Based-on-Eyeriss-v2 master FPGA_design-src/GLB_Cluster/Iact_addr_SRAM.v" Line 218. Module Iact_Addr_SRAM_BRAM doesn't have a timescale but at least one module in design has a timescale.
WARNING: [XSIM 43-4099] "C:/Users/bless/Downloads/BoooC CNN-Accelerator-Based-on-Eyeriss-v2 master FPGA_design-src/GLB_Cluster/Iact_data_SRAM.v" Line 1. Module lact_data_SRAM doesn't have a timescale but at least one module in design has a timescale.
WARNING: [XSIM 43-4099] "C:/Users/bless/Downloads/BoooC CNN-Accelerator-Based-on-Eyeriss-v2 master FPGA_design-src/PE_Cluster/PE/SPad/Psum_Spad.v" Line 129. Module Iact_Data_SRAM_BRAM doesn't have a timescale but at least one module in design has a timescale.
WARNING: [XSIM 43-4099] "C:/Users/bless/Downloads/BoooC CNN-Accelerator-Based-on-Eyeriss-v2 master FPGA_design-src/GLB_Cluster/Iact_SRAM_Bank.v" Line 9. Module Iact_SRAM_Bank doesn't have a timescale but at least one module in design has a timescale.
WARNING: [XSIM 43-4099] "C:/Users/bless/Downloads/BoooC CNN-Accelerator-Based-on-Eyeriss-v2 master FPGA_design-src/GLB_Cluster/Iact_addr_SRAM.v" Line 12. Module iact_addr_SRAM doesn't have a timescale but at least one module in design has a timescale.
WARNING: [XSIM 43-4099] "C:/Users/bless/Downloads/BoooC CNN-Accelerator-Based-on-Eyeriss-v2 master FPGA_design-src/GLB_Cluster/Iact_addr_SRAM.v" Line 218. Module Iact_Addr_SRAM_BRAM doesn't have a timescale but at least one module in design has a timescale.
WARNING: [XSIM 43-4099] "C:/Users/bless/Downloads/BoooC CNN-Accelerator-Based-on-Eyeriss-v2 master FPGA_design-src/GLB_Cluster/Iact_data_SRAM.v" Line 1. Module lact_data_SRAM doesn't have a timescale but at least one module in design has a timescale.
WARNING: [XSIM 43-4099] "C:/Users/bless/Downloads/BoooC CNN-Accelerator-Based-on-Eyeriss-v2 master FPGA_design-src/PE_Cluster/PE/SPad/Psum_Spad.v" Line 129. Module Iact_Data_SRAM_BRAM doesn't have a timescale but at least one module in design has a timescale.
WARNING: [XSIM 43-4099] "C:/Users/bless/Downloads/BoooC CNN-Accelerator-Based-on-Eyeriss-v2 master FPGA_design-src/GLB_Cluster/Iact_SRAM_Bank.v" Line 9. Module Iact_SRAM_Bank doesn't have a timescale but at least one module in design has a timescale.
WARNING: [XSIM 43-4099] "C:/Users/bless/Downloads/BoooC CNN-Accelerator-Based-on-Eyeriss-v2 master FPGA_design-src/GLB_Cluster/Iact_addr_SRAM.v" Line 12. Module iact_addr_SRAM doesn't have a timescale but at least one module in design has a timescale.
WARNING: [XSIM 43-4099] "C:/Users/bless/Downloads/BoooC CNN-Accelerator-Based-on-Eyeriss-v2 master FPGA_design-src/GLB_Cluster/Iact_addr_SRAM.v" Line 218. Module Iact_Addr_SRAM_BRAM doesn't have a timescale but at least one module in design has a timescale.
WARNING: [XSIM 43-4099] "C:/Users/bless/Downloads/BoooC CNN-Accelerator-Based-on-Eyeriss-v2 master FPGA_design-src/GLB_Cluster/Iact_data_SRAM.v" Line 1. Module lact_data_SRAM doesn't have a timescale but at least one module in design has a timescale.
WARNING: [XSIM 43-4099] "C:/Users/bless/Downloads/BoooC CNN-Accelerator-Based-on-Eyeriss-v2 master FPGA_design-src/PE_Cluster/PE/SPad/Psum_Spad.v" Line 129. Module Iact_Data_SRAM_BRAM doesn't have a timescale but at least one module in design has a timescale.
WARNING: [XSIM 43-4099] "C:/Users/bless/Downloads/BoooC CNN-Accelerator-Based-on-Eyeriss-v2 master FPGA_design-src/GLB_Cluster/Iact_SRAM_Bank.v" Line 9. Module Iact_SRAM_Bank doesn't have a timescale but at least one module in design has a timescale.
WARNING: [XSIM 43-4099] "C:/Users/bless/Downloads/BoooC CNN-Accelerator-Based-on-Eyeriss-v2 master FPGA_design-src/GLB_Cluster/Iact_addr_SRAM.v" Line 12. Module iact_addr_SRAM doesn't have a timescale but at least one module in design has a timescale.
WARNING: [XSIM 43-4099] "C:/Users/bless/Downloads/BoooC CNN-Accelerator-Based-on-Eyeriss-v2 master FPGA_design-src/GLB_Cluster/Iact_addr_SRAM.v" Line 218. Module Iact_Addr_SRAM_BRAM doesn't have a timescale but at least one module in design has a timescale.
WARNING: [XSIM 43-4099] "C:/Users/bless/Downloads/BoooC CNN-Accelerator-Based-on-Eyeriss-v2 master FPGA_design-src/GLB_Cluster/Iact_data_SRAM.v" Line 1. Module lact_data_SRAM doesn't have a timescale but at least one module in design has a timescale.
WARNING: [XSIM 43-4099] "C:/Users/bless/Downloads/BoooC CNN-Accelerator-Based-on-Eyeriss-v2 master FPGA_design-src/PE_Cluster/PE/SPad/Psum_Spad.v" Line 129. Module Iact_Data_SRAM_BRAM doesn't have a timescale but at least one module in design has a timescale.
WARNING: [XSIM 43-4099] "C:/Users/bless/Downloads/BoooC CNN-Accelerator-Based-on-Eyeriss-v2 master FPGA_design-src/GLB_Cluster/Psum_SRAM_Bank.v" Line 1. Module Psum_SRAM_Bank doesn't have a timescale but at least one module in design has a timescale.
WARNING: [XSIM 43-4099] "C:/Users/bless/Downloads/BoooC CNN-Accelerator-Based-on-Eyeriss-v2 master FPGA_design-src/GLB_Cluster/Psum_SRAM_Bank.v" Line 73. Module Psum_Data_SRAM_BRAM doesn't have a timescale but at least one module in design has a timescale.
WARNING: [XSIM 43-4099] "C:/Users/bless/Downloads/BoooC CNN-Accelerator-Based-on-Eyeriss-v2 master FPGA_design-src/GLB_Cluster/Psum_SRAM_Bank.v" Line 1. Module Psum_SRAM_Bank doesn't have a timescale but at least one module in design has a timescale.
WARNING: [XSIM 43-4099] "C:/Users/bless/Downloads/BoooC CNN-Accelerator-Based-on-Eyeriss-v2 master FPGA_design-src/GLB_Cluster/Psum_SRAM_Bank.v" Line 73. Module Psum_Data_SRAM_BRAM doesn't have a timescale but at least one module in design has a timescale.
WARNING: [XSIM 43-4099] "C:/Users/bless/Downloads/BoooC CNN-Accelerator-Based-on-Eyeriss-v2 master FPGA_design-src/GLB_Cluster/Psum_SRAM_Bank.v" Line 1. Module Psum_SRAM_Bank doesn't have a timescale but at least one module in design has a timescale.
WARNING: [XSIM 43-4099] "C:/Users/bless/Downloads/BoooC CNN-Accelerator-Based-on-Eyeriss-v2 master FPGA_design-src/GLB_Cluster/Psum_SRAM_Bank.v" Line 73. Module Psum_Data_SRAM_BRAM doesn't have a timescale but at least one module in design has a timescale.
WARNING: [XSIM 43-4099] "C:/Users/bless/Downloads/BoooC CNN-Accelerator-Based-on-Eyeriss-v2 master FPGA_design-src/Router_Cluster/Router_Cluster.v" Line 14. Module Router_Cluster doesn't have a timescale but at least one module in design has a timescale.
WARNING: [XSIM 43-4099] "C:/Users/bless/Downloads/BoooC CNN-Accelerator-Based-on-Eyeriss-v2 master FPGA_design-src/Router_Cluster/Iact_Router.v" Line 22. Module Iact_Router doesn't have a timescale but at least one module in design has a timescale.
WARNING: [XSIM 43-4099] "C:/Users/bless/Downloads/BoooC CNN-Accelerator-Based-on-Eyeriss-v2 master FPGA_design-src/Router_Cluster/Iact_Router.v" Line 22. Module Iact_Router doesn't have a timescale but at least one module in design has a timescale.
WARNING: [XSIM 43-4099] "C:/Users/bless/Downloads/BoooC CNN-Accelerator-Based-on-Eyeriss-v2 master FPGA_design-src/Router_Cluster/Iact_Router.v" Line 22. Module Iact_Router doesn't have a timescale but at least one module in design has a timescale.
WARNING: [XSIM 43-4099] "C:/Users/bless/Downloads/BoooC CNN-Accelerator-Based-on-Eyeriss-v2 master FPGA_design-src/Router_Cluster/Iact_Router.v" Line 22. Module Iact_Router doesn't have a timescale but at least one module in design has a timescale.
WARNING: [XSIM 43-4099] "C:/Users/bless/Downloads/BoooC CNN-Accelerator-Based-on-Eyeriss-v2 master FPGA_design-src/Router_Cluster/Iact_Router.v" Line 22. Module Iact_Router doesn't have a timescale but at least one module in design has a timescale.
WARNING: [XSIM 43-4099] "C:/Users/bless/Downloads/BoooC CNN-Accelerator-Based-on-Eyeriss-v2 master FPGA_design-src/Router_Cluster/Iact_Router.v" Line 22. Module Iact_Router doesn't have a timescale but at least one module in design has a timescale.
WARNING: [XSIM 43-4099] "C:/Users/bless/Downloads/BoooC CNN-Accelerator-Based-on-Eyeriss-v2 master FPGA_design-src/Router_Cluster/Iact_Router.v" Line 22. Module Iact_Router doesn't have a timescale but at least one module in design has a timescale.
WARNING: [XSIM 43-4099] "C:/Users/bless/Downloads/BoooC CNN-Accelerator-Based-on-Eyeriss-v2 master FPGA_design-src/Router_Cluster/Iact_Router.v" Line 22. Module Iact_Router doesn't have a timescale but at least one module in design has a timescale.
WARNING: [XSIM 43-4099] "C:/Users/bless/Downloads/BoooC CNN-Accelerator-Based-on-Eyeriss-v2 master FPGA_design-src/Router_Cluster/Iact_Router.v" Line 22. Module Iact_Router doesn't have a timescale but at least one module in design has a timescale.
WARNING: [XSIM 43-4099] "C:/Users/bless/Downloads/BoooC CNN-Accelerator-Based-on-Eyeriss-v2 master FPGA_design-src/Router_Cluster/Weight_Router.v" Line 22. Module Weight_Router doesn't have a timescale but at least one module in design has a timescale.
WARNING: [XSIM 43-4099] "C:/Users/bless/Downloads/BoooC CNN-Accelerator-Based-on-Eyeriss-v2 master FPGA_design-src/Router_Cluster/Weight_Router.v" Line 22. Module Weight_Router doesn't have a timescale but at least one module in design has a timescale.
WARNING: [XSIM 43-4099] "C:/Users/bless/Downloads/BoooC CNN-Accelerator-Based-on-Eyeriss-v2 master FPGA_design-src/Router_Cluster/Weight_Router.v" Line 22. Module Weight_Router doesn't have a timescale but at least one module in design has a timescale.
WARNING: [XSIM 43-4099] "C:/Users/bless/Downloads/BoooC CNN-Accelerator-Based-on-Eyeriss-v2 master FPGA_design-src/Router_Cluster/Psum_Router.v" Line 22. Module Psum_Router doesn't have a timescale but at least one module in design has a timescale.
WARNING: [XSIM 43-4099] "C:/Users/bless/Downloads/BoooC CNN-Accelerator-Based-on-Eyeriss-v2 master FPGA_design-src/Router_Cluster/Psum_Router.v" Line 22. Module Psum_Router doesn't have a timescale but at least one module in design has a timescale.
WARNING: [XSIM 43-4099] "C:/Users/bless/Downloads/BoooC CNN-Accelerator-Based-on-Eyeriss-v2 master FPGA_design-src/Router_Cluster/Psum_Router.v" Line 22. Module Psum_Router doesn't have a timescale but at least one module in design has a timescale.
WARNING: [XSIM 43-4099] "C:/Users/bless/Downloads/BoooC CNN-Accelerator-Based-on-Eyeriss-v2 master FPGA_design-src/Cluster_Group/Cluster_Group_Controller.v" Line 15. Module Cluster_Group_Controller doesn't have a timescale but at least one module in design has a timescale.
WARNING: [XSIM 43-4099] "C:/Users/bless/Downloads/BoooC CNN-Accelerator-Based-on-Eyeriss-v2 master FPGA_design-src/Cluster_Group/Cluster_Group.v" Line 13. Module ClusterGroup doesn't have a timescale but at least one module in design has a timescale.
WARNING: [XSIM 43-4099] "C:/Users/bless/Downloads/BoooC CNN-Accelerator-Based-on-Eyeriss-v2 master FPGA_design-src/PE_Cluster/PE_Cluster.v" Line 11. Module PE_Cluster doesn't have a timescale but at least one module in design has a timescale.
WARNING: [XSIM 43-4099] "C:/Users/bless/Downloads/BoooC CNN-Accelerator-Based-on-Eyeriss-v2 master FPGA_design-src/PE_Cluster/PE/Processing_Element.v" Line 9. Module ProcessingElement doesn't have a timescale but at least one module in design has a timescale.
WARNING: [XSIM 43-4099] "C:/Users/bless/Downloads/BoooC CNN-Accelerator-Based-on-Eyeriss-v2 master FPGA_design-src/PE_Cluster/PE/Processing_Element_Controller.v" Line 8. Module Processing_Element_Controller doesn't have a timescale but at least one module in design has a timescale.
WARNING: [XSIM 43-4099] "C:/Users/bless/Downloads/BoooC CNN-Accelerator-Based-on-Eyeriss-v2 master FPGA_design-src/PE_Cluster/PE/Processing_Element_core.v" Line 11. Module Processing_Element_core doesn't have a timescale but at least one module in design has a timescale.
WARNING: [XSIM 43-4099] "C:/Users/bless/Downloads/BoooC CNN-Accelerator-Based-on-Eyeriss-v2 master FPGA_design-src/PE_Cluster/PE/SPad/Psum_Spad.v" Line 1. Module Psum_Spad doesn't have a timescale but at least one module in design has a timescale.
WARNING: [XSIM 43-4099] "C:/Users/bless/Downloads/BoooC CNN-Accelerator-Based-on-Eyeriss-v2 master FPGA_design-src/PE_Cluster/PE/SPad/Psum_Spad.v" Line 48. Module Psum_DATA_Spad_BRAM doesn't have a timescale but at least one module in design has a timescale.
WARNING: [XSIM 43-4099] "C:/Users/bless/Downloads/BoooC CNN-Accelerator-Based-on-Eyeriss-v2 master FPGA_design-src/PE_Cluster/PE/SPad/Former_addr_Spad.v" Line 9. Module Former_Address_Spad doesn't have a timescale but at least one module in design has a timescale.
WARNING: [XSIM 43-4099] "C:/Users/bless/Downloads/BoooC CNN-Accelerator-Based-on-Eyeriss-v2 master FPGA_design-src/PE_Cluster/PE/SPad/Former_data_Spad.v" Line 1. Module Former_Data_Spad doesn't have a timescale but at least one module in design has a timescale.
WARNING: [XSIM 43-4099] "C:/Users/bless/Downloads/BoooC CNN-Accelerator-Based-on-Eyeriss-v2 master FPGA_design-src/PE_Cluster/PE/SPad/Former_data_Spad.v" Line 69. Module Iact_DATA_Spad_BRAM doesn't have a timescale but at least one module in design has a timescale.
WARNING: [XSIM 43-4099] "C:/Users/bless/Downloads/BoooC CNN-Accelerator-Based-on-Eyeriss-v2 master FPGA_design-src/PE_Cluster/PE/SPad/Later_addr_Spad.v" Line 10. Module Later_Address_Spad doesn't have a timescale but at least one module in design has a timescale.
WARNING: [XSIM 43-4099] "C:/Users/bless/Downloads/BoooC CNN-Accelerator-Based-on-Eyeriss-v2 master FPGA_design-src/PE_Cluster/PE/SPad/Later_data_Spad.v" Line 15. Module Later_Data_Spad doesn't have a timescale but at least one module in design has a timescale.
WARNING: [XSIM 43-4099] "C:/Users/bless/Downloads/BoooC CNN-Accelerator-Based-on-Eyeriss-v2 master FPGA_design-src/PE_Cluster/PE/SPad/Later_data_Spad.v" Line 134. Module Weight_DATA_Spad_BRAM doesn't have a timescale but at least one module in design has a timescale.
WARNING: [XSIM 43-4099] "C:/Users/bless/Downloads/BoooC CNN-Accelerator-Based-on-Eyeriss-v2 master FPGA_design-src/PE_Cluster/PE/PE_data_FIFO.v" Line 9. Module PE_data_FIFO(DATA_IN_WIDTH=8) doesn't have a timescale but at least one module in design has a timescale.
WARNING: [XSIM 43-4099] "C:/Users/bless/Downloads/BoooC CNN-Accelerator-Based-on-Eyeriss-v2 master FPGA_design-src/PE_Cluster/PE/PE_data_FIFO.v" Line 9. Module PE_data_FIFO(DATA_IN_WIDTH=13) doesn't have a timescale but at least one module in design has a timescale.
WARNING: [XSIM 43-4099] "C:/Users/bless/Downloads/BoooC CNN-Accelerator-Based-on-Eyeriss-v2 master FPGA_design-src/PE_Cluster/PE/PE_data_FIFO.v" Line 9. Module PE_data_FIFO(DATA_IN_WIDTH=7) doesn't have a timescale but at least one module in design has a timescale.
WARNING: [XSIM 43-4099] "C:/Users/bless/Downloads/BoooC CNN-Accelerator-Based-on-Eyeriss-v2 master FPGA_design-src/PE_Cluster/PE/PE_data_FIFO.v" Line 9. Module PE_data_FIFO(DATA_IN_WIDTH=12) doesn't have a timescale but at least one module in design has a timescale.
WARNING: [XSIM 43-4099] "C:/Users/bless/Downloads/BoooC CNN-Accelerator-Based-on-Eyeriss-v2 master FPGA_design-src/PE_Cluster/PE/PE_psum_FIFO.v" Line 11. Module PE_psum_FIFO doesn't have a timescale but at least one module in design has a timescale.
WARNING: [XSIM 43-4099] "C:/Users/bless/Downloads/BoooC CNN-Accelerator-Based-on-Eyeriss-v2 master FPGA_design-src/PE_Cluster/PE/PE_psum_FIFO.v" Line 11. Module PE_psum_FIFO doesn't have a timescale but at least one module in design has a timescale.
WARNING: [XSIM 43-4099] "C:/Users/bless/Downloads/BoooC CNN-Accelerator-Based-on-Eyeriss-v2 master FPGA_design-src/PE_Cluster/PE/Processing_Element.v" Line 9. Module ProcessingElement doesn't have a timescale but at least one module in design has a timescale.
WARNING: [XSIM 43-4099] "C:/Users/bless/Downloads/BoooC CNN-Accelerator-Based-on-Eyeriss-v2 master FPGA_design-src/PE_Cluster/PE/Processing_Element_Controller.v" Line 8. Module Processing_Element_Controller doesn't have a timescale but at least one module in design has a timescale.
WARNING: [XSIM 43-4099] "C:/Users/bless/Downloads/BoooC CNN-Accelerator-Based-on-Eyeriss-v2 master FPGA_design-src/PE_Cluster/PE/Processing_Element_core.v" Line 11. Module Processing_Element_core doesn't have a timescale but at least one module in design has a timescale.
WARNING: [XSIM 43-4099] "C:/Users/bless/Downloads/BoooC CNN-Accelerator-Based-on-Eyeriss-v2 master FPGA_design-src/PE_Cluster/PE/SPad/Psum_Spad.v" Line 1. Module Psum_Spad doesn't have a timescale but at least one module in design has a timescale.
WARNING: [XSIM 43-4099] "C:/Users/bless/Downloads/BoooC CNN-Accelerator-Based-on-Eyeriss-v2 master FPGA_design-src/PE_Cluster/PE/SPad/Psum_Spad.v" Line 48. Module Psum_DATA_Spad_BRAM doesn't have a timescale but at least one module in design has a timescale.
WARNING: [XSIM 43-4099] "C:/Users/bless/Downloads/BoooC CNN-Accelerator-Based-on-Eyeriss-v2 master FPGA_design-src/PE_Cluster/PE/SPad/Former_addr_Spad.v" Line 9. Module Former_Address_Spad doesn't have a timescale but at least one module in design has a timescale.
WARNING: [XSIM 43-4099] "C:/Users/bless/Downloads/BoooC CNN-Accelerator-Based-on-Eyeriss-v2 master FPGA_design-src/PE_Cluster/PE/SPad/Former_data_Spad.v" Line 1. Module Former_Data_Spad doesn't have a timescale but at least one module in design has a timescale.
WARNING: [XSIM 43-4099] "C:/Users/bless/Downloads/BoooC CNN-Accelerator-Based-on-Eyeriss-v2 master FPGA_design-src/PE_Cluster/PE/SPad/Former_data_Spad.v" Line 69. Module Iact_DATA_Spad_BRAM doesn't have a timescale but at least one module in design has a timescale.
WARNING: [XSIM 43-4099] "C:/Users/bless/Downloads/BoooC CNN-Accelerator-Based-on-Eyeriss-v2 master FPGA_design-src/PE_Cluster/PE/SPad/Later_addr_Spad.v" Line 10. Module Later_Address_Spad doesn't have a timescale but at least one module in design has a timescale.
WARNING: [XSIM 43-4099] "C:/Users/bless/Downloads/BoooC CNN-Accelerator-Based-on-Eyeriss-v2 master FPGA_design-src/PE_Cluster/PE/SPad/Later_data_Spad.v" Line 15. Module Later_Data_Spad doesn't have a timescale but at least one module in design has a timescale.
WARNING: [XSIM 43-4099] "C:/Users/bless/Downloads/BoooC CNN-Accelerator-Based-on-Eyeriss-v2 master FPGA_design-src/PE_Cluster/PE/SPad/Later_data_Spad.v" Line 134. Module Weight_DATA_Spad_BRAM doesn't have a timescale but at least one module in design has a timescale.
WARNING: [XSIM 43-4099] "C:/Users/bless/Downloads/BoooC CNN-Accelerator-Based-on-Eyeriss-v2 master FPGA_design-src/PE_Cluster/PE/PE_data_FIFO.v" Line 9. Module PE_data_FIFO(DATA_IN_WIDTH=8) doesn't have a timescale but at least one module in design has a timescale.
WARNING: [XSIM 43-4099] "C:/Users/bless/Downloads/BoooC CNN-Accelerator-Based-on-Eyeriss-v2 master FPGA_design-src/PE_Cluster/PE/PE_data_FIFO.v" Line 9. Module PE_data_FIFO(DATA_IN_WIDTH=13) doesn't have a timescale but at least one module in design has a timescale.
WARNING: [XSIM 43-4099] "C:/Users/bless/Downloads/BoooC CNN-Accelerator-Based-on-Eyeriss-v2 master FPGA_design-src/PE_Cluster/PE/PE_data_FIFO.v" Line 9. Module PE_data_FIFO(DATA_IN_WIDTH=7) doesn't have a timescale but at least one module in design has a timescale.
WARNING: [XSIM 43-4099] "C:/Users/bless/Downloads/BoooC CNN-Accelerator-Based-on-Eyeriss-v2 master FPGA_design-src/PE_Cluster/PE/PE_data_FIFO.v" Line 9. Module PE_data_FIFO(DATA_IN_WIDTH=12) doesn't have a timescale but at least one module in design has a timescale.
WARNING: [XSIM 43-4099] "C:/Users/bless/Downloads/BoooC CNN-Accelerator-Based-on-Eyeriss-v2 master FPGA_design-src/PE_Cluster/PE/PE_psum_FIFO.v" Line 11. Module PE_psum_FIFO doesn't have a timescale but at least one module in design has a timescale.
WARNING: [XSIM 43-4099] "C:/Users/bless/Downloads/BoooC CNN-Accelerator-Based-on-Eyeriss-v2 master FPGA_design-src/PE_Cluster/PE/PE_psum_FIFO.v" Line 11. Module PE_psum_FIFO doesn't have a timescale but at least one module in design has a timescale.
WARNING: [XSIM 43-4099] "C:/Users/bless/Downloads/BoooC CNN-Accelerator-Based-on-Eyeriss-v2 master FPGA_design-src/PE_Cluster/PE/Processing_Element.v" Line 9. Module ProcessingElement doesn't have a timescale but at least one module in design has a timescale.
WARNING: [XSIM 43-4099] "C:/Users/bless/Downloads/BoooC CNN-Accelerator-Based-on-Eyeriss-v2 master FPGA_design-src/PE_Cluster/PE/Processing_Element_Controller.v" Line 8. Module Processing_Element_Controller doesn't have a timescale but at least one module in design has a timescale.
WARNING: [XSIM 43-4099] "C:/Users/bless/Downloads/BoooC CNN-Accelerator-Based-on-Eyeriss-v2 master FPGA_design-src/PE_Cluster/PE/Processing_Element_core.v" Line 11. Module Processing_Element_core doesn't have a timescale but at least one module in design has a timescale.
WARNING: [XSIM 43-4099] "C:/Users/bless/Downloads/BoooC CNN-Accelerator-Based-on-Eyeriss-v2 master FPGA_design-src/PE_Cluster/PE/SPad/Psum_Spad.v" Line 1. Module Psum_Spad doesn't have a timescale but at least one module in design has a timescale.
WARNING: [XSIM 43-4099] "C:/Users/bless/Downloads/BoooC CNN-Accelerator-Based-on-Eyeriss-v2 master FPGA_design-src/PE_Cluster/PE/SPad/Psum_Spad.v" Line 48. Module Psum_DATA_Spad_BRAM doesn't have a timescale but at least one module in design has a timescale.
WARNING: [XSIM 43-4099] "C:/Users/bless/Downloads/BoooC CNN-Accelerator-Based-on-Eyeriss-v2 master FPGA_design-src/PE_Cluster/PE/SPad/Former_addr_Spad.v" Line 9. Module Former_Address_Spad doesn't have a timescale but at least one module in design has a timescale.
WARNING: [XSIM 43-4099] "C:/Users/bless/Downloads/BoooC CNN-Accelerator-Based-on-Eyeriss-v2 master FPGA_design-src/PE_Cluster/PE/SPad/Former_data_Spad.v" Line 1. Module Former_Data_Spad doesn't have a timescale but at least one module in design has a timescale.
WARNING: [XSIM 43-4099] "C:/Users/bless/Downloads/BoooC CNN-Accelerator-Based-on-Eyeriss-v2 master FPGA_design-src/PE_Cluster/PE/SPad/Former_data_Spad.v" Line 69. Module Iact_DATA_Spad_BRAM doesn't have a timescale but at least one module in design has a timescale.
WARNING: [XSIM 43-4099] "C:/Users/bless/Downloads/BoooC CNN-Accelerator-Based-on-Eyeriss-v2 master FPGA_design-src/PE_Cluster/PE/SPad/Later_addr_Spad.v" Line 10. Module Later_Address_Spad doesn't have a timescale but at least one module in design has a timescale.
WARNING: [XSIM 43-4099] "C:/Users/bless/Downloads/BoooC CNN-Accelerator-Based-on-Eyeriss-v2 master FPGA_design-src/PE_Cluster/PE/SPad/Later_data_Spad.v" Line 15. Module Later_Data_Spad doesn't have a timescale but at least one module in design has a timescale.
WARNING: [XSIM 43-4099] "C:/Users/bless/Downloads/BoooC CNN-Accelerator-Based-on-Eyeriss-v2 master FPGA_design-src/PE_Cluster/PE/SPad/Later_data_Spad.v" Line 134. Module Weight_DATA_Spad_BRAM doesn't have a timescale but at least one module in design has a timescale.
WARNING: [XSIM 43-4099] "C:/Users/bless/Downloads/BoooC CNN-Accelerator-Based-on-Eyeriss-v2 master FPGA_design-src/PE_Cluster/PE/PE_data_FIFO.v" Line 9. Module PE_data_FIFO(DATA_IN_WIDTH=8) doesn't have a timescale but at least one module in design has a timescale.
WARNING: [XSIM 43-4099] "C:/Users/bless/Downloads/BoooC CNN-Accelerator-Based-on-Eyeriss-v2 master FPGA_design-src/PE_Cluster/PE/PE_data_FIFO.v" Line 9. Module PE_data_FIFO(DATA_IN_WIDTH=13) doesn't have a timescale but at least one module in design has a timescale.
WARNING: [XSIM 43-4099] "C:/Users/bless/Downloads/BoooC CNN-Accelerator-Based-on-Eyeriss-v2 master FPGA_design-src/PE_Cluster/PE/PE_data_FIFO.v" Line 9. Module PE_data_FIFO(DATA_IN_WIDTH=7) doesn't have a timescale but at least one module in design has a timescale.
WARNING: [XSIM 43-4099] "C:/Users/bless/Downloads/BoooC CNN-Accelerator-Based-on-Eyeriss-v2 master FPGA_design-src/PE_Cluster/PE/PE_data_FIFO.v" Line 9. Module PE_data_FIFO(DATA_IN_WIDTH=12) doesn't have a timescale but at least one module in design has a timescale.
WARNING: [XSIM 43-4099] "C:/Users/bless/Downloads/BoooC CNN-Accelerator-Based-on-Eyeriss-v2 master FPGA_design-src/PE_Cluster/PE/PE_psum_FIFO.v" Line 11. Module PE_psum_FIFO doesn't have a timescale but at least one module in design has a timescale.
WARNING: [XSIM 43-4099] "C:/Users/bless/Downloads/BoooC CNN-Accelerator-Based-on-Eyeriss-v2 master FPGA_design-src/PE_Cluster/PE/PE_psum_FIFO.v" Line 11. Module PE_psum_FIFO doesn't have a timescale but at least one module in design has a timescale.
WARNING: [XSIM 43-4099] "C:/Users/bless/Downloads/BoooC CNN-Accelerator-Based-on-Eyeriss-v2 master FPGA_design-src/PE_Cluster/PE/Processing_Element.v" Line 9. Module ProcessingElement doesn't have a timescale but at least one module in design has a timescale.
WARNING: [XSIM 43-4099] "C:/Users/bless/Downloads/BoooC CNN-Accelerator-Based-on-Eyeriss-v2 master FPGA_design-src/PE_Cluster/PE/Processing_Element_Controller.v" Line 8. Module Processing_Element_Controller doesn't have a timescale but at least one module in design has a timescale.
WARNING: [XSIM 43-4099] "C:/Users/bless/Downloads/BoooC CNN-Accelerator-Based-on-Eyeriss-v2 master FPGA_design-src/PE_Cluster/PE/Processing_Element_core.v" Line 11. Module Processing_Element_core doesn't have a timescale but at least one module in design has a timescale.
WARNING: [XSIM 43-4099] "C:/Users/bless/Downloads/BoooC CNN-Accelerator-Based-on-Eyeriss-v2 master FPGA_design-src/PE_Cluster/PE/SPad/Psum_Spad.v" Line 1. Module Psum_Spad doesn't have a timescale but at least one module in design has a timescale.
WARNING: [XSIM 43-4099] "C:/Users/bless/Downloads/BoooC CNN-Accelerator-Based-on-Eyeriss-v2 master FPGA_design-src/PE_Cluster/PE/SPad/Psum_Spad.v" Line 48. Module Psum_DATA_Spad_BRAM doesn't have a timescale but at least one module in design has a timescale.
WARNING: [XSIM 43-4099] "C:/Users/bless/Downloads/BoooC CNN-Accelerator-Based-on-Eyeriss-v2 master FPGA_design-src/PE_Cluster/PE/SPad/Former_addr_Spad.v" Line 9. Module Former_Address_Spad doesn't have a timescale but at least one module in design has a timescale.
WARNING: [XSIM 43-4099] "C:/Users/bless/Downloads/BoooC CNN-Accelerator-Based-on-Eyeriss-v2 master FPGA_design-src/PE_Cluster/PE/SPad/Former_data_Spad.v" Line 1. Module Former_Data_Spad doesn't have a timescale but at least one module in design has a timescale.
WARNING: [XSIM 43-4099] "C:/Users/bless/Downloads/BoooC CNN-Accelerator-Based-on-Eyeriss-v2 master FPGA_design-src/PE_Cluster/PE/SPad/Former_data_Spad.v" Line 69. Module Iact_DATA_Spad_BRAM doesn't have a timescale but at least one module in design has a timescale.
WARNING: [XSIM 43-4099] "C:/Users/bless/Downloads/BoooC CNN-Accelerator-Based-on-Eyeriss-v2 master FPGA_design-src/PE_Cluster/PE/SPad/Later_addr_Spad.v" Line 10. Module Later_Address_Spad doesn't have a timescale but at least one module in design has a timescale.
WARNING: [XSIM 43-4099] "C:/Users/bless/Downloads/BoooC CNN-Accelerator-Based-on-Eyeriss-v2 master FPGA_design-src/PE_Cluster/PE/SPad/Later_data_Spad.v" Line 15. Module Later_Data_Spad doesn't have a timescale but at least one module in design has a timescale.
WARNING: [XSIM 43-4099] "C:/Users/bless/Downloads/BoooC CNN-Accelerator-Based-on-Eyeriss-v2 master FPGA_design-src/PE_Cluster/PE/SPad/Later_data_Spad.v" Line 134. Module Weight_DATA_Spad_BRAM doesn't have a timescale but at least one module in design has a timescale.
WARNING: [XSIM 43-4099] "C:/Users/bless/Downloads/BoooC CNN-Accelerator-Based-on-Eyeriss-v2 master FPGA_design-src/PE_Cluster/PE/PE_data_FIFO.v" Line 9. Module PE_data_FIFO(DATA_IN_WIDTH=8) doesn't have a timescale but at least one module in design has a timescale.
WARNING: [XSIM 43-4099] "C:/Users/bless/Downloads/BoooC CNN-Accelerator-Based-on-Eyeriss-v2 master FPGA_design-src/PE_Cluster/PE/PE_data_FIFO.v" Line 9. Module PE_data_FIFO(DATA_IN_WIDTH=13) doesn't have a timescale but at least one module in design has a timescale.
WARNING: [XSIM 43-4099] "C:/Users/bless/Downloads/BoooC CNN-Accelerator-Based-on-Eyeriss-v2 master FPGA_design-src/PE_Cluster/PE/PE_data_FIFO.v" Line 9. Module PE_data_FIFO(DATA_IN_WIDTH=7) doesn't have a timescale but at least one module in design has a timescale.
WARNING: [XSIM 43-4099] "C:/Users/bless/Downloads/BoooC CNN-Accelerator-Based-on-Eyeriss-v2 master FPGA_design-src/PE_Cluster/PE/PE_data_FIFO.v" Line 9. Module PE_data_FIFO(DATA_IN_WIDTH=12) doesn't have a timescale but at least one module in design has a timescale.
WARNING: [XSIM 43-4099] "C:/Users/bless/Downloads/BoooC CNN-Accelerator-Based-on-Eyeriss-v2 master FPGA_design-src/PE_Cluster/PE/PE_psum_FIFO.v" Line 11. Module PE_psum_FIFO doesn't have a timescale but at least one module in design has a timescale.
WARNING: [XSIM 43-4099] "C:/Users/bless/Downloads/BoooC CNN-Accelerator-Based-on-Eyeriss-v2 master FPGA_design-src/PE_Cluster/PE/PE_psum_FIFO.v" Line 11. Module PE_psum_FIFO doesn't have a timescale but at least one module in design has a timescale.
WARNING: [XSIM 43-4099] "C:/Users/bless/Downloads/BoooC CNN-Accelerator-Based-on-Eyeriss-v2 master FPGA_design-src/PE_Cluster/PE/Processing_Element.v" Line 9. Module ProcessingElement doesn't have a timescale but at least one module in design has a timescale.
WARNING: [XSIM 43-4099] "C:/Users/bless/Downloads/BoooC CNN-Accelerator-Based-on-Eyeriss-v2 master FPGA_design-src/PE_Cluster/PE/Processing_Element_Controller.v" Line 8. Module Processing_Element_Controller doesn't have a timescale but at least one module in design has a timescale.
WARNING: [XSIM 43-4099] "C:/Users/bless/Downloads/BoooC CNN-Accelerator-Based-on-Eyeriss-v2 master FPGA_design-src/PE_Cluster/PE/Processing_Element_core.v" Line 11. Module Processing_Element_core doesn't have a timescale but at least one module in design has a timescale.
WARNING: [XSIM 43-4099] "C:/Users/bless/Downloads/BoooC CNN-Accelerator-Based-on-Eyeriss-v2 master FPGA_design-src/PE_Cluster/PE/SPad/Psum_Spad.v" Line 1. Module Psum_Spad doesn't have a timescale but at least one module in design has a timescale.
WARNING: [XSIM 43-4099] "C:/Users/bless/Downloads/BoooC CNN-Accelerator-Based-on-Eyeriss-v2 master FPGA_design-src/PE_Cluster/PE/SPad/Psum_Spad.v" Line 48. Module Psum_DATA_Spad_BRAM doesn't have a timescale but at least one module in design has a timescale.
WARNING: [XSIM 43-4099] "C:/Users/bless/Downloads/BoooC CNN-Accelerator-Based-on-Eyeriss-v2 master FPGA_design-src/PE_Cluster/PE/SPad/Former_addr_Spad.v" Line 9. Module Former_Address_Spad doesn't have a timescale but at least one module in design has a timescale.
WARNING: [XSIM 43-4099] "C:/Users/bless/Downloads/BoooC CNN-Accelerator-Based-on-Eyeriss-v2 master FPGA_design-src/PE_Cluster/PE/SPad/Former_data_Spad.v" Line 1. Module Former_Data_Spad doesn't have a timescale but at least one module in design has a timescale.
WARNING: [XSIM 43-4099] "C:/Users/bless/Downloads/BoooC CNN-Accelerator-Based-on-Eyeriss-v2 master FPGA_design-src/PE_Cluster/PE/SPad/Former_data_Spad.v" Line 69. Module Iact_DATA_Spad_BRAM doesn't have a timescale but at least one module in design has a timescale.
WARNING: [XSIM 43-4099] "C:/Users/bless/Downloads/BoooC CNN-Accelerator-Based-on-Eyeriss-v2 master FPGA_design-src/PE_Cluster/PE/SPad/Later_addr_Spad.v" Line 10. Module Later_Address_Spad doesn't have a timescale but at least one module in design has a timescale.
WARNING: [XSIM 43-4099] "C:/Users/bless/Downloads/BoooC CNN-Accelerator-Based-on-Eyeriss-v2 master FPGA_design-src/PE_Cluster/PE/SPad/Later_data_Spad.v" Line 15. Module Later_Data_Spad doesn't have a timescale but at least one module in design has a timescale.
WARNING: [XSIM 43-4099] "C:/Users/bless/Downloads/BoooC CNN-Accelerator-Based-on-Eyeriss-v2 master FPGA_design-src/PE_Cluster/PE/SPad/Later_data_Spad.v" Line 134. Module Weight_DATA_Spad_BRAM doesn't have a timescale but at least one module in design has a timescale.
WARNING: [XSIM 43-4099] "C:/Users/bless/Downloads/BoooC CNN-Accelerator-Based-on-Eyeriss-v2 master FPGA_design-src/PE_Cluster/PE/PE_data_FIFO.v" Line 9. Module PE_data_FIFO(DATA_IN_WIDTH=8) doesn't have a timescale but at least one module in design has a timescale.
WARNING: [XSIM 43-4099] "C:/Users/bless/Downloads/BoooC CNN-Accelerator-Based-on-Eyeriss-v2 master FPGA_design-src/PE_Cluster/PE/PE_data_FIFO.v" Line 9. Module PE_data_FIFO(DATA_IN_WIDTH=13) doesn't have a timescale but at least one module in design has a timescale.
WARNING: [XSIM 43-4099] "C:/Users/bless/Downloads/BoooC CNN-Accelerator-Based-on-Eyeriss-v2 master FPGA_design-src/PE_Cluster/PE/PE_data_FIFO.v" Line 9. Module PE_data_FIFO(DATA_IN_WIDTH=7) doesn't have a timescale but at least one module in design has a timescale.
WARNING: [XSIM 43-4099] "C:/Users/bless/Downloads/BoooC CNN-Accelerator-Based-on-Eyeriss-v2 master FPGA_design-src/PE_Cluster/PE/PE_data_FIFO.v" Line 9. Module PE_data_FIFO(DATA_IN_WIDTH=12) doesn't have a timescale but at least one module in design has a timescale.
WARNING: [XSIM 43-4099] "C:/Users/bless/Downloads/BoooC CNN-Accelerator-Based-on-Eyeriss-v2 master FPGA_design-src/PE_Cluster/PE/PE_psum_FIFO.v" Line 11. Module PE_psum_FIFO doesn't have a timescale but at least one module in design has a timescale.
WARNING: [XSIM 43-4099] "C:/Users/bless/Downloads/BoooC CNN-Accelerator-Based-on-Eyeriss-v2 master FPGA_design-src/PE_Cluster/PE/PE_psum_FIFO.v" Line 11. Module PE_psum_FIFO doesn't have a timescale but at least one module in design has a timescale.
WARNING: [XSIM 43-4099] "C:/Users/bless/Downloads/BoooC CNN-Accelerator-Based-on-Eyeriss-v2 master FPGA_design-src/PE_Cluster/PE/Processing_Element.v" Line 9. Module ProcessingElement doesn't have a timescale but at least one module in design has a timescale.
WARNING: [XSIM 43-4099] "C:/Users/bless/Downloads/BoooC CNN-Accelerator-Based-on-Eyeriss-v2 master FPGA_design-src/PE_Cluster/PE/Processing_Element_Controller.v" Line 8. Module Processing_Element_Controller doesn't have a timescale but at least one module in design has a timescale.
WARNING: [XSIM 43-4099] "C:/Users/bless/Downloads/BoooC CNN-Accelerator-Based-on-Eyeriss-v2 master FPGA_design-src/PE_Cluster/PE/Processing_Element_core.v" Line 11. Module Processing_Element_core doesn't have a timescale but at least one module in design has a timescale.
WARNING: [XSIM 43-4099] "C:/Users/bless/Downloads/BoooC CNN-Accelerator-Based-on-Eyeriss-v2 master FPGA_design-src/PE_Cluster/PE/SPad/Psum_Spad.v" Line 1. Module Psum_Spad doesn't have a timescale but at least one module in design has a timescale.
WARNING: [XSIM 43-4099] "C:/Users/bless/Downloads/BoooC CNN-Accelerator-Based-on-Eyeriss-v2 master FPGA_design-src/PE_Cluster/PE/SPad/Psum_Spad.v" Line 48. Module Psum_DATA_Spad_BRAM doesn't have a timescale but at least one module in design has a timescale.
WARNING: [XSIM 43-4099] "C:/Users/bless/Downloads/BoooC CNN-Accelerator-Based-on-Eyeriss-v2 master FPGA_design-src/PE_Cluster/PE/SPad/Former_addr_Spad.v" Line 9. Module Former_Address_Spad doesn't have a timescale but at least one module in design has a timescale.
WARNING: [XSIM 43-4099] "C:/Users/bless/Downloads/BoooC CNN-Accelerator-Based-on-Eyeriss-v2 master FPGA_design-src/PE_Cluster/PE/SPad/Former_data_Spad.v" Line 1. Module Former_Data_Spad doesn't have a timescale but at least one module in design has a timescale.
WARNING: [XSIM 43-4099] "C:/Users/bless/Downloads/BoooC CNN-Accelerator-Based-on-Eyeriss-v2 master FPGA_design-src/PE_Cluster/PE/SPad/Former_data_Spad.v" Line 69. Module Iact_DATA_Spad_BRAM doesn't have a timescale but at least one module in design has a timescale.
WARNING: [XSIM 43-4099] "C:/Users/bless/Downloads/BoooC CNN-Accelerator-Based-on-Eyeriss-v2 master FPGA_design-src/PE_Cluster/PE/SPad/Later_addr_Spad.v" Line 10. Module Later_Address_Spad doesn't have a timescale but at least one module in design has a timescale.
WARNING: [XSIM 43-4099] "C:/Users/bless/Downloads/BoooC CNN-Accelerator-Based-on-Eyeriss-v2 master FPGA_design-src/PE_Cluster/PE/SPad/Later_data_Spad.v" Line 15. Module Later_Data_Spad doesn't have a timescale but at least one module in design has a timescale.
WARNING: [XSIM 43-4099] "C:/Users/bless/Downloads/BoooC CNN-Accelerator-Based-on-Eyeriss-v2 master FPGA_design-src/PE_Cluster/PE/SPad/Later_data_Spad.v" Line 134. Module Weight_DATA_Spad_BRAM doesn't have a timescale but at least one module in design has a timescale.
WARNING: [XSIM 43-4099] "C:/Users/bless/Downloads/BoooC CNN-Accelerator-Based-on-Eyeriss-v2 master FPGA_design-src/PE_Cluster/PE/PE_data_FIFO.v" Line 9. Module PE_data_FIFO(DATA_IN_WIDTH=8) doesn't have a timescale but at least one module in design has a timescale.
WARNING: [XSIM 43-4099] "C:/Users/bless/Downloads/BoooC CNN-Accelerator-Based-on-Eyeriss-v2 master FPGA_design-src/PE_Cluster/PE/PE_data_FIFO.v" Line 9. Module PE_data_FIFO(DATA_IN_WIDTH=13) doesn't have a timescale but at least one module in design has a timescale.
WARNING: [XSIM 43-4099] "C:/Users/bless/Downloads/BoooC CNN-Accelerator-Based-on-Eyeriss-v2 master FPGA_design-src/PE_Cluster/PE/PE_data_FIFO.v" Line 9. Module PE_data_FIFO(DATA_IN_WIDTH=7) doesn't have a timescale but at least one module in design has a timescale.
WARNING: [XSIM 43-4099] "C:/Users/bless/Downloads/BoooC CNN-Accelerator-Based-on-Eyeriss-v2 master FPGA_design-src/PE_Cluster/PE/PE_data_FIFO.v" Line 9. Module PE_data_FIFO(DATA_IN_WIDTH=12) doesn't have a timescale but at least one module in design has a timescale.
WARNING: [XSIM 43-4099] "C:/Users/bless/Downloads/BoooC CNN-Accelerator-Based-on-Eyeriss-v2 master FPGA_design-src/PE_Cluster/PE/PE_psum_FIFO.v" Line 11. Module PE_psum_FIFO doesn't have a timescale but at least one module in design has a timescale.
WARNING: [XSIM 43-4099] "C:/Users/bless/Downloads/BoooC CNN-Accelerator-Based-on-Eyeriss-v2 master FPGA_design-src/PE_Cluster/PE/PE_psum_FIFO.v" Line 11. Module PE_psum_FIFO doesn't have a timescale but at least one module in design has a timescale.
WARNING: [XSIM 43-4099] "C:/Users/bless/Downloads/BoooC CNN-Accelerator-Based-on-Eyeriss-v2 master FPGA_design-src/PE_Cluster/PE/Processing_Element.v" Line 9. Module ProcessingElement doesn't have a timescale but at least one module in design has a timescale.
WARNING: [XSIM 43-4099] "C:/Users/bless/Downloads/BoooC CNN-Accelerator-Based-on-Eyeriss-v2 master FPGA_design-src/PE_Cluster/PE/Processing_Element_Controller.v" Line 8. Module Processing_Element_Controller doesn't have a timescale but at least one module in design has a timescale.
WARNING: [XSIM 43-4099] "C:/Users/bless/Downloads/BoooC CNN-Accelerator-Based-on-Eyeriss-v2 master FPGA_design-src/PE_Cluster/PE/Processing_Element_core.v" Line 11. Module Processing_Element_core doesn't have a timescale but at least one module in design has a timescale.
WARNING: [XSIM 43-4099] "C:/Users/bless/Downloads/BoooC CNN-Accelerator-Based-on-Eyeriss-v2 master FPGA_design-src/PE_Cluster/PE/SPad/Psum_Spad.v" Line 1. Module Psum_Spad doesn't have a timescale but at least one module in design has a timescale.
WARNING: [XSIM 43-4099] "C:/Users/bless/Downloads/BoooC CNN-Accelerator-Based-on-Eyeriss-v2 master FPGA_design-src/PE_Cluster/PE/SPad/Psum_Spad.v" Line 48. Module Psum_DATA_Spad_BRAM doesn't have a timescale but at least one module in design has a timescale.
WARNING: [XSIM 43-4099] "C:/Users/bless/Downloads/BoooC CNN-Accelerator-Based-on-Eyeriss-v2 master FPGA_design-src/PE_Cluster/PE/SPad/Former_addr_Spad.v" Line 9. Module Former_Address_Spad doesn't have a timescale but at least one module in design has a timescale.
WARNING: [XSIM 43-4099] "C:/Users/bless/Downloads/BoooC CNN-Accelerator-Based-on-Eyeriss-v2 master FPGA_design-src/PE_Cluster/PE/SPad/Former_data_Spad.v" Line 1. Module Former_Data_Spad doesn't have a timescale but at least one module in design has a timescale.
WARNING: [XSIM 43-4099] "C:/Users/bless/Downloads/BoooC CNN-Accelerator-Based-on-Eyeriss-v2 master FPGA_design-src/PE_Cluster/PE/SPad/Former_data_Spad.v" Line 69. Module Iact_DATA_Spad_BRAM doesn't have a timescale but at least one module in design has a timescale.
WARNING: [XSIM 43-4099] "C:/Users/bless/Downloads/BoooC CNN-Accelerator-Based-on-Eyeriss-v2 master FPGA_design-src/PE_Cluster/PE/SPad/Later_addr_Spad.v" Line 10. Module Later_Address_Spad doesn't have a timescale but at least one module in design has a timescale.
WARNING: [XSIM 43-4099] "C:/Users/bless/Downloads/BoooC CNN-Accelerator-Based-on-Eyeriss-v2 master FPGA_design-src/PE_Cluster/PE/SPad/Later_data_Spad.v" Line 15. Module Later_Data_Spad doesn't have a timescale but at least one module in design has a timescale.
WARNING: [XSIM 43-4099] "C:/Users/bless/Downloads/BoooC CNN-Accelerator-Based-on-Eyeriss-v2 master FPGA_design-src/PE_Cluster/PE/SPad/Later_data_Spad.v" Line 134. Module Weight_DATA_Spad_BRAM doesn't have a timescale but at least one module in design has a timescale.
WARNING: [XSIM 43-4099] "C:/Users/bless/Downloads/BoooC CNN-Accelerator-Based-on-Eyeriss-v2 master FPGA_design-src/PE_Cluster/PE/PE_data_FIFO.v" Line 9. Module PE_data_FIFO(DATA_IN_WIDTH=8) doesn't have a timescale but at least one module in design has a timescale.
WARNING: [XSIM 43-4099] "C:/Users/bless/Downloads/BoooC CNN-Accelerator-Based-on-Eyeriss-v2 master FPGA_design-src/PE_Cluster/PE/PE_data_FIFO.v" Line 9. Module PE_data_FIFO(DATA_IN_WIDTH=13) doesn't have a timescale but at least one module in design has a timescale.
WARNING: [XSIM 43-4099] "C:/Users/bless/Downloads/BoooC CNN-Accelerator-Based-on-Eyeriss-v2 master FPGA_design-src/PE_Cluster/PE/PE_data_FIFO.v" Line 9. Module PE_data_FIFO(DATA_IN_WIDTH=7) doesn't have a timescale but at least one module in design has a timescale.
WARNING: [XSIM 43-4099] "C:/Users/bless/Downloads/BoooC CNN-Accelerator-Based-on-Eyeriss-v2 master FPGA_design-src/PE_Cluster/PE/PE_data_FIFO.v" Line 9. Module PE_data_FIFO(DATA_IN_WIDTH=12) doesn't have a timescale but at least one module in design has a timescale.
WARNING: [XSIM 43-4099] "C:/Users/bless/Downloads/BoooC CNN-Accelerator-Based-on-Eyeriss-v2 master FPGA_design-src/PE_Cluster/PE/PE_psum_FIFO.v" Line 11. Module PE_psum_FIFO doesn't have a timescale but at least one module in design has a timescale.
WARNING: [XSIM 43-4099] "C:/Users/bless/Downloads/BoooC CNN-Accelerator-Based-on-Eyeriss-v2 master FPGA_design-src/PE_Cluster/PE/PE_psum_FIFO.v" Line 11. Module PE_psum_FIFO doesn't have a timescale but at least one module in design has a timescale.
WARNING: [XSIM 43-4099] "C:/Users/bless/Downloads/BoooC CNN-Accelerator-Based-on-Eyeriss-v2 master FPGA_design-src/PE_Cluster/PE/Processing_Element.v" Line 9. Module ProcessingElement doesn't have a timescale but at least one module in design has a timescale.
WARNING: [XSIM 43-4099] "C:/Users/bless/Downloads/BoooC CNN-Accelerator-Based-on-Eyeriss-v2 master FPGA_design-src/PE_Cluster/PE/Processing_Element_Controller.v" Line 8. Module Processing_Element_Controller doesn't have a timescale but at least one module in design has a timescale.
WARNING: [XSIM 43-4099] "C:/Users/bless/Downloads/BoooC CNN-Accelerator-Based-on-Eyeriss-v2 master FPGA_design-src/PE_Cluster/PE/Processing_Element_core.v" Line 11. Module Processing_Element_core doesn't have a timescale but at least one module in design has a timescale.
WARNING: [XSIM 43-4099] "C:/Users/bless/Downloads/BoooC CNN-Accelerator-Based-on-Eyeriss-v2 master FPGA_design-src/PE_Cluster/PE/SPad/Psum_Spad.v" Line 1. Module Psum_Spad doesn't have a timescale but at least one module in design has a timescale.
WARNING: [XSIM 43-4099] "C:/Users/bless/Downloads/BoooC CNN-Accelerator-Based-on-Eyeriss-v2 master FPGA_design-src/PE_Cluster/PE/SPad/Psum_Spad.v" Line 48. Module Psum_DATA_Spad_BRAM doesn't have a timescale but at least one module in design has a timescale.
WARNING: [XSIM 43-4099] "C:/Users/bless/Downloads/BoooC CNN-Accelerator-Based-on-Eyeriss-v2 master FPGA_design-src/PE_Cluster/PE/SPad/Former_addr_Spad.v" Line 9. Module Former_Address_Spad doesn't have a timescale but at least one module in design has a timescale.
WARNING: [XSIM 43-4099] "C:/Users/bless/Downloads/BoooC CNN-Accelerator-Based-on-Eyeriss-v2 master FPGA_design-src/PE_Cluster/PE/SPad/Former_data_Spad.v" Line 1. Module Former_Data_Spad doesn't have a timescale but at least one module in design has a timescale.
WARNING: [XSIM 43-4099] "C:/Users/bless/Downloads/BoooC CNN-Accelerator-Based-on-Eyeriss-v2 master FPGA_design-src/PE_Cluster/PE/SPad/Former_data_Spad.v" Line 69. Module Iact_DATA_Spad_BRAM doesn't have a timescale but at least one module in design has a timescale.
WARNING: [XSIM 43-4099] "C:/Users/bless/Downloads/BoooC CNN-Accelerator-Based-on-Eyeriss-v2 master FPGA_design-src/PE_Cluster/PE/SPad/Later_addr_Spad.v" Line 10. Module Later_Address_Spad doesn't have a timescale but at least one module in design has a timescale.
WARNING: [XSIM 43-4099] "C:/Users/bless/Downloads/BoooC CNN-Accelerator-Based-on-Eyeriss-v2 master FPGA_design-src/PE_Cluster/PE/SPad/Later_data_Spad.v" Line 15. Module Later_Data_Spad doesn't have a timescale but at least one module in design has a timescale.
WARNING: [XSIM 43-4099] "C:/Users/bless/Downloads/BoooC CNN-Accelerator-Based-on-Eyeriss-v2 master FPGA_design-src/PE_Cluster/PE/SPad/Later_data_Spad.v" Line 134. Module Weight_DATA_Spad_BRAM doesn't have a timescale but at least one module in design has a timescale.
WARNING: [XSIM 43-4099] "C:/Users/bless/Downloads/BoooC CNN-Accelerator-Based-on-Eyeriss-v2 master FPGA_design-src/PE_Cluster/PE/PE_data_FIFO.v" Line 9. Module PE_data_FIFO(DATA_IN_WIDTH=8) doesn't have a timescale but at least one module in design has a timescale.
WARNING: [XSIM 43-4099] "C:/Users/bless/Downloads/BoooC CNN-Accelerator-Based-on-Eyeriss-v2 master FPGA_design-src/PE_Cluster/PE/PE_data_FIFO.v" Line 9. Module PE_data_FIFO(DATA_IN_WIDTH=13) doesn't have a timescale but at least one module in design has a timescale.
WARNING: [XSIM 43-4099] "C:/Users/bless/Downloads/BoooC CNN-Accelerator-Based-on-Eyeriss-v2 master FPGA_design-src/PE_Cluster/PE/PE_data_FIFO.v" Line 9. Module PE_data_FIFO(DATA_IN_WIDTH=7) doesn't have a timescale but at least one module in design has a timescale.
WARNING: [XSIM 43-4099] "C:/Users/bless/Downloads/BoooC CNN-Accelerator-Based-on-Eyeriss-v2 master FPGA_design-src/PE_Cluster/PE/PE_data_FIFO.v" Line 9. Module PE_data_FIFO(DATA_IN_WIDTH=12) doesn't have a timescale but at least one module in design has a timescale.
WARNING: [XSIM 43-4099] "C:/Users/bless/Downloads/BoooC CNN-Accelerator-Based-on-Eyeriss-v2 master FPGA_design-src/PE_Cluster/PE/PE_psum_FIFO.v" Line 11. Module PE_psum_FIFO doesn't have a timescale but at least one module in design has a timescale.
WARNING: [XSIM 43-4099] "C:/Users/bless/Downloads/BoooC CNN-Accelerator-Based-on-Eyeriss-v2 master FPGA_design-src/PE_Cluster/PE/PE_psum_FIFO.v" Line 11. Module PE_psum_FIFO doesn't have a timescale but at least one module in design has a timescale.
WARNING: [XSIM 43-4099] "C:/Users/bless/Downloads/BoooC CNN-Accelerator-Based-on-Eyeriss-v2 master FPGA_design-src/PE_Cluster/PE/Processing_Element.v" Line 9. Module ProcessingElement doesn't have a timescale but at least one module in design has a timescale.
WARNING: [XSIM 43-4099] "C:/Users/bless/Downloads/BoooC CNN-Accelerator-Based-on-Eyeriss-v2 master FPGA_design-src/PE_Cluster/PE/Processing_Element_Controller.v" Line 8. Module Processing_Element_Controller doesn't have a timescale but at least one module in design has a timescale.
WARNING: [XSIM 43-4099] "C:/Users/bless/Downloads/BoooC CNN-Accelerator-Based-on-Eyeriss-v2 master FPGA_design-src/PE_Cluster/PE/Processing_Element_core.v" Line 11. Module Processing_Element_core doesn't have a timescale but at least one module in design has a timescale.
WARNING: [XSIM 43-4099] "C:/Users/bless/Downloads/BoooC CNN-Accelerator-Based-on-Eyeriss-v2 master FPGA_design-src/PE_Cluster/PE/SPad/Psum_Spad.v" Line 1. Module Psum_Spad doesn't have a timescale but at least one module in design has a timescale.
WARNING: [XSIM 43-4099] "C:/Users/bless/Downloads/BoooC CNN-Accelerator-Based-on-Eyeriss-v2 master FPGA_design-src/PE_Cluster/PE/SPad/Psum_Spad.v" Line 48. Module Psum_DATA_Spad_BRAM doesn't have a timescale but at least one module in design has a timescale.
WARNING: [XSIM 43-4099] "C:/Users/bless/Downloads/BoooC CNN-Accelerator-Based-on-Eyeriss-v2 master FPGA_design-src/PE_Cluster/PE/SPad/Former_addr_Spad.v" Line 9. Module Former_Address_Spad doesn't have a timescale but at least one module in design has a timescale.
WARNING: [XSIM 43-4099] "C:/Users/bless/Downloads/BoooC CNN-Accelerator-Based-on-Eyeriss-v2 master FPGA_design-src/PE_Cluster/PE/SPad/Former_data_Spad.v" Line 1. Module Former_Data_Spad doesn't have a timescale but at least one module in design has a timescale.
WARNING: [XSIM 43-4099] "C:/Users/bless/Downloads/BoooC CNN-Accelerator-Based-on-Eyeriss-v2 master FPGA_design-src/PE_Cluster/PE/SPad/Former_data_Spad.v" Line 69. Module Iact_DATA_Spad_BRAM doesn't have a timescale but at least one module in design has a timescale.
WARNING: [XSIM 43-4099] "C:/Users/bless/Downloads/BoooC CNN-Accelerator-Based-on-Eyeriss-v2 master FPGA_design-src/PE_Cluster/PE/SPad/Later_addr_Spad.v" Line 10. Module Later_Address_Spad doesn't have a timescale but at least one module in design has a timescale.
WARNING: [XSIM 43-4099] "C:/Users/bless/Downloads/BoooC CNN-Accelerator-Based-on-Eyeriss-v2 master FPGA_design-src/PE_Cluster/PE/SPad/Later_data_Spad.v" Line 15. Module Later_Data_Spad doesn't have a timescale but at least one module in design has a timescale.
WARNING: [XSIM 43-4099] "C:/Users/bless/Downloads/BoooC CNN-Accelerator-Based-on-Eyeriss-v2 master FPGA_design-src/PE_Cluster/PE/SPad/Later_data_Spad.v" Line 134. Module Weight_DATA_Spad_BRAM doesn't have a timescale but at least one module in design has a timescale.
WARNING: [XSIM 43-4099] "C:/Users/bless/Downloads/BoooC CNN-Accelerator-Based-on-Eyeriss-v2 master FPGA_design-src/PE_Cluster/PE/PE_data_FIFO.v" Line 9. Module PE_data_FIFO(DATA_IN_WIDTH=8) doesn't have a timescale but at least one module in design has a timescale.
WARNING: [XSIM 43-4099] "C:/Users/bless/Downloads/BoooC CNN-Accelerator-Based-on-Eyeriss-v2 master FPGA_design-src/PE_Cluster/PE/PE_data_FIFO.v" Line 9. Module PE_data_FIFO(DATA_IN_WIDTH=13) doesn't have a timescale but at least one module in design has a timescale.
WARNING: [XSIM 43-4099] "C:/Users/bless/Downloads/BoooC CNN-Accelerator-Based-on-Eyeriss-v2 master FPGA_design-src/PE_Cluster/PE/PE_data_FIFO.v" Line 9. Module PE_data_FIFO(DATA_IN_WIDTH=7) doesn't have a timescale but at least one module in design has a timescale.
WARNING: [XSIM 43-4099] "C:/Users/bless/Downloads/BoooC CNN-Accelerator-Based-on-Eyeriss-v2 master FPGA_design-src/PE_Cluster/PE/PE_data_FIFO.v" Line 9. Module PE_data_FIFO(DATA_IN_WIDTH=12) doesn't have a timescale but at least one module in design has a timescale.
WARNING: [XSIM 43-4099] "C:/Users/bless/Downloads/BoooC CNN-Accelerator-Based-on-Eyeriss-v2 master FPGA_design-src/PE_Cluster/PE/PE_psum_FIFO.v" Line 11. Module PE_psum_FIFO doesn't have a timescale but at least one module in design has a timescale.
WARNING: [XSIM 43-4099] "C:/Users/bless/Downloads/BoooC CNN-Accelerator-Based-on-Eyeriss-v2 master FPGA_design-src/PE_Cluster/PE/PE_psum_FIFO.v" Line 11. Module PE_psum_FIFO doesn't have a timescale but at least one module in design has a timescale.
WARNING: [XSIM 43-4099] "C:/Users/bless/Downloads/BoooC CNN-Accelerator-Based-on-Eyeriss-v2 master FPGA_design-src/PE_Cluster/PE_Cluster_controller.v" Line 9. Module PE_Cluster_controller doesn't have a timescale but at least one module in design has a timescale.
WARNING: [XSIM 43-4099] "C:/Users/bless/Downloads/BoooC CNN-Accelerator-Based-on-Eyeriss-v2 master FPGA_design-src/PE_Cluster/PE_Cluster_Data_Connections.v" Line 10. Module PE_Cluster_Connection doesn't have a timescale but at least one module in design has a timescale.
WARNING: [XSIM 43-4099] "C:/Users/bless/Downloads/BoooC CNN-Accelerator-Based-on-Eyeriss-v2 master FPGA_design-src/GLB_Cluster/GLB_Cluster.v" Line 14. Module GLB_Cluster doesn't have a timescale but at least one module in design has a timescale.
WARNING: [XSIM 43-4099] "C:/Users/bless/Downloads/BoooC CNN-Accelerator-Based-on-Eyeriss-v2 master FPGA_design-src/GLB_Cluster/Iact_SRAM_Bank.v" Line 9. Module Iact_SRAM_Bank doesn't have a timescale but at least one module in design has a timescale.
WARNING: [XSIM 43-4099] "C:/Users/bless/Downloads/BoooC CNN-Accelerator-Based-on-Eyeriss-v2 master FPGA_design-src/GLB_Cluster/Iact_addr_SRAM.v" Line 12. Module iact_addr_SRAM doesn't have a timescale but at least one module in design has a timescale.
WARNING: [XSIM 43-4099] "C:/Users/bless/Downloads/BoooC CNN-Accelerator-Based-on-Eyeriss-v2 master FPGA_design-src/GLB_Cluster/Iact_addr_SRAM.v" Line 218. Module Iact_Addr_SRAM_BRAM doesn't have a timescale but at least one module in design has a timescale.
WARNING: [XSIM 43-4099] "C:/Users/bless/Downloads/BoooC CNN-Accelerator-Based-on-Eyeriss-v2 master FPGA_design-src/GLB_Cluster/Iact_data_SRAM.v" Line 1. Module lact_data_SRAM doesn't have a timescale but at least one module in design has a timescale.
WARNING: [XSIM 43-4099] "C:/Users/bless/Downloads/BoooC CNN-Accelerator-Based-on-Eyeriss-v2 master FPGA_design-src/PE_Cluster/PE/SPad/Psum_Spad.v" Line 129. Module Iact_Data_SRAM_BRAM doesn't have a timescale but at least one module in design has a timescale.
WARNING: [XSIM 43-4099] "C:/Users/bless/Downloads/BoooC CNN-Accelerator-Based-on-Eyeriss-v2 master FPGA_design-src/GLB_Cluster/Iact_SRAM_Bank.v" Line 9. Module Iact_SRAM_Bank doesn't have a timescale but at least one module in design has a timescale.
WARNING: [XSIM 43-4099] "C:/Users/bless/Downloads/BoooC CNN-Accelerator-Based-on-Eyeriss-v2 master FPGA_design-src/GLB_Cluster/Iact_addr_SRAM.v" Line 12. Module iact_addr_SRAM doesn't have a timescale but at least one module in design has a timescale.
WARNING: [XSIM 43-4099] "C:/Users/bless/Downloads/BoooC CNN-Accelerator-Based-on-Eyeriss-v2 master FPGA_design-src/GLB_Cluster/Iact_addr_SRAM.v" Line 218. Module Iact_Addr_SRAM_BRAM doesn't have a timescale but at least one module in design has a timescale.
WARNING: [XSIM 43-4099] "C:/Users/bless/Downloads/BoooC CNN-Accelerator-Based-on-Eyeriss-v2 master FPGA_design-src/GLB_Cluster/Iact_data_SRAM.v" Line 1. Module lact_data_SRAM doesn't have a timescale but at least one module in design has a timescale.
WARNING: [XSIM 43-4099] "C:/Users/bless/Downloads/BoooC CNN-Accelerator-Based-on-Eyeriss-v2 master FPGA_design-src/PE_Cluster/PE/SPad/Psum_Spad.v" Line 129. Module Iact_Data_SRAM_BRAM doesn't have a timescale but at least one module in design has a timescale.
WARNING: [XSIM 43-4099] "C:/Users/bless/Downloads/BoooC CNN-Accelerator-Based-on-Eyeriss-v2 master FPGA_design-src/GLB_Cluster/Iact_SRAM_Bank.v" Line 9. Module Iact_SRAM_Bank doesn't have a timescale but at least one module in design has a timescale.
WARNING: [XSIM 43-4099] "C:/Users/bless/Downloads/BoooC CNN-Accelerator-Based-on-Eyeriss-v2 master FPGA_design-src/GLB_Cluster/Iact_addr_SRAM.v" Line 12. Module iact_addr_SRAM doesn't have a timescale but at least one module in design has a timescale.
WARNING: [XSIM 43-4099] "C:/Users/bless/Downloads/BoooC CNN-Accelerator-Based-on-Eyeriss-v2 master FPGA_design-src/GLB_Cluster/Iact_addr_SRAM.v" Line 218. Module Iact_Addr_SRAM_BRAM doesn't have a timescale but at least one module in design has a timescale.
WARNING: [XSIM 43-4099] "C:/Users/bless/Downloads/BoooC CNN-Accelerator-Based-on-Eyeriss-v2 master FPGA_design-src/GLB_Cluster/Iact_data_SRAM.v" Line 1. Module lact_data_SRAM doesn't have a timescale but at least one module in design has a timescale.
WARNING: [XSIM 43-4099] "C:/Users/bless/Downloads/BoooC CNN-Accelerator-Based-on-Eyeriss-v2 master FPGA_design-src/PE_Cluster/PE/SPad/Psum_Spad.v" Line 129. Module Iact_Data_SRAM_BRAM doesn't have a timescale but at least one module in design has a timescale.
WARNING: [XSIM 43-4099] "C:/Users/bless/Downloads/BoooC CNN-Accelerator-Based-on-Eyeriss-v2 master FPGA_design-src/GLB_Cluster/Iact_SRAM_Bank.v" Line 9. Module Iact_SRAM_Bank doesn't have a timescale but at least one module in design has a timescale.
WARNING: [XSIM 43-4099] "C:/Users/bless/Downloads/BoooC CNN-Accelerator-Based-on-Eyeriss-v2 master FPGA_design-src/GLB_Cluster/Iact_addr_SRAM.v" Line 12. Module iact_addr_SRAM doesn't have a timescale but at least one module in design has a timescale.
WARNING: [XSIM 43-4099] "C:/Users/bless/Downloads/BoooC CNN-Accelerator-Based-on-Eyeriss-v2 master FPGA_design-src/GLB_Cluster/Iact_addr_SRAM.v" Line 218. Module Iact_Addr_SRAM_BRAM doesn't have a timescale but at least one module in design has a timescale.
WARNING: [XSIM 43-4099] "C:/Users/bless/Downloads/BoooC CNN-Accelerator-Based-on-Eyeriss-v2 master FPGA_design-src/GLB_Cluster/Iact_data_SRAM.v" Line 1. Module lact_data_SRAM doesn't have a timescale but at least one module in design has a timescale.
WARNING: [XSIM 43-4099] "C:/Users/bless/Downloads/BoooC CNN-Accelerator-Based-on-Eyeriss-v2 master FPGA_design-src/PE_Cluster/PE/SPad/Psum_Spad.v" Line 129. Module Iact_Data_SRAM_BRAM doesn't have a timescale but at least one module in design has a timescale.
WARNING: [XSIM 43-4099] "C:/Users/bless/Downloads/BoooC CNN-Accelerator-Based-on-Eyeriss-v2 master FPGA_design-src/GLB_Cluster/Iact_SRAM_Bank.v" Line 9. Module Iact_SRAM_Bank doesn't have a timescale but at least one module in design has a timescale.
WARNING: [XSIM 43-4099] "C:/Users/bless/Downloads/BoooC CNN-Accelerator-Based-on-Eyeriss-v2 master FPGA_design-src/GLB_Cluster/Iact_addr_SRAM.v" Line 12. Module iact_addr_SRAM doesn't have a timescale but at least one module in design has a timescale.
WARNING: [XSIM 43-4099] "C:/Users/bless/Downloads/BoooC CNN-Accelerator-Based-on-Eyeriss-v2 master FPGA_design-src/GLB_Cluster/Iact_addr_SRAM.v" Line 218. Module Iact_Addr_SRAM_BRAM doesn't have a timescale but at least one module in design has a timescale.
WARNING: [XSIM 43-4099] "C:/Users/bless/Downloads/BoooC CNN-Accelerator-Based-on-Eyeriss-v2 master FPGA_design-src/GLB_Cluster/Iact_data_SRAM.v" Line 1. Module lact_data_SRAM doesn't have a timescale but at least one module in design has a timescale.
WARNING: [XSIM 43-4099] "C:/Users/bless/Downloads/BoooC CNN-Accelerator-Based-on-Eyeriss-v2 master FPGA_design-src/PE_Cluster/PE/SPad/Psum_Spad.v" Line 129. Module Iact_Data_SRAM_BRAM doesn't have a timescale but at least one module in design has a timescale.
WARNING: [XSIM 43-4099] "C:/Users/bless/Downloads/BoooC CNN-Accelerator-Based-on-Eyeriss-v2 master FPGA_design-src/GLB_Cluster/Iact_SRAM_Bank.v" Line 9. Module Iact_SRAM_Bank doesn't have a timescale but at least one module in design has a timescale.
WARNING: [XSIM 43-4099] "C:/Users/bless/Downloads/BoooC CNN-Accelerator-Based-on-Eyeriss-v2 master FPGA_design-src/GLB_Cluster/Iact_addr_SRAM.v" Line 12. Module iact_addr_SRAM doesn't have a timescale but at least one module in design has a timescale.
WARNING: [XSIM 43-4099] "C:/Users/bless/Downloads/BoooC CNN-Accelerator-Based-on-Eyeriss-v2 master FPGA_design-src/GLB_Cluster/Iact_addr_SRAM.v" Line 218. Module Iact_Addr_SRAM_BRAM doesn't have a timescale but at least one module in design has a timescale.
WARNING: [XSIM 43-4099] "C:/Users/bless/Downloads/BoooC CNN-Accelerator-Based-on-Eyeriss-v2 master FPGA_design-src/GLB_Cluster/Iact_data_SRAM.v" Line 1. Module lact_data_SRAM doesn't have a timescale but at least one module in design has a timescale.
WARNING: [XSIM 43-4099] "C:/Users/bless/Downloads/BoooC CNN-Accelerator-Based-on-Eyeriss-v2 master FPGA_design-src/PE_Cluster/PE/SPad/Psum_Spad.v" Line 129. Module Iact_Data_SRAM_BRAM doesn't have a timescale but at least one module in design has a timescale.
WARNING: [XSIM 43-4099] "C:/Users/bless/Downloads/BoooC CNN-Accelerator-Based-on-Eyeriss-v2 master FPGA_design-src/GLB_Cluster/Iact_SRAM_Bank.v" Line 9. Module Iact_SRAM_Bank doesn't have a timescale but at least one module in design has a timescale.
WARNING: [XSIM 43-4099] "C:/Users/bless/Downloads/BoooC CNN-Accelerator-Based-on-Eyeriss-v2 master FPGA_design-src/GLB_Cluster/Iact_addr_SRAM.v" Line 12. Module iact_addr_SRAM doesn't have a timescale but at least one module in design has a timescale.
WARNING: [XSIM 43-4099] "C:/Users/bless/Downloads/BoooC CNN-Accelerator-Based-on-Eyeriss-v2 master FPGA_design-src/GLB_Cluster/Iact_addr_SRAM.v" Line 218. Module Iact_Addr_SRAM_BRAM doesn't have a timescale but at least one module in design has a timescale.
WARNING: [XSIM 43-4099] "C:/Users/bless/Downloads/BoooC CNN-Accelerator-Based-on-Eyeriss-v2 master FPGA_design-src/GLB_Cluster/Iact_data_SRAM.v" Line 1. Module lact_data_SRAM doesn't have a timescale but at least one module in design has a timescale.
WARNING: [XSIM 43-4099] "C:/Users/bless/Downloads/BoooC CNN-Accelerator-Based-on-Eyeriss-v2 master FPGA_design-src/PE_Cluster/PE/SPad/Psum_Spad.v" Line 129. Module Iact_Data_SRAM_BRAM doesn't have a timescale but at least one module in design has a timescale.
WARNING: [XSIM 43-4099] "C:/Users/bless/Downloads/BoooC CNN-Accelerator-Based-on-Eyeriss-v2 master FPGA_design-src/GLB_Cluster/Iact_SRAM_Bank.v" Line 9. Module Iact_SRAM_Bank doesn't have a timescale but at least one module in design has a timescale.
WARNING: [XSIM 43-4099] "C:/Users/bless/Downloads/BoooC CNN-Accelerator-Based-on-Eyeriss-v2 master FPGA_design-src/GLB_Cluster/Iact_addr_SRAM.v" Line 12. Module iact_addr_SRAM doesn't have a timescale but at least one module in design has a timescale.
WARNING: [XSIM 43-4099] "C:/Users/bless/Downloads/BoooC CNN-Accelerator-Based-on-Eyeriss-v2 master FPGA_design-src/GLB_Cluster/Iact_addr_SRAM.v" Line 218. Module Iact_Addr_SRAM_BRAM doesn't have a timescale but at least one module in design has a timescale.
WARNING: [XSIM 43-4099] "C:/Users/bless/Downloads/BoooC CNN-Accelerator-Based-on-Eyeriss-v2 master FPGA_design-src/GLB_Cluster/Iact_data_SRAM.v" Line 1. Module lact_data_SRAM doesn't have a timescale but at least one module in design has a timescale.
WARNING: [XSIM 43-4099] "C:/Users/bless/Downloads/BoooC CNN-Accelerator-Based-on-Eyeriss-v2 master FPGA_design-src/PE_Cluster/PE/SPad/Psum_Spad.v" Line 129. Module Iact_Data_SRAM_BRAM doesn't have a timescale but at least one module in design has a timescale.
WARNING: [XSIM 43-4099] "C:/Users/bless/Downloads/BoooC CNN-Accelerator-Based-on-Eyeriss-v2 master FPGA_design-src/GLB_Cluster/Iact_SRAM_Bank.v" Line 9. Module Iact_SRAM_Bank doesn't have a timescale but at least one module in design has a timescale.
WARNING: [XSIM 43-4099] "C:/Users/bless/Downloads/BoooC CNN-Accelerator-Based-on-Eyeriss-v2 master FPGA_design-src/GLB_Cluster/Iact_addr_SRAM.v" Line 12. Module iact_addr_SRAM doesn't have a timescale but at least one module in design has a timescale.
WARNING: [XSIM 43-4099] "C:/Users/bless/Downloads/BoooC CNN-Accelerator-Based-on-Eyeriss-v2 master FPGA_design-src/GLB_Cluster/Iact_addr_SRAM.v" Line 218. Module Iact_Addr_SRAM_BRAM doesn't have a timescale but at least one module in design has a timescale.
WARNING: [XSIM 43-4099] "C:/Users/bless/Downloads/BoooC CNN-Accelerator-Based-on-Eyeriss-v2 master FPGA_design-src/GLB_Cluster/Iact_data_SRAM.v" Line 1. Module lact_data_SRAM doesn't have a timescale but at least one module in design has a timescale.
WARNING: [XSIM 43-4099] "C:/Users/bless/Downloads/BoooC CNN-Accelerator-Based-on-Eyeriss-v2 master FPGA_design-src/PE_Cluster/PE/SPad/Psum_Spad.v" Line 129. Module Iact_Data_SRAM_BRAM doesn't have a timescale but at least one module in design has a timescale.
WARNING: [XSIM 43-4099] "C:/Users/bless/Downloads/BoooC CNN-Accelerator-Based-on-Eyeriss-v2 master FPGA_design-src/GLB_Cluster/Psum_SRAM_Bank.v" Line 1. Module Psum_SRAM_Bank doesn't have a timescale but at least one module in design has a timescale.
WARNING: [XSIM 43-4099] "C:/Users/bless/Downloads/BoooC CNN-Accelerator-Based-on-Eyeriss-v2 master FPGA_design-src/GLB_Cluster/Psum_SRAM_Bank.v" Line 73. Module Psum_Data_SRAM_BRAM doesn't have a timescale but at least one module in design has a timescale.
WARNING: [XSIM 43-4099] "C:/Users/bless/Downloads/BoooC CNN-Accelerator-Based-on-Eyeriss-v2 master FPGA_design-src/GLB_Cluster/Psum_SRAM_Bank.v" Line 1. Module Psum_SRAM_Bank doesn't have a timescale but at least one module in design has a timescale.
WARNING: [XSIM 43-4099] "C:/Users/bless/Downloads/BoooC CNN-Accelerator-Based-on-Eyeriss-v2 master FPGA_design-src/GLB_Cluster/Psum_SRAM_Bank.v" Line 73. Module Psum_Data_SRAM_BRAM doesn't have a timescale but at least one module in design has a timescale.
WARNING: [XSIM 43-4099] "C:/Users/bless/Downloads/BoooC CNN-Accelerator-Based-on-Eyeriss-v2 master FPGA_design-src/GLB_Cluster/Psum_SRAM_Bank.v" Line 1. Module Psum_SRAM_Bank doesn't have a timescale but at least one module in design has a timescale.
WARNING: [XSIM 43-4099] "C:/Users/bless/Downloads/BoooC CNN-Accelerator-Based-on-Eyeriss-v2 master FPGA_design-src/GLB_Cluster/Psum_SRAM_Bank.v" Line 73. Module Psum_Data_SRAM_BRAM doesn't have a timescale but at least one module in design has a timescale.
WARNING: [XSIM 43-4099] "C:/Users/bless/Downloads/BoooC CNN-Accelerator-Based-on-Eyeriss-v2 master FPGA_design-src/Router_Cluster/Router_Cluster.v" Line 14. Module Router_Cluster doesn't have a timescale but at least one module in design has a timescale.
WARNING: [XSIM 43-4099] "C:/Users/bless/Downloads/BoooC CNN-Accelerator-Based-on-Eyeriss-v2 master FPGA_design-src/Router_Cluster/Iact_Router.v" Line 22. Module Iact_Router doesn't have a timescale but at least one module in design has a timescale.
WARNING: [XSIM 43-4099] "C:/Users/bless/Downloads/BoooC CNN-Accelerator-Based-on-Eyeriss-v2 master FPGA_design-src/Router_Cluster/Iact_Router.v" Line 22. Module Iact_Router doesn't have a timescale but at least one module in design has a timescale.
WARNING: [XSIM 43-4099] "C:/Users/bless/Downloads/BoooC CNN-Accelerator-Based-on-Eyeriss-v2 master FPGA_design-src/Router_Cluster/Iact_Router.v" Line 22. Module Iact_Router doesn't have a timescale but at least one module in design has a timescale.
WARNING: [XSIM 43-4099] "C:/Users/bless/Downloads/BoooC CNN-Accelerator-Based-on-Eyeriss-v2 master FPGA_design-src/Router_Cluster/Iact_Router.v" Line 22. Module Iact_Router doesn't have a timescale but at least one module in design has a timescale.
WARNING: [XSIM 43-4099] "C:/Users/bless/Downloads/BoooC CNN-Accelerator-Based-on-Eyeriss-v2 master FPGA_design-src/Router_Cluster/Iact_Router.v" Line 22. Module Iact_Router doesn't have a timescale but at least one module in design has a timescale.
WARNING: [XSIM 43-4099] "C:/Users/bless/Downloads/BoooC CNN-Accelerator-Based-on-Eyeriss-v2 master FPGA_design-src/Router_Cluster/Iact_Router.v" Line 22. Module Iact_Router doesn't have a timescale but at least one module in design has a timescale.
WARNING: [XSIM 43-4099] "C:/Users/bless/Downloads/BoooC CNN-Accelerator-Based-on-Eyeriss-v2 master FPGA_design-src/Router_Cluster/Iact_Router.v" Line 22. Module Iact_Router doesn't have a timescale but at least one module in design has a timescale.
WARNING: [XSIM 43-4099] "C:/Users/bless/Downloads/BoooC CNN-Accelerator-Based-on-Eyeriss-v2 master FPGA_design-src/Router_Cluster/Iact_Router.v" Line 22. Module Iact_Router doesn't have a timescale but at least one module in design has a timescale.
WARNING: [XSIM 43-4099] "C:/Users/bless/Downloads/BoooC CNN-Accelerator-Based-on-Eyeriss-v2 master FPGA_design-src/Router_Cluster/Iact_Router.v" Line 22. Module Iact_Router doesn't have a timescale but at least one module in design has a timescale.
WARNING: [XSIM 43-4099] "C:/Users/bless/Downloads/BoooC CNN-Accelerator-Based-on-Eyeriss-v2 master FPGA_design-src/Router_Cluster/Weight_Router.v" Line 22. Module Weight_Router doesn't have a timescale but at least one module in design has a timescale.
WARNING: [XSIM 43-4099] "C:/Users/bless/Downloads/BoooC CNN-Accelerator-Based-on-Eyeriss-v2 master FPGA_design-src/Router_Cluster/Weight_Router.v" Line 22. Module Weight_Router doesn't have a timescale but at least one module in design has a timescale.
WARNING: [XSIM 43-4099] "C:/Users/bless/Downloads/BoooC CNN-Accelerator-Based-on-Eyeriss-v2 master FPGA_design-src/Router_Cluster/Weight_Router.v" Line 22. Module Weight_Router doesn't have a timescale but at least one module in design has a timescale.
WARNING: [XSIM 43-4099] "C:/Users/bless/Downloads/BoooC CNN-Accelerator-Based-on-Eyeriss-v2 master FPGA_design-src/Router_Cluster/Psum_Router.v" Line 22. Module Psum_Router doesn't have a timescale but at least one module in design has a timescale.
WARNING: [XSIM 43-4099] "C:/Users/bless/Downloads/BoooC CNN-Accelerator-Based-on-Eyeriss-v2 master FPGA_design-src/Router_Cluster/Psum_Router.v" Line 22. Module Psum_Router doesn't have a timescale but at least one module in design has a timescale.
WARNING: [XSIM 43-4099] "C:/Users/bless/Downloads/BoooC CNN-Accelerator-Based-on-Eyeriss-v2 master FPGA_design-src/Router_Cluster/Psum_Router.v" Line 22. Module Psum_Router doesn't have a timescale but at least one module in design has a timescale.
WARNING: [XSIM 43-4099] "C:/Users/bless/Downloads/BoooC CNN-Accelerator-Based-on-Eyeriss-v2 master FPGA_design-src/Cluster_Group/Cluster_Group_Controller.v" Line 15. Module Cluster_Group_Controller doesn't have a timescale but at least one module in design has a timescale.
WARNING: [XSIM 43-4099] "C:/Users/bless/Downloads/BoooC CNN-Accelerator-Based-on-Eyeriss-v2 master FPGA_design-src/Cluster_Group/Cluster_Group.v" Line 13. Module ClusterGroup doesn't have a timescale but at least one module in design has a timescale.
WARNING: [XSIM 43-4099] "C:/Users/bless/Downloads/BoooC CNN-Accelerator-Based-on-Eyeriss-v2 master FPGA_design-src/PE_Cluster/PE_Cluster.v" Line 11. Module PE_Cluster doesn't have a timescale but at least one module in design has a timescale.
WARNING: [XSIM 43-4099] "C:/Users/bless/Downloads/BoooC CNN-Accelerator-Based-on-Eyeriss-v2 master FPGA_design-src/PE_Cluster/PE/Processing_Element.v" Line 9. Module ProcessingElement doesn't have a timescale but at least one module in design has a timescale.
WARNING: [XSIM 43-4099] "C:/Users/bless/Downloads/BoooC CNN-Accelerator-Based-on-Eyeriss-v2 master FPGA_design-src/PE_Cluster/PE/Processing_Element_Controller.v" Line 8. Module Processing_Element_Controller doesn't have a timescale but at least one module in design has a timescale.
WARNING: [XSIM 43-4099] "C:/Users/bless/Downloads/BoooC CNN-Accelerator-Based-on-Eyeriss-v2 master FPGA_design-src/PE_Cluster/PE/Processing_Element_core.v" Line 11. Module Processing_Element_core doesn't have a timescale but at least one module in design has a timescale.
WARNING: [XSIM 43-4099] "C:/Users/bless/Downloads/BoooC CNN-Accelerator-Based-on-Eyeriss-v2 master FPGA_design-src/PE_Cluster/PE/SPad/Psum_Spad.v" Line 1. Module Psum_Spad doesn't have a timescale but at least one module in design has a timescale.
WARNING: [XSIM 43-4099] "C:/Users/bless/Downloads/BoooC CNN-Accelerator-Based-on-Eyeriss-v2 master FPGA_design-src/PE_Cluster/PE/SPad/Psum_Spad.v" Line 48. Module Psum_DATA_Spad_BRAM doesn't have a timescale but at least one module in design has a timescale.
WARNING: [XSIM 43-4099] "C:/Users/bless/Downloads/BoooC CNN-Accelerator-Based-on-Eyeriss-v2 master FPGA_design-src/PE_Cluster/PE/SPad/Former_addr_Spad.v" Line 9. Module Former_Address_Spad doesn't have a timescale but at least one module in design has a timescale.
WARNING: [XSIM 43-4099] "C:/Users/bless/Downloads/BoooC CNN-Accelerator-Based-on-Eyeriss-v2 master FPGA_design-src/PE_Cluster/PE/SPad/Former_data_Spad.v" Line 1. Module Former_Data_Spad doesn't have a timescale but at least one module in design has a timescale.
WARNING: [XSIM 43-4099] "C:/Users/bless/Downloads/BoooC CNN-Accelerator-Based-on-Eyeriss-v2 master FPGA_design-src/PE_Cluster/PE/SPad/Former_data_Spad.v" Line 69. Module Iact_DATA_Spad_BRAM doesn't have a timescale but at least one module in design has a timescale.
WARNING: [XSIM 43-4099] "C:/Users/bless/Downloads/BoooC CNN-Accelerator-Based-on-Eyeriss-v2 master FPGA_design-src/PE_Cluster/PE/SPad/Later_addr_Spad.v" Line 10. Module Later_Address_Spad doesn't have a timescale but at least one module in design has a timescale.
WARNING: [XSIM 43-4099] "C:/Users/bless/Downloads/BoooC CNN-Accelerator-Based-on-Eyeriss-v2 master FPGA_design-src/PE_Cluster/PE/SPad/Later_data_Spad.v" Line 15. Module Later_Data_Spad doesn't have a timescale but at least one module in design has a timescale.
WARNING: [XSIM 43-4099] "C:/Users/bless/Downloads/BoooC CNN-Accelerator-Based-on-Eyeriss-v2 master FPGA_design-src/PE_Cluster/PE/SPad/Later_data_Spad.v" Line 134. Module Weight_DATA_Spad_BRAM doesn't have a timescale but at least one module in design has a timescale.
WARNING: [XSIM 43-4099] "C:/Users/bless/Downloads/BoooC CNN-Accelerator-Based-on-Eyeriss-v2 master FPGA_design-src/PE_Cluster/PE/PE_data_FIFO.v" Line 9. Module PE_data_FIFO(DATA_IN_WIDTH=8) doesn't have a timescale but at least one module in design has a timescale.
WARNING: [XSIM 43-4099] "C:/Users/bless/Downloads/BoooC CNN-Accelerator-Based-on-Eyeriss-v2 master FPGA_design-src/PE_Cluster/PE/PE_data_FIFO.v" Line 9. Module PE_data_FIFO(DATA_IN_WIDTH=13) doesn't have a timescale but at least one module in design has a timescale.
WARNING: [XSIM 43-4099] "C:/Users/bless/Downloads/BoooC CNN-Accelerator-Based-on-Eyeriss-v2 master FPGA_design-src/PE_Cluster/PE/PE_data_FIFO.v" Line 9. Module PE_data_FIFO(DATA_IN_WIDTH=7) doesn't have a timescale but at least one module in design has a timescale.
WARNING: [XSIM 43-4099] "C:/Users/bless/Downloads/BoooC CNN-Accelerator-Based-on-Eyeriss-v2 master FPGA_design-src/PE_Cluster/PE/PE_data_FIFO.v" Line 9. Module PE_data_FIFO(DATA_IN_WIDTH=12) doesn't have a timescale but at least one module in design has a timescale.
WARNING: [XSIM 43-4099] "C:/Users/bless/Downloads/BoooC CNN-Accelerator-Based-on-Eyeriss-v2 master FPGA_design-src/PE_Cluster/PE/PE_psum_FIFO.v" Line 11. Module PE_psum_FIFO doesn't have a timescale but at least one module in design has a timescale.
WARNING: [XSIM 43-4099] "C:/Users/bless/Downloads/BoooC CNN-Accelerator-Based-on-Eyeriss-v2 master FPGA_design-src/PE_Cluster/PE/PE_psum_FIFO.v" Line 11. Module PE_psum_FIFO doesn't have a timescale but at least one module in design has a timescale.
WARNING: [XSIM 43-4099] "C:/Users/bless/Downloads/BoooC CNN-Accelerator-Based-on-Eyeriss-v2 master FPGA_design-src/PE_Cluster/PE/Processing_Element.v" Line 9. Module ProcessingElement doesn't have a timescale but at least one module in design has a timescale.
WARNING: [XSIM 43-4099] "C:/Users/bless/Downloads/BoooC CNN-Accelerator-Based-on-Eyeriss-v2 master FPGA_design-src/PE_Cluster/PE/Processing_Element_Controller.v" Line 8. Module Processing_Element_Controller doesn't have a timescale but at least one module in design has a timescale.
WARNING: [XSIM 43-4099] "C:/Users/bless/Downloads/BoooC CNN-Accelerator-Based-on-Eyeriss-v2 master FPGA_design-src/PE_Cluster/PE/Processing_Element_core.v" Line 11. Module Processing_Element_core doesn't have a timescale but at least one module in design has a timescale.
WARNING: [XSIM 43-4099] "C:/Users/bless/Downloads/BoooC CNN-Accelerator-Based-on-Eyeriss-v2 master FPGA_design-src/PE_Cluster/PE/SPad/Psum_Spad.v" Line 1. Module Psum_Spad doesn't have a timescale but at least one module in design has a timescale.
WARNING: [XSIM 43-4099] "C:/Users/bless/Downloads/BoooC CNN-Accelerator-Based-on-Eyeriss-v2 master FPGA_design-src/PE_Cluster/PE/SPad/Psum_Spad.v" Line 48. Module Psum_DATA_Spad_BRAM doesn't have a timescale but at least one module in design has a timescale.
WARNING: [XSIM 43-4099] "C:/Users/bless/Downloads/BoooC CNN-Accelerator-Based-on-Eyeriss-v2 master FPGA_design-src/PE_Cluster/PE/SPad/Former_addr_Spad.v" Line 9. Module Former_Address_Spad doesn't have a timescale but at least one module in design has a timescale.
WARNING: [XSIM 43-4099] "C:/Users/bless/Downloads/BoooC CNN-Accelerator-Based-on-Eyeriss-v2 master FPGA_design-src/PE_Cluster/PE/SPad/Former_data_Spad.v" Line 1. Module Former_Data_Spad doesn't have a timescale but at least one module in design has a timescale.
WARNING: [XSIM 43-4099] "C:/Users/bless/Downloads/BoooC CNN-Accelerator-Based-on-Eyeriss-v2 master FPGA_design-src/PE_Cluster/PE/SPad/Former_data_Spad.v" Line 69. Module Iact_DATA_Spad_BRAM doesn't have a timescale but at least one module in design has a timescale.
WARNING: [XSIM 43-4099] "C:/Users/bless/Downloads/BoooC CNN-Accelerator-Based-on-Eyeriss-v2 master FPGA_design-src/PE_Cluster/PE/SPad/Later_addr_Spad.v" Line 10. Module Later_Address_Spad doesn't have a timescale but at least one module in design has a timescale.
WARNING: [XSIM 43-4099] "C:/Users/bless/Downloads/BoooC CNN-Accelerator-Based-on-Eyeriss-v2 master FPGA_design-src/PE_Cluster/PE/SPad/Later_data_Spad.v" Line 15. Module Later_Data_Spad doesn't have a timescale but at least one module in design has a timescale.
WARNING: [XSIM 43-4099] "C:/Users/bless/Downloads/BoooC CNN-Accelerator-Based-on-Eyeriss-v2 master FPGA_design-src/PE_Cluster/PE/SPad/Later_data_Spad.v" Line 134. Module Weight_DATA_Spad_BRAM doesn't have a timescale but at least one module in design has a timescale.
WARNING: [XSIM 43-4099] "C:/Users/bless/Downloads/BoooC CNN-Accelerator-Based-on-Eyeriss-v2 master FPGA_design-src/PE_Cluster/PE/PE_data_FIFO.v" Line 9. Module PE_data_FIFO(DATA_IN_WIDTH=8) doesn't have a timescale but at least one module in design has a timescale.
WARNING: [XSIM 43-4099] "C:/Users/bless/Downloads/BoooC CNN-Accelerator-Based-on-Eyeriss-v2 master FPGA_design-src/PE_Cluster/PE/PE_data_FIFO.v" Line 9. Module PE_data_FIFO(DATA_IN_WIDTH=13) doesn't have a timescale but at least one module in design has a timescale.
WARNING: [XSIM 43-4099] "C:/Users/bless/Downloads/BoooC CNN-Accelerator-Based-on-Eyeriss-v2 master FPGA_design-src/PE_Cluster/PE/PE_data_FIFO.v" Line 9. Module PE_data_FIFO(DATA_IN_WIDTH=7) doesn't have a timescale but at least one module in design has a timescale.
WARNING: [XSIM 43-4099] "C:/Users/bless/Downloads/BoooC CNN-Accelerator-Based-on-Eyeriss-v2 master FPGA_design-src/PE_Cluster/PE/PE_data_FIFO.v" Line 9. Module PE_data_FIFO(DATA_IN_WIDTH=12) doesn't have a timescale but at least one module in design has a timescale.
WARNING: [XSIM 43-4099] "C:/Users/bless/Downloads/BoooC CNN-Accelerator-Based-on-Eyeriss-v2 master FPGA_design-src/PE_Cluster/PE/PE_psum_FIFO.v" Line 11. Module PE_psum_FIFO doesn't have a timescale but at least one module in design has a timescale.
WARNING: [XSIM 43-4099] "C:/Users/bless/Downloads/BoooC CNN-Accelerator-Based-on-Eyeriss-v2 master FPGA_design-src/PE_Cluster/PE/PE_psum_FIFO.v" Line 11. Module PE_psum_FIFO doesn't have a timescale but at least one module in design has a timescale.
WARNING: [XSIM 43-4099] "C:/Users/bless/Downloads/BoooC CNN-Accelerator-Based-on-Eyeriss-v2 master FPGA_design-src/PE_Cluster/PE/Processing_Element.v" Line 9. Module ProcessingElement doesn't have a timescale but at least one module in design has a timescale.
WARNING: [XSIM 43-4099] "C:/Users/bless/Downloads/BoooC CNN-Accelerator-Based-on-Eyeriss-v2 master FPGA_design-src/PE_Cluster/PE/Processing_Element_Controller.v" Line 8. Module Processing_Element_Controller doesn't have a timescale but at least one module in design has a timescale.
WARNING: [XSIM 43-4099] "C:/Users/bless/Downloads/BoooC CNN-Accelerator-Based-on-Eyeriss-v2 master FPGA_design-src/PE_Cluster/PE/Processing_Element_core.v" Line 11. Module Processing_Element_core doesn't have a timescale but at least one module in design has a timescale.
WARNING: [XSIM 43-4099] "C:/Users/bless/Downloads/BoooC CNN-Accelerator-Based-on-Eyeriss-v2 master FPGA_design-src/PE_Cluster/PE/SPad/Psum_Spad.v" Line 1. Module Psum_Spad doesn't have a timescale but at least one module in design has a timescale.
WARNING: [XSIM 43-4099] "C:/Users/bless/Downloads/BoooC CNN-Accelerator-Based-on-Eyeriss-v2 master FPGA_design-src/PE_Cluster/PE/SPad/Psum_Spad.v" Line 48. Module Psum_DATA_Spad_BRAM doesn't have a timescale but at least one module in design has a timescale.
WARNING: [XSIM 43-4099] "C:/Users/bless/Downloads/BoooC CNN-Accelerator-Based-on-Eyeriss-v2 master FPGA_design-src/PE_Cluster/PE/SPad/Former_addr_Spad.v" Line 9. Module Former_Address_Spad doesn't have a timescale but at least one module in design has a timescale.
WARNING: [XSIM 43-4099] "C:/Users/bless/Downloads/BoooC CNN-Accelerator-Based-on-Eyeriss-v2 master FPGA_design-src/PE_Cluster/PE/SPad/Former_data_Spad.v" Line 1. Module Former_Data_Spad doesn't have a timescale but at least one module in design has a timescale.
WARNING: [XSIM 43-4099] "C:/Users/bless/Downloads/BoooC CNN-Accelerator-Based-on-Eyeriss-v2 master FPGA_design-src/PE_Cluster/PE/SPad/Former_data_Spad.v" Line 69. Module Iact_DATA_Spad_BRAM doesn't have a timescale but at least one module in design has a timescale.
WARNING: [XSIM 43-4099] "C:/Users/bless/Downloads/BoooC CNN-Accelerator-Based-on-Eyeriss-v2 master FPGA_design-src/PE_Cluster/PE/SPad/Later_addr_Spad.v" Line 10. Module Later_Address_Spad doesn't have a timescale but at least one module in design has a timescale.
WARNING: [XSIM 43-4099] "C:/Users/bless/Downloads/BoooC CNN-Accelerator-Based-on-Eyeriss-v2 master FPGA_design-src/PE_Cluster/PE/SPad/Later_data_Spad.v" Line 15. Module Later_Data_Spad doesn't have a timescale but at least one module in design has a timescale.
WARNING: [XSIM 43-4099] "C:/Users/bless/Downloads/BoooC CNN-Accelerator-Based-on-Eyeriss-v2 master FPGA_design-src/PE_Cluster/PE/SPad/Later_data_Spad.v" Line 134. Module Weight_DATA_Spad_BRAM doesn't have a timescale but at least one module in design has a timescale.
WARNING: [XSIM 43-4099] "C:/Users/bless/Downloads/BoooC CNN-Accelerator-Based-on-Eyeriss-v2 master FPGA_design-src/PE_Cluster/PE/PE_data_FIFO.v" Line 9. Module PE_data_FIFO(DATA_IN_WIDTH=8) doesn't have a timescale but at least one module in design has a timescale.
WARNING: [XSIM 43-4099] "C:/Users/bless/Downloads/BoooC CNN-Accelerator-Based-on-Eyeriss-v2 master FPGA_design-src/PE_Cluster/PE/PE_data_FIFO.v" Line 9. Module PE_data_FIFO(DATA_IN_WIDTH=13) doesn't have a timescale but at least one module in design has a timescale.
WARNING: [XSIM 43-4099] "C:/Users/bless/Downloads/BoooC CNN-Accelerator-Based-on-Eyeriss-v2 master FPGA_design-src/PE_Cluster/PE/PE_data_FIFO.v" Line 9. Module PE_data_FIFO(DATA_IN_WIDTH=7) doesn't have a timescale but at least one module in design has a timescale.
WARNING: [XSIM 43-4099] "C:/Users/bless/Downloads/BoooC CNN-Accelerator-Based-on-Eyeriss-v2 master FPGA_design-src/PE_Cluster/PE/PE_data_FIFO.v" Line 9. Module PE_data_FIFO(DATA_IN_WIDTH=12) doesn't have a timescale but at least one module in design has a timescale.
WARNING: [XSIM 43-4099] "C:/Users/bless/Downloads/BoooC CNN-Accelerator-Based-on-Eyeriss-v2 master FPGA_design-src/PE_Cluster/PE/PE_psum_FIFO.v" Line 11. Module PE_psum_FIFO doesn't have a timescale but at least one module in design has a timescale.
WARNING: [XSIM 43-4099] "C:/Users/bless/Downloads/BoooC CNN-Accelerator-Based-on-Eyeriss-v2 master FPGA_design-src/PE_Cluster/PE/PE_psum_FIFO.v" Line 11. Module PE_psum_FIFO doesn't have a timescale but at least one module in design has a timescale.
WARNING: [XSIM 43-4099] "C:/Users/bless/Downloads/BoooC CNN-Accelerator-Based-on-Eyeriss-v2 master FPGA_design-src/PE_Cluster/PE/Processing_Element.v" Line 9. Module ProcessingElement doesn't have a timescale but at least one module in design has a timescale.
WARNING: [XSIM 43-4099] "C:/Users/bless/Downloads/BoooC CNN-Accelerator-Based-on-Eyeriss-v2 master FPGA_design-src/PE_Cluster/PE/Processing_Element_Controller.v" Line 8. Module Processing_Element_Controller doesn't have a timescale but at least one module in design has a timescale.
WARNING: [XSIM 43-4099] "C:/Users/bless/Downloads/BoooC CNN-Accelerator-Based-on-Eyeriss-v2 master FPGA_design-src/PE_Cluster/PE/Processing_Element_core.v" Line 11. Module Processing_Element_core doesn't have a timescale but at least one module in design has a timescale.
WARNING: [XSIM 43-4099] "C:/Users/bless/Downloads/BoooC CNN-Accelerator-Based-on-Eyeriss-v2 master FPGA_design-src/PE_Cluster/PE/SPad/Psum_Spad.v" Line 1. Module Psum_Spad doesn't have a timescale but at least one module in design has a timescale.
WARNING: [XSIM 43-4099] "C:/Users/bless/Downloads/BoooC CNN-Accelerator-Based-on-Eyeriss-v2 master FPGA_design-src/PE_Cluster/PE/SPad/Psum_Spad.v" Line 48. Module Psum_DATA_Spad_BRAM doesn't have a timescale but at least one module in design has a timescale.
WARNING: [XSIM 43-4099] "C:/Users/bless/Downloads/BoooC CNN-Accelerator-Based-on-Eyeriss-v2 master FPGA_design-src/PE_Cluster/PE/SPad/Former_addr_Spad.v" Line 9. Module Former_Address_Spad doesn't have a timescale but at least one module in design has a timescale.
WARNING: [XSIM 43-4099] "C:/Users/bless/Downloads/BoooC CNN-Accelerator-Based-on-Eyeriss-v2 master FPGA_design-src/PE_Cluster/PE/SPad/Former_data_Spad.v" Line 1. Module Former_Data_Spad doesn't have a timescale but at least one module in design has a timescale.
WARNING: [XSIM 43-4099] "C:/Users/bless/Downloads/BoooC CNN-Accelerator-Based-on-Eyeriss-v2 master FPGA_design-src/PE_Cluster/PE/SPad/Former_data_Spad.v" Line 69. Module Iact_DATA_Spad_BRAM doesn't have a timescale but at least one module in design has a timescale.
WARNING: [XSIM 43-4099] "C:/Users/bless/Downloads/BoooC CNN-Accelerator-Based-on-Eyeriss-v2 master FPGA_design-src/PE_Cluster/PE/SPad/Later_addr_Spad.v" Line 10. Module Later_Address_Spad doesn't have a timescale but at least one module in design has a timescale.
WARNING: [XSIM 43-4099] "C:/Users/bless/Downloads/BoooC CNN-Accelerator-Based-on-Eyeriss-v2 master FPGA_design-src/PE_Cluster/PE/SPad/Later_data_Spad.v" Line 15. Module Later_Data_Spad doesn't have a timescale but at least one module in design has a timescale.
WARNING: [XSIM 43-4099] "C:/Users/bless/Downloads/BoooC CNN-Accelerator-Based-on-Eyeriss-v2 master FPGA_design-src/PE_Cluster/PE/SPad/Later_data_Spad.v" Line 134. Module Weight_DATA_Spad_BRAM doesn't have a timescale but at least one module in design has a timescale.
WARNING: [XSIM 43-4099] "C:/Users/bless/Downloads/BoooC CNN-Accelerator-Based-on-Eyeriss-v2 master FPGA_design-src/PE_Cluster/PE/PE_data_FIFO.v" Line 9. Module PE_data_FIFO(DATA_IN_WIDTH=8) doesn't have a timescale but at least one module in design has a timescale.
WARNING: [XSIM 43-4099] "C:/Users/bless/Downloads/BoooC CNN-Accelerator-Based-on-Eyeriss-v2 master FPGA_design-src/PE_Cluster/PE/PE_data_FIFO.v" Line 9. Module PE_data_FIFO(DATA_IN_WIDTH=13) doesn't have a timescale but at least one module in design has a timescale.
WARNING: [XSIM 43-4099] "C:/Users/bless/Downloads/BoooC CNN-Accelerator-Based-on-Eyeriss-v2 master FPGA_design-src/PE_Cluster/PE/PE_data_FIFO.v" Line 9. Module PE_data_FIFO(DATA_IN_WIDTH=7) doesn't have a timescale but at least one module in design has a timescale.
WARNING: [XSIM 43-4099] "C:/Users/bless/Downloads/BoooC CNN-Accelerator-Based-on-Eyeriss-v2 master FPGA_design-src/PE_Cluster/PE/PE_data_FIFO.v" Line 9. Module PE_data_FIFO(DATA_IN_WIDTH=12) doesn't have a timescale but at least one module in design has a timescale.
WARNING: [XSIM 43-4099] "C:/Users/bless/Downloads/BoooC CNN-Accelerator-Based-on-Eyeriss-v2 master FPGA_design-src/PE_Cluster/PE/PE_psum_FIFO.v" Line 11. Module PE_psum_FIFO doesn't have a timescale but at least one module in design has a timescale.
WARNING: [XSIM 43-4099] "C:/Users/bless/Downloads/BoooC CNN-Accelerator-Based-on-Eyeriss-v2 master FPGA_design-src/PE_Cluster/PE/PE_psum_FIFO.v" Line 11. Module PE_psum_FIFO doesn't have a timescale but at least one module in design has a timescale.
WARNING: [XSIM 43-4099] "C:/Users/bless/Downloads/BoooC CNN-Accelerator-Based-on-Eyeriss-v2 master FPGA_design-src/PE_Cluster/PE/Processing_Element.v" Line 9. Module ProcessingElement doesn't have a timescale but at least one module in design has a timescale.
WARNING: [XSIM 43-4099] "C:/Users/bless/Downloads/BoooC CNN-Accelerator-Based-on-Eyeriss-v2 master FPGA_design-src/PE_Cluster/PE/Processing_Element_Controller.v" Line 8. Module Processing_Element_Controller doesn't have a timescale but at least one module in design has a timescale.
WARNING: [XSIM 43-4099] "C:/Users/bless/Downloads/BoooC CNN-Accelerator-Based-on-Eyeriss-v2 master FPGA_design-src/PE_Cluster/PE/Processing_Element_core.v" Line 11. Module Processing_Element_core doesn't have a timescale but at least one module in design has a timescale.
WARNING: [XSIM 43-4099] "C:/Users/bless/Downloads/BoooC CNN-Accelerator-Based-on-Eyeriss-v2 master FPGA_design-src/PE_Cluster/PE/SPad/Psum_Spad.v" Line 1. Module Psum_Spad doesn't have a timescale but at least one module in design has a timescale.
WARNING: [XSIM 43-4099] "C:/Users/bless/Downloads/BoooC CNN-Accelerator-Based-on-Eyeriss-v2 master FPGA_design-src/PE_Cluster/PE/SPad/Psum_Spad.v" Line 48. Module Psum_DATA_Spad_BRAM doesn't have a timescale but at least one module in design has a timescale.
WARNING: [XSIM 43-4099] "C:/Users/bless/Downloads/BoooC CNN-Accelerator-Based-on-Eyeriss-v2 master FPGA_design-src/PE_Cluster/PE/SPad/Former_addr_Spad.v" Line 9. Module Former_Address_Spad doesn't have a timescale but at least one module in design has a timescale.
WARNING: [XSIM 43-4099] "C:/Users/bless/Downloads/BoooC CNN-Accelerator-Based-on-Eyeriss-v2 master FPGA_design-src/PE_Cluster/PE/SPad/Former_data_Spad.v" Line 1. Module Former_Data_Spad doesn't have a timescale but at least one module in design has a timescale.
WARNING: [XSIM 43-4099] "C:/Users/bless/Downloads/BoooC CNN-Accelerator-Based-on-Eyeriss-v2 master FPGA_design-src/PE_Cluster/PE/SPad/Former_data_Spad.v" Line 69. Module Iact_DATA_Spad_BRAM doesn't have a timescale but at least one module in design has a timescale.
WARNING: [XSIM 43-4099] "C:/Users/bless/Downloads/BoooC CNN-Accelerator-Based-on-Eyeriss-v2 master FPGA_design-src/PE_Cluster/PE/SPad/Later_addr_Spad.v" Line 10. Module Later_Address_Spad doesn't have a timescale but at least one module in design has a timescale.
WARNING: [XSIM 43-4099] "C:/Users/bless/Downloads/BoooC CNN-Accelerator-Based-on-Eyeriss-v2 master FPGA_design-src/PE_Cluster/PE/SPad/Later_data_Spad.v" Line 15. Module Later_Data_Spad doesn't have a timescale but at least one module in design has a timescale.
WARNING: [XSIM 43-4099] "C:/Users/bless/Downloads/BoooC CNN-Accelerator-Based-on-Eyeriss-v2 master FPGA_design-src/PE_Cluster/PE/SPad/Later_data_Spad.v" Line 134. Module Weight_DATA_Spad_BRAM doesn't have a timescale but at least one module in design has a timescale.
WARNING: [XSIM 43-4099] "C:/Users/bless/Downloads/BoooC CNN-Accelerator-Based-on-Eyeriss-v2 master FPGA_design-src/PE_Cluster/PE/PE_data_FIFO.v" Line 9. Module PE_data_FIFO(DATA_IN_WIDTH=8) doesn't have a timescale but at least one module in design has a timescale.
WARNING: [XSIM 43-4099] "C:/Users/bless/Downloads/BoooC CNN-Accelerator-Based-on-Eyeriss-v2 master FPGA_design-src/PE_Cluster/PE/PE_data_FIFO.v" Line 9. Module PE_data_FIFO(DATA_IN_WIDTH=13) doesn't have a timescale but at least one module in design has a timescale.
WARNING: [XSIM 43-4099] "C:/Users/bless/Downloads/BoooC CNN-Accelerator-Based-on-Eyeriss-v2 master FPGA_design-src/PE_Cluster/PE/PE_data_FIFO.v" Line 9. Module PE_data_FIFO(DATA_IN_WIDTH=7) doesn't have a timescale but at least one module in design has a timescale.
WARNING: [XSIM 43-4099] "C:/Users/bless/Downloads/BoooC CNN-Accelerator-Based-on-Eyeriss-v2 master FPGA_design-src/PE_Cluster/PE/PE_data_FIFO.v" Line 9. Module PE_data_FIFO(DATA_IN_WIDTH=12) doesn't have a timescale but at least one module in design has a timescale.
WARNING: [XSIM 43-4099] "C:/Users/bless/Downloads/BoooC CNN-Accelerator-Based-on-Eyeriss-v2 master FPGA_design-src/PE_Cluster/PE/PE_psum_FIFO.v" Line 11. Module PE_psum_FIFO doesn't have a timescale but at least one module in design has a timescale.
WARNING: [XSIM 43-4099] "C:/Users/bless/Downloads/BoooC CNN-Accelerator-Based-on-Eyeriss-v2 master FPGA_design-src/PE_Cluster/PE/PE_psum_FIFO.v" Line 11. Module PE_psum_FIFO doesn't have a timescale but at least one module in design has a timescale.
WARNING: [XSIM 43-4099] "C:/Users/bless/Downloads/BoooC CNN-Accelerator-Based-on-Eyeriss-v2 master FPGA_design-src/PE_Cluster/PE/Processing_Element.v" Line 9. Module ProcessingElement doesn't have a timescale but at least one module in design has a timescale.
WARNING: [XSIM 43-4099] "C:/Users/bless/Downloads/BoooC CNN-Accelerator-Based-on-Eyeriss-v2 master FPGA_design-src/PE_Cluster/PE/Processing_Element_Controller.v" Line 8. Module Processing_Element_Controller doesn't have a timescale but at least one module in design has a timescale.
WARNING: [XSIM 43-4099] "C:/Users/bless/Downloads/BoooC CNN-Accelerator-Based-on-Eyeriss-v2 master FPGA_design-src/PE_Cluster/PE/Processing_Element_core.v" Line 11. Module Processing_Element_core doesn't have a timescale but at least one module in design has a timescale.
WARNING: [XSIM 43-4099] "C:/Users/bless/Downloads/BoooC CNN-Accelerator-Based-on-Eyeriss-v2 master FPGA_design-src/PE_Cluster/PE/SPad/Psum_Spad.v" Line 1. Module Psum_Spad doesn't have a timescale but at least one module in design has a timescale.
WARNING: [XSIM 43-4099] "C:/Users/bless/Downloads/BoooC CNN-Accelerator-Based-on-Eyeriss-v2 master FPGA_design-src/PE_Cluster/PE/SPad/Psum_Spad.v" Line 48. Module Psum_DATA_Spad_BRAM doesn't have a timescale but at least one module in design has a timescale.
WARNING: [XSIM 43-4099] "C:/Users/bless/Downloads/BoooC CNN-Accelerator-Based-on-Eyeriss-v2 master FPGA_design-src/PE_Cluster/PE/SPad/Former_addr_Spad.v" Line 9. Module Former_Address_Spad doesn't have a timescale but at least one module in design has a timescale.
WARNING: [XSIM 43-4099] "C:/Users/bless/Downloads/BoooC CNN-Accelerator-Based-on-Eyeriss-v2 master FPGA_design-src/PE_Cluster/PE/SPad/Former_data_Spad.v" Line 1. Module Former_Data_Spad doesn't have a timescale but at least one module in design has a timescale.
WARNING: [XSIM 43-4099] "C:/Users/bless/Downloads/BoooC CNN-Accelerator-Based-on-Eyeriss-v2 master FPGA_design-src/PE_Cluster/PE/SPad/Former_data_Spad.v" Line 69. Module Iact_DATA_Spad_BRAM doesn't have a timescale but at least one module in design has a timescale.
WARNING: [XSIM 43-4099] "C:/Users/bless/Downloads/BoooC CNN-Accelerator-Based-on-Eyeriss-v2 master FPGA_design-src/PE_Cluster/PE/SPad/Later_addr_Spad.v" Line 10. Module Later_Address_Spad doesn't have a timescale but at least one module in design has a timescale.
WARNING: [XSIM 43-4099] "C:/Users/bless/Downloads/BoooC CNN-Accelerator-Based-on-Eyeriss-v2 master FPGA_design-src/PE_Cluster/PE/SPad/Later_data_Spad.v" Line 15. Module Later_Data_Spad doesn't have a timescale but at least one module in design has a timescale.
WARNING: [XSIM 43-4099] "C:/Users/bless/Downloads/BoooC CNN-Accelerator-Based-on-Eyeriss-v2 master FPGA_design-src/PE_Cluster/PE/SPad/Later_data_Spad.v" Line 134. Module Weight_DATA_Spad_BRAM doesn't have a timescale but at least one module in design has a timescale.
WARNING: [XSIM 43-4099] "C:/Users/bless/Downloads/BoooC CNN-Accelerator-Based-on-Eyeriss-v2 master FPGA_design-src/PE_Cluster/PE/PE_data_FIFO.v" Line 9. Module PE_data_FIFO(DATA_IN_WIDTH=8) doesn't have a timescale but at least one module in design has a timescale.
WARNING: [XSIM 43-4099] "C:/Users/bless/Downloads/BoooC CNN-Accelerator-Based-on-Eyeriss-v2 master FPGA_design-src/PE_Cluster/PE/PE_data_FIFO.v" Line 9. Module PE_data_FIFO(DATA_IN_WIDTH=13) doesn't have a timescale but at least one module in design has a timescale.
WARNING: [XSIM 43-4099] "C:/Users/bless/Downloads/BoooC CNN-Accelerator-Based-on-Eyeriss-v2 master FPGA_design-src/PE_Cluster/PE/PE_data_FIFO.v" Line 9. Module PE_data_FIFO(DATA_IN_WIDTH=7) doesn't have a timescale but at least one module in design has a timescale.
WARNING: [XSIM 43-4099] "C:/Users/bless/Downloads/BoooC CNN-Accelerator-Based-on-Eyeriss-v2 master FPGA_design-src/PE_Cluster/PE/PE_data_FIFO.v" Line 9. Module PE_data_FIFO(DATA_IN_WIDTH=12) doesn't have a timescale but at least one module in design has a timescale.
WARNING: [XSIM 43-4099] "C:/Users/bless/Downloads/BoooC CNN-Accelerator-Based-on-Eyeriss-v2 master FPGA_design-src/PE_Cluster/PE/PE_psum_FIFO.v" Line 11. Module PE_psum_FIFO doesn't have a timescale but at least one module in design has a timescale.
WARNING: [XSIM 43-4099] "C:/Users/bless/Downloads/BoooC CNN-Accelerator-Based-on-Eyeriss-v2 master FPGA_design-src/PE_Cluster/PE/PE_psum_FIFO.v" Line 11. Module PE_psum_FIFO doesn't have a timescale but at least one module in design has a timescale.
WARNING: [XSIM 43-4099] "C:/Users/bless/Downloads/BoooC CNN-Accelerator-Based-on-Eyeriss-v2 master FPGA_design-src/PE_Cluster/PE/Processing_Element.v" Line 9. Module ProcessingElement doesn't have a timescale but at least one module in design has a timescale.
WARNING: [XSIM 43-4099] "C:/Users/bless/Downloads/BoooC CNN-Accelerator-Based-on-Eyeriss-v2 master FPGA_design-src/PE_Cluster/PE/Processing_Element_Controller.v" Line 8. Module Processing_Element_Controller doesn't have a timescale but at least one module in design has a timescale.
WARNING: [XSIM 43-4099] "C:/Users/bless/Downloads/BoooC CNN-Accelerator-Based-on-Eyeriss-v2 master FPGA_design-src/PE_Cluster/PE/Processing_Element_core.v" Line 11. Module Processing_Element_core doesn't have a timescale but at least one module in design has a timescale.
WARNING: [XSIM 43-4099] "C:/Users/bless/Downloads/BoooC CNN-Accelerator-Based-on-Eyeriss-v2 master FPGA_design-src/PE_Cluster/PE/SPad/Psum_Spad.v" Line 1. Module Psum_Spad doesn't have a timescale but at least one module in design has a timescale.
WARNING: [XSIM 43-4099] "C:/Users/bless/Downloads/BoooC CNN-Accelerator-Based-on-Eyeriss-v2 master FPGA_design-src/PE_Cluster/PE/SPad/Psum_Spad.v" Line 48. Module Psum_DATA_Spad_BRAM doesn't have a timescale but at least one module in design has a timescale.
WARNING: [XSIM 43-4099] "C:/Users/bless/Downloads/BoooC CNN-Accelerator-Based-on-Eyeriss-v2 master FPGA_design-src/PE_Cluster/PE/SPad/Former_addr_Spad.v" Line 9. Module Former_Address_Spad doesn't have a timescale but at least one module in design has a timescale.
WARNING: [XSIM 43-4099] "C:/Users/bless/Downloads/BoooC CNN-Accelerator-Based-on-Eyeriss-v2 master FPGA_design-src/PE_Cluster/PE/SPad/Former_data_Spad.v" Line 1. Module Former_Data_Spad doesn't have a timescale but at least one module in design has a timescale.
WARNING: [XSIM 43-4099] "C:/Users/bless/Downloads/BoooC CNN-Accelerator-Based-on-Eyeriss-v2 master FPGA_design-src/PE_Cluster/PE/SPad/Former_data_Spad.v" Line 69. Module Iact_DATA_Spad_BRAM doesn't have a timescale but at least one module in design has a timescale.
WARNING: [XSIM 43-4099] "C:/Users/bless/Downloads/BoooC CNN-Accelerator-Based-on-Eyeriss-v2 master FPGA_design-src/PE_Cluster/PE/SPad/Later_addr_Spad.v" Line 10. Module Later_Address_Spad doesn't have a timescale but at least one module in design has a timescale.
WARNING: [XSIM 43-4099] "C:/Users/bless/Downloads/BoooC CNN-Accelerator-Based-on-Eyeriss-v2 master FPGA_design-src/PE_Cluster/PE/SPad/Later_data_Spad.v" Line 15. Module Later_Data_Spad doesn't have a timescale but at least one module in design has a timescale.
WARNING: [XSIM 43-4099] "C:/Users/bless/Downloads/BoooC CNN-Accelerator-Based-on-Eyeriss-v2 master FPGA_design-src/PE_Cluster/PE/SPad/Later_data_Spad.v" Line 134. Module Weight_DATA_Spad_BRAM doesn't have a timescale but at least one module in design has a timescale.
WARNING: [XSIM 43-4099] "C:/Users/bless/Downloads/BoooC CNN-Accelerator-Based-on-Eyeriss-v2 master FPGA_design-src/PE_Cluster/PE/PE_data_FIFO.v" Line 9. Module PE_data_FIFO(DATA_IN_WIDTH=8) doesn't have a timescale but at least one module in design has a timescale.
WARNING: [XSIM 43-4099] "C:/Users/bless/Downloads/BoooC CNN-Accelerator-Based-on-Eyeriss-v2 master FPGA_design-src/PE_Cluster/PE/PE_data_FIFO.v" Line 9. Module PE_data_FIFO(DATA_IN_WIDTH=13) doesn't have a timescale but at least one module in design has a timescale.
WARNING: [XSIM 43-4099] "C:/Users/bless/Downloads/BoooC CNN-Accelerator-Based-on-Eyeriss-v2 master FPGA_design-src/PE_Cluster/PE/PE_data_FIFO.v" Line 9. Module PE_data_FIFO(DATA_IN_WIDTH=7) doesn't have a timescale but at least one module in design has a timescale.
WARNING: [XSIM 43-4099] "C:/Users/bless/Downloads/BoooC CNN-Accelerator-Based-on-Eyeriss-v2 master FPGA_design-src/PE_Cluster/PE/PE_data_FIFO.v" Line 9. Module PE_data_FIFO(DATA_IN_WIDTH=12) doesn't have a timescale but at least one module in design has a timescale.
WARNING: [XSIM 43-4099] "C:/Users/bless/Downloads/BoooC CNN-Accelerator-Based-on-Eyeriss-v2 master FPGA_design-src/PE_Cluster/PE/PE_psum_FIFO.v" Line 11. Module PE_psum_FIFO doesn't have a timescale but at least one module in design has a timescale.
WARNING: [XSIM 43-4099] "C:/Users/bless/Downloads/BoooC CNN-Accelerator-Based-on-Eyeriss-v2 master FPGA_design-src/PE_Cluster/PE/PE_psum_FIFO.v" Line 11. Module PE_psum_FIFO doesn't have a timescale but at least one module in design has a timescale.
WARNING: [XSIM 43-4099] "C:/Users/bless/Downloads/BoooC CNN-Accelerator-Based-on-Eyeriss-v2 master FPGA_design-src/PE_Cluster/PE/Processing_Element.v" Line 9. Module ProcessingElement doesn't have a timescale but at least one module in design has a timescale.
WARNING: [XSIM 43-4099] "C:/Users/bless/Downloads/BoooC CNN-Accelerator-Based-on-Eyeriss-v2 master FPGA_design-src/PE_Cluster/PE/Processing_Element_Controller.v" Line 8. Module Processing_Element_Controller doesn't have a timescale but at least one module in design has a timescale.
WARNING: [XSIM 43-4099] "C:/Users/bless/Downloads/BoooC CNN-Accelerator-Based-on-Eyeriss-v2 master FPGA_design-src/PE_Cluster/PE/Processing_Element_core.v" Line 11. Module Processing_Element_core doesn't have a timescale but at least one module in design has a timescale.
WARNING: [XSIM 43-4099] "C:/Users/bless/Downloads/BoooC CNN-Accelerator-Based-on-Eyeriss-v2 master FPGA_design-src/PE_Cluster/PE/SPad/Psum_Spad.v" Line 1. Module Psum_Spad doesn't have a timescale but at least one module in design has a timescale.
WARNING: [XSIM 43-4099] "C:/Users/bless/Downloads/BoooC CNN-Accelerator-Based-on-Eyeriss-v2 master FPGA_design-src/PE_Cluster/PE/SPad/Psum_Spad.v" Line 48. Module Psum_DATA_Spad_BRAM doesn't have a timescale but at least one module in design has a timescale.
WARNING: [XSIM 43-4099] "C:/Users/bless/Downloads/BoooC CNN-Accelerator-Based-on-Eyeriss-v2 master FPGA_design-src/PE_Cluster/PE/SPad/Former_addr_Spad.v" Line 9. Module Former_Address_Spad doesn't have a timescale but at least one module in design has a timescale.
WARNING: [XSIM 43-4099] "C:/Users/bless/Downloads/BoooC CNN-Accelerator-Based-on-Eyeriss-v2 master FPGA_design-src/PE_Cluster/PE/SPad/Former_data_Spad.v" Line 1. Module Former_Data_Spad doesn't have a timescale but at least one module in design has a timescale.
WARNING: [XSIM 43-4099] "C:/Users/bless/Downloads/BoooC CNN-Accelerator-Based-on-Eyeriss-v2 master FPGA_design-src/PE_Cluster/PE/SPad/Former_data_Spad.v" Line 69. Module Iact_DATA_Spad_BRAM doesn't have a timescale but at least one module in design has a timescale.
WARNING: [XSIM 43-4099] "C:/Users/bless/Downloads/BoooC CNN-Accelerator-Based-on-Eyeriss-v2 master FPGA_design-src/PE_Cluster/PE/SPad/Later_addr_Spad.v" Line 10. Module Later_Address_Spad doesn't have a timescale but at least one module in design has a timescale.
WARNING: [XSIM 43-4099] "C:/Users/bless/Downloads/BoooC CNN-Accelerator-Based-on-Eyeriss-v2 master FPGA_design-src/PE_Cluster/PE/SPad/Later_data_Spad.v" Line 15. Module Later_Data_Spad doesn't have a timescale but at least one module in design has a timescale.
WARNING: [XSIM 43-4099] "C:/Users/bless/Downloads/BoooC CNN-Accelerator-Based-on-Eyeriss-v2 master FPGA_design-src/PE_Cluster/PE/SPad/Later_data_Spad.v" Line 134. Module Weight_DATA_Spad_BRAM doesn't have a timescale but at least one module in design has a timescale.
WARNING: [XSIM 43-4099] "C:/Users/bless/Downloads/BoooC CNN-Accelerator-Based-on-Eyeriss-v2 master FPGA_design-src/PE_Cluster/PE/PE_data_FIFO.v" Line 9. Module PE_data_FIFO(DATA_IN_WIDTH=8) doesn't have a timescale but at least one module in design has a timescale.
WARNING: [XSIM 43-4099] "C:/Users/bless/Downloads/BoooC CNN-Accelerator-Based-on-Eyeriss-v2 master FPGA_design-src/PE_Cluster/PE/PE_data_FIFO.v" Line 9. Module PE_data_FIFO(DATA_IN_WIDTH=13) doesn't have a timescale but at least one module in design has a timescale.
WARNING: [XSIM 43-4099] "C:/Users/bless/Downloads/BoooC CNN-Accelerator-Based-on-Eyeriss-v2 master FPGA_design-src/PE_Cluster/PE/PE_data_FIFO.v" Line 9. Module PE_data_FIFO(DATA_IN_WIDTH=7) doesn't have a timescale but at least one module in design has a timescale.
WARNING: [XSIM 43-4099] "C:/Users/bless/Downloads/BoooC CNN-Accelerator-Based-on-Eyeriss-v2 master FPGA_design-src/PE_Cluster/PE/PE_data_FIFO.v" Line 9. Module PE_data_FIFO(DATA_IN_WIDTH=12) doesn't have a timescale but at least one module in design has a timescale.
WARNING: [XSIM 43-4099] "C:/Users/bless/Downloads/BoooC CNN-Accelerator-Based-on-Eyeriss-v2 master FPGA_design-src/PE_Cluster/PE/PE_psum_FIFO.v" Line 11. Module PE_psum_FIFO doesn't have a timescale but at least one module in design has a timescale.
WARNING: [XSIM 43-4099] "C:/Users/bless/Downloads/BoooC CNN-Accelerator-Based-on-Eyeriss-v2 master FPGA_design-src/PE_Cluster/PE/PE_psum_FIFO.v" Line 11. Module PE_psum_FIFO doesn't have a timescale but at least one module in design has a timescale.
WARNING: [XSIM 43-4099] "C:/Users/bless/Downloads/BoooC CNN-Accelerator-Based-on-Eyeriss-v2 master FPGA_design-src/PE_Cluster/PE/Processing_Element.v" Line 9. Module ProcessingElement doesn't have a timescale but at least one module in design has a timescale.
WARNING: [XSIM 43-4099] "C:/Users/bless/Downloads/BoooC CNN-Accelerator-Based-on-Eyeriss-v2 master FPGA_design-src/PE_Cluster/PE/Processing_Element_Controller.v" Line 8. Module Processing_Element_Controller doesn't have a timescale but at least one module in design has a timescale.
WARNING: [XSIM 43-4099] "C:/Users/bless/Downloads/BoooC CNN-Accelerator-Based-on-Eyeriss-v2 master FPGA_design-src/PE_Cluster/PE/Processing_Element_core.v" Line 11. Module Processing_Element_core doesn't have a timescale but at least one module in design has a timescale.
WARNING: [XSIM 43-4099] "C:/Users/bless/Downloads/BoooC CNN-Accelerator-Based-on-Eyeriss-v2 master FPGA_design-src/PE_Cluster/PE/SPad/Psum_Spad.v" Line 1. Module Psum_Spad doesn't have a timescale but at least one module in design has a timescale.
WARNING: [XSIM 43-4099] "C:/Users/bless/Downloads/BoooC CNN-Accelerator-Based-on-Eyeriss-v2 master FPGA_design-src/PE_Cluster/PE/SPad/Psum_Spad.v" Line 48. Module Psum_DATA_Spad_BRAM doesn't have a timescale but at least one module in design has a timescale.
WARNING: [XSIM 43-4099] "C:/Users/bless/Downloads/BoooC CNN-Accelerator-Based-on-Eyeriss-v2 master FPGA_design-src/PE_Cluster/PE/SPad/Former_addr_Spad.v" Line 9. Module Former_Address_Spad doesn't have a timescale but at least one module in design has a timescale.
WARNING: [XSIM 43-4099] "C:/Users/bless/Downloads/BoooC CNN-Accelerator-Based-on-Eyeriss-v2 master FPGA_design-src/PE_Cluster/PE/SPad/Former_data_Spad.v" Line 1. Module Former_Data_Spad doesn't have a timescale but at least one module in design has a timescale.
WARNING: [XSIM 43-4099] "C:/Users/bless/Downloads/BoooC CNN-Accelerator-Based-on-Eyeriss-v2 master FPGA_design-src/PE_Cluster/PE/SPad/Former_data_Spad.v" Line 69. Module Iact_DATA_Spad_BRAM doesn't have a timescale but at least one module in design has a timescale.
WARNING: [XSIM 43-4099] "C:/Users/bless/Downloads/BoooC CNN-Accelerator-Based-on-Eyeriss-v2 master FPGA_design-src/PE_Cluster/PE/SPad/Later_addr_Spad.v" Line 10. Module Later_Address_Spad doesn't have a timescale but at least one module in design has a timescale.
WARNING: [XSIM 43-4099] "C:/Users/bless/Downloads/BoooC CNN-Accelerator-Based-on-Eyeriss-v2 master FPGA_design-src/PE_Cluster/PE/SPad/Later_data_Spad.v" Line 15. Module Later_Data_Spad doesn't have a timescale but at least one module in design has a timescale.
WARNING: [XSIM 43-4099] "C:/Users/bless/Downloads/BoooC CNN-Accelerator-Based-on-Eyeriss-v2 master FPGA_design-src/PE_Cluster/PE/SPad/Later_data_Spad.v" Line 134. Module Weight_DATA_Spad_BRAM doesn't have a timescale but at least one module in design has a timescale.
WARNING: [XSIM 43-4099] "C:/Users/bless/Downloads/BoooC CNN-Accelerator-Based-on-Eyeriss-v2 master FPGA_design-src/PE_Cluster/PE/PE_data_FIFO.v" Line 9. Module PE_data_FIFO(DATA_IN_WIDTH=8) doesn't have a timescale but at least one module in design has a timescale.
WARNING: [XSIM 43-4099] "C:/Users/bless/Downloads/BoooC CNN-Accelerator-Based-on-Eyeriss-v2 master FPGA_design-src/PE_Cluster/PE/PE_data_FIFO.v" Line 9. Module PE_data_FIFO(DATA_IN_WIDTH=13) doesn't have a timescale but at least one module in design has a timescale.
WARNING: [XSIM 43-4099] "C:/Users/bless/Downloads/BoooC CNN-Accelerator-Based-on-Eyeriss-v2 master FPGA_design-src/PE_Cluster/PE/PE_data_FIFO.v" Line 9. Module PE_data_FIFO(DATA_IN_WIDTH=7) doesn't have a timescale but at least one module in design has a timescale.
WARNING: [XSIM 43-4099] "C:/Users/bless/Downloads/BoooC CNN-Accelerator-Based-on-Eyeriss-v2 master FPGA_design-src/PE_Cluster/PE/PE_data_FIFO.v" Line 9. Module PE_data_FIFO(DATA_IN_WIDTH=12) doesn't have a timescale but at least one module in design has a timescale.
WARNING: [XSIM 43-4099] "C:/Users/bless/Downloads/BoooC CNN-Accelerator-Based-on-Eyeriss-v2 master FPGA_design-src/PE_Cluster/PE/PE_psum_FIFO.v" Line 11. Module PE_psum_FIFO doesn't have a timescale but at least one module in design has a timescale.
WARNING: [XSIM 43-4099] "C:/Users/bless/Downloads/BoooC CNN-Accelerator-Based-on-Eyeriss-v2 master FPGA_design-src/PE_Cluster/PE/PE_psum_FIFO.v" Line 11. Module PE_psum_FIFO doesn't have a timescale but at least one module in design has a timescale.
WARNING: [XSIM 43-4099] "C:/Users/bless/Downloads/BoooC CNN-Accelerator-Based-on-Eyeriss-v2 master FPGA_design-src/PE_Cluster/PE_Cluster_controller.v" Line 9. Module PE_Cluster_controller doesn't have a timescale but at least one module in design has a timescale.
WARNING: [XSIM 43-4099] "C:/Users/bless/Downloads/BoooC CNN-Accelerator-Based-on-Eyeriss-v2 master FPGA_design-src/PE_Cluster/PE_Cluster_Data_Connections.v" Line 10. Module PE_Cluster_Connection doesn't have a timescale but at least one module in design has a timescale.
WARNING: [XSIM 43-4099] "C:/Users/bless/Downloads/BoooC CNN-Accelerator-Based-on-Eyeriss-v2 master FPGA_design-src/GLB_Cluster/GLB_Cluster.v" Line 14. Module GLB_Cluster doesn't have a timescale but at least one module in design has a timescale.
WARNING: [XSIM 43-4099] "C:/Users/bless/Downloads/BoooC CNN-Accelerator-Based-on-Eyeriss-v2 master FPGA_design-src/GLB_Cluster/Iact_SRAM_Bank.v" Line 9. Module Iact_SRAM_Bank doesn't have a timescale but at least one module in design has a timescale.
WARNING: [XSIM 43-4099] "C:/Users/bless/Downloads/BoooC CNN-Accelerator-Based-on-Eyeriss-v2 master FPGA_design-src/GLB_Cluster/Iact_addr_SRAM.v" Line 12. Module iact_addr_SRAM doesn't have a timescale but at least one module in design has a timescale.
WARNING: [XSIM 43-4099] "C:/Users/bless/Downloads/BoooC CNN-Accelerator-Based-on-Eyeriss-v2 master FPGA_design-src/GLB_Cluster/Iact_addr_SRAM.v" Line 218. Module Iact_Addr_SRAM_BRAM doesn't have a timescale but at least one module in design has a timescale.
WARNING: [XSIM 43-4099] "C:/Users/bless/Downloads/BoooC CNN-Accelerator-Based-on-Eyeriss-v2 master FPGA_design-src/GLB_Cluster/Iact_data_SRAM.v" Line 1. Module lact_data_SRAM doesn't have a timescale but at least one module in design has a timescale.
WARNING: [XSIM 43-4099] "C:/Users/bless/Downloads/BoooC CNN-Accelerator-Based-on-Eyeriss-v2 master FPGA_design-src/PE_Cluster/PE/SPad/Psum_Spad.v" Line 129. Module Iact_Data_SRAM_BRAM doesn't have a timescale but at least one module in design has a timescale.
WARNING: [XSIM 43-4099] "C:/Users/bless/Downloads/BoooC CNN-Accelerator-Based-on-Eyeriss-v2 master FPGA_design-src/GLB_Cluster/Iact_SRAM_Bank.v" Line 9. Module Iact_SRAM_Bank doesn't have a timescale but at least one module in design has a timescale.
WARNING: [XSIM 43-4099] "C:/Users/bless/Downloads/BoooC CNN-Accelerator-Based-on-Eyeriss-v2 master FPGA_design-src/GLB_Cluster/Iact_addr_SRAM.v" Line 12. Module iact_addr_SRAM doesn't have a timescale but at least one module in design has a timescale.
WARNING: [XSIM 43-4099] "C:/Users/bless/Downloads/BoooC CNN-Accelerator-Based-on-Eyeriss-v2 master FPGA_design-src/GLB_Cluster/Iact_addr_SRAM.v" Line 218. Module Iact_Addr_SRAM_BRAM doesn't have a timescale but at least one module in design has a timescale.
WARNING: [XSIM 43-4099] "C:/Users/bless/Downloads/BoooC CNN-Accelerator-Based-on-Eyeriss-v2 master FPGA_design-src/GLB_Cluster/Iact_data_SRAM.v" Line 1. Module lact_data_SRAM doesn't have a timescale but at least one module in design has a timescale.
WARNING: [XSIM 43-4099] "C:/Users/bless/Downloads/BoooC CNN-Accelerator-Based-on-Eyeriss-v2 master FPGA_design-src/PE_Cluster/PE/SPad/Psum_Spad.v" Line 129. Module Iact_Data_SRAM_BRAM doesn't have a timescale but at least one module in design has a timescale.
WARNING: [XSIM 43-4099] "C:/Users/bless/Downloads/BoooC CNN-Accelerator-Based-on-Eyeriss-v2 master FPGA_design-src/GLB_Cluster/Iact_SRAM_Bank.v" Line 9. Module Iact_SRAM_Bank doesn't have a timescale but at least one module in design has a timescale.
WARNING: [XSIM 43-4099] "C:/Users/bless/Downloads/BoooC CNN-Accelerator-Based-on-Eyeriss-v2 master FPGA_design-src/GLB_Cluster/Iact_addr_SRAM.v" Line 12. Module iact_addr_SRAM doesn't have a timescale but at least one module in design has a timescale.
WARNING: [XSIM 43-4099] "C:/Users/bless/Downloads/BoooC CNN-Accelerator-Based-on-Eyeriss-v2 master FPGA_design-src/GLB_Cluster/Iact_addr_SRAM.v" Line 218. Module Iact_Addr_SRAM_BRAM doesn't have a timescale but at least one module in design has a timescale.
WARNING: [XSIM 43-4099] "C:/Users/bless/Downloads/BoooC CNN-Accelerator-Based-on-Eyeriss-v2 master FPGA_design-src/GLB_Cluster/Iact_data_SRAM.v" Line 1. Module lact_data_SRAM doesn't have a timescale but at least one module in design has a timescale.
WARNING: [XSIM 43-4099] "C:/Users/bless/Downloads/BoooC CNN-Accelerator-Based-on-Eyeriss-v2 master FPGA_design-src/PE_Cluster/PE/SPad/Psum_Spad.v" Line 129. Module Iact_Data_SRAM_BRAM doesn't have a timescale but at least one module in design has a timescale.
WARNING: [XSIM 43-4099] "C:/Users/bless/Downloads/BoooC CNN-Accelerator-Based-on-Eyeriss-v2 master FPGA_design-src/GLB_Cluster/Iact_SRAM_Bank.v" Line 9. Module Iact_SRAM_Bank doesn't have a timescale but at least one module in design has a timescale.
WARNING: [XSIM 43-4099] "C:/Users/bless/Downloads/BoooC CNN-Accelerator-Based-on-Eyeriss-v2 master FPGA_design-src/GLB_Cluster/Iact_addr_SRAM.v" Line 12. Module iact_addr_SRAM doesn't have a timescale but at least one module in design has a timescale.
WARNING: [XSIM 43-4099] "C:/Users/bless/Downloads/BoooC CNN-Accelerator-Based-on-Eyeriss-v2 master FPGA_design-src/GLB_Cluster/Iact_addr_SRAM.v" Line 218. Module Iact_Addr_SRAM_BRAM doesn't have a timescale but at least one module in design has a timescale.
WARNING: [XSIM 43-4099] "C:/Users/bless/Downloads/BoooC CNN-Accelerator-Based-on-Eyeriss-v2 master FPGA_design-src/GLB_Cluster/Iact_data_SRAM.v" Line 1. Module lact_data_SRAM doesn't have a timescale but at least one module in design has a timescale.
WARNING: [XSIM 43-4099] "C:/Users/bless/Downloads/BoooC CNN-Accelerator-Based-on-Eyeriss-v2 master FPGA_design-src/PE_Cluster/PE/SPad/Psum_Spad.v" Line 129. Module Iact_Data_SRAM_BRAM doesn't have a timescale but at least one module in design has a timescale.
WARNING: [XSIM 43-4099] "C:/Users/bless/Downloads/BoooC CNN-Accelerator-Based-on-Eyeriss-v2 master FPGA_design-src/GLB_Cluster/Iact_SRAM_Bank.v" Line 9. Module Iact_SRAM_Bank doesn't have a timescale but at least one module in design has a timescale.
WARNING: [XSIM 43-4099] "C:/Users/bless/Downloads/BoooC CNN-Accelerator-Based-on-Eyeriss-v2 master FPGA_design-src/GLB_Cluster/Iact_addr_SRAM.v" Line 12. Module iact_addr_SRAM doesn't have a timescale but at least one module in design has a timescale.
WARNING: [XSIM 43-4099] "C:/Users/bless/Downloads/BoooC CNN-Accelerator-Based-on-Eyeriss-v2 master FPGA_design-src/GLB_Cluster/Iact_addr_SRAM.v" Line 218. Module Iact_Addr_SRAM_BRAM doesn't have a timescale but at least one module in design has a timescale.
WARNING: [XSIM 43-4099] "C:/Users/bless/Downloads/BoooC CNN-Accelerator-Based-on-Eyeriss-v2 master FPGA_design-src/GLB_Cluster/Iact_data_SRAM.v" Line 1. Module lact_data_SRAM doesn't have a timescale but at least one module in design has a timescale.
WARNING: [XSIM 43-4099] "C:/Users/bless/Downloads/BoooC CNN-Accelerator-Based-on-Eyeriss-v2 master FPGA_design-src/PE_Cluster/PE/SPad/Psum_Spad.v" Line 129. Module Iact_Data_SRAM_BRAM doesn't have a timescale but at least one module in design has a timescale.
WARNING: [XSIM 43-4099] "C:/Users/bless/Downloads/BoooC CNN-Accelerator-Based-on-Eyeriss-v2 master FPGA_design-src/GLB_Cluster/Iact_SRAM_Bank.v" Line 9. Module Iact_SRAM_Bank doesn't have a timescale but at least one module in design has a timescale.
WARNING: [XSIM 43-4099] "C:/Users/bless/Downloads/BoooC CNN-Accelerator-Based-on-Eyeriss-v2 master FPGA_design-src/GLB_Cluster/Iact_addr_SRAM.v" Line 12. Module iact_addr_SRAM doesn't have a timescale but at least one module in design has a timescale.
WARNING: [XSIM 43-4099] "C:/Users/bless/Downloads/BoooC CNN-Accelerator-Based-on-Eyeriss-v2 master FPGA_design-src/GLB_Cluster/Iact_addr_SRAM.v" Line 218. Module Iact_Addr_SRAM_BRAM doesn't have a timescale but at least one module in design has a timescale.
WARNING: [XSIM 43-4099] "C:/Users/bless/Downloads/BoooC CNN-Accelerator-Based-on-Eyeriss-v2 master FPGA_design-src/GLB_Cluster/Iact_data_SRAM.v" Line 1. Module lact_data_SRAM doesn't have a timescale but at least one module in design has a timescale.
WARNING: [XSIM 43-4099] "C:/Users/bless/Downloads/BoooC CNN-Accelerator-Based-on-Eyeriss-v2 master FPGA_design-src/PE_Cluster/PE/SPad/Psum_Spad.v" Line 129. Module Iact_Data_SRAM_BRAM doesn't have a timescale but at least one module in design has a timescale.
WARNING: [XSIM 43-4099] "C:/Users/bless/Downloads/BoooC CNN-Accelerator-Based-on-Eyeriss-v2 master FPGA_design-src/GLB_Cluster/Iact_SRAM_Bank.v" Line 9. Module Iact_SRAM_Bank doesn't have a timescale but at least one module in design has a timescale.
WARNING: [XSIM 43-4099] "C:/Users/bless/Downloads/BoooC CNN-Accelerator-Based-on-Eyeriss-v2 master FPGA_design-src/GLB_Cluster/Iact_addr_SRAM.v" Line 12. Module iact_addr_SRAM doesn't have a timescale but at least one module in design has a timescale.
WARNING: [XSIM 43-4099] "C:/Users/bless/Downloads/BoooC CNN-Accelerator-Based-on-Eyeriss-v2 master FPGA_design-src/GLB_Cluster/Iact_addr_SRAM.v" Line 218. Module Iact_Addr_SRAM_BRAM doesn't have a timescale but at least one module in design has a timescale.
WARNING: [XSIM 43-4099] "C:/Users/bless/Downloads/BoooC CNN-Accelerator-Based-on-Eyeriss-v2 master FPGA_design-src/GLB_Cluster/Iact_data_SRAM.v" Line 1. Module lact_data_SRAM doesn't have a timescale but at least one module in design has a timescale.
WARNING: [XSIM 43-4099] "C:/Users/bless/Downloads/BoooC CNN-Accelerator-Based-on-Eyeriss-v2 master FPGA_design-src/PE_Cluster/PE/SPad/Psum_Spad.v" Line 129. Module Iact_Data_SRAM_BRAM doesn't have a timescale but at least one module in design has a timescale.
WARNING: [XSIM 43-4099] "C:/Users/bless/Downloads/BoooC CNN-Accelerator-Based-on-Eyeriss-v2 master FPGA_design-src/GLB_Cluster/Iact_SRAM_Bank.v" Line 9. Module Iact_SRAM_Bank doesn't have a timescale but at least one module in design has a timescale.
WARNING: [XSIM 43-4099] "C:/Users/bless/Downloads/BoooC CNN-Accelerator-Based-on-Eyeriss-v2 master FPGA_design-src/GLB_Cluster/Iact_addr_SRAM.v" Line 12. Module iact_addr_SRAM doesn't have a timescale but at least one module in design has a timescale.
WARNING: [XSIM 43-4099] "C:/Users/bless/Downloads/BoooC CNN-Accelerator-Based-on-Eyeriss-v2 master FPGA_design-src/GLB_Cluster/Iact_addr_SRAM.v" Line 218. Module Iact_Addr_SRAM_BRAM doesn't have a timescale but at least one module in design has a timescale.
WARNING: [XSIM 43-4099] "C:/Users/bless/Downloads/BoooC CNN-Accelerator-Based-on-Eyeriss-v2 master FPGA_design-src/GLB_Cluster/Iact_data_SRAM.v" Line 1. Module lact_data_SRAM doesn't have a timescale but at least one module in design has a timescale.
WARNING: [XSIM 43-4099] "C:/Users/bless/Downloads/BoooC CNN-Accelerator-Based-on-Eyeriss-v2 master FPGA_design-src/PE_Cluster/PE/SPad/Psum_Spad.v" Line 129. Module Iact_Data_SRAM_BRAM doesn't have a timescale but at least one module in design has a timescale.
WARNING: [XSIM 43-4099] "C:/Users/bless/Downloads/BoooC CNN-Accelerator-Based-on-Eyeriss-v2 master FPGA_design-src/GLB_Cluster/Iact_SRAM_Bank.v" Line 9. Module Iact_SRAM_Bank doesn't have a timescale but at least one module in design has a timescale.
WARNING: [XSIM 43-4099] "C:/Users/bless/Downloads/BoooC CNN-Accelerator-Based-on-Eyeriss-v2 master FPGA_design-src/GLB_Cluster/Iact_addr_SRAM.v" Line 12. Module iact_addr_SRAM doesn't have a timescale but at least one module in design has a timescale.
WARNING: [XSIM 43-4099] "C:/Users/bless/Downloads/BoooC CNN-Accelerator-Based-on-Eyeriss-v2 master FPGA_design-src/GLB_Cluster/Iact_addr_SRAM.v" Line 218. Module Iact_Addr_SRAM_BRAM doesn't have a timescale but at least one module in design has a timescale.
WARNING: [XSIM 43-4099] "C:/Users/bless/Downloads/BoooC CNN-Accelerator-Based-on-Eyeriss-v2 master FPGA_design-src/GLB_Cluster/Iact_data_SRAM.v" Line 1. Module lact_data_SRAM doesn't have a timescale but at least one module in design has a timescale.
WARNING: [XSIM 43-4099] "C:/Users/bless/Downloads/BoooC CNN-Accelerator-Based-on-Eyeriss-v2 master FPGA_design-src/PE_Cluster/PE/SPad/Psum_Spad.v" Line 129. Module Iact_Data_SRAM_BRAM doesn't have a timescale but at least one module in design has a timescale.
WARNING: [XSIM 43-4099] "C:/Users/bless/Downloads/BoooC CNN-Accelerator-Based-on-Eyeriss-v2 master FPGA_design-src/GLB_Cluster/Psum_SRAM_Bank.v" Line 1. Module Psum_SRAM_Bank doesn't have a timescale but at least one module in design has a timescale.
WARNING: [XSIM 43-4099] "C:/Users/bless/Downloads/BoooC CNN-Accelerator-Based-on-Eyeriss-v2 master FPGA_design-src/GLB_Cluster/Psum_SRAM_Bank.v" Line 73. Module Psum_Data_SRAM_BRAM doesn't have a timescale but at least one module in design has a timescale.
WARNING: [XSIM 43-4099] "C:/Users/bless/Downloads/BoooC CNN-Accelerator-Based-on-Eyeriss-v2 master FPGA_design-src/GLB_Cluster/Psum_SRAM_Bank.v" Line 1. Module Psum_SRAM_Bank doesn't have a timescale but at least one module in design has a timescale.
WARNING: [XSIM 43-4099] "C:/Users/bless/Downloads/BoooC CNN-Accelerator-Based-on-Eyeriss-v2 master FPGA_design-src/GLB_Cluster/Psum_SRAM_Bank.v" Line 73. Module Psum_Data_SRAM_BRAM doesn't have a timescale but at least one module in design has a timescale.
WARNING: [XSIM 43-4099] "C:/Users/bless/Downloads/BoooC CNN-Accelerator-Based-on-Eyeriss-v2 master FPGA_design-src/GLB_Cluster/Psum_SRAM_Bank.v" Line 1. Module Psum_SRAM_Bank doesn't have a timescale but at least one module in design has a timescale.
WARNING: [XSIM 43-4099] "C:/Users/bless/Downloads/BoooC CNN-Accelerator-Based-on-Eyeriss-v2 master FPGA_design-src/GLB_Cluster/Psum_SRAM_Bank.v" Line 73. Module Psum_Data_SRAM_BRAM doesn't have a timescale but at least one module in design has a timescale.
WARNING: [XSIM 43-4099] "C:/Users/bless/Downloads/BoooC CNN-Accelerator-Based-on-Eyeriss-v2 master FPGA_design-src/Router_Cluster/Router_Cluster.v" Line 14. Module Router_Cluster doesn't have a timescale but at least one module in design has a timescale.
WARNING: [XSIM 43-4099] "C:/Users/bless/Downloads/BoooC CNN-Accelerator-Based-on-Eyeriss-v2 master FPGA_design-src/Router_Cluster/Iact_Router.v" Line 22. Module Iact_Router doesn't have a timescale but at least one module in design has a timescale.
WARNING: [XSIM 43-4099] "C:/Users/bless/Downloads/BoooC CNN-Accelerator-Based-on-Eyeriss-v2 master FPGA_design-src/Router_Cluster/Iact_Router.v" Line 22. Module Iact_Router doesn't have a timescale but at least one module in design has a timescale.
WARNING: [XSIM 43-4099] "C:/Users/bless/Downloads/BoooC CNN-Accelerator-Based-on-Eyeriss-v2 master FPGA_design-src/Router_Cluster/Iact_Router.v" Line 22. Module Iact_Router doesn't have a timescale but at least one module in design has a timescale.
WARNING: [XSIM 43-4099] "C:/Users/bless/Downloads/BoooC CNN-Accelerator-Based-on-Eyeriss-v2 master FPGA_design-src/Router_Cluster/Iact_Router.v" Line 22. Module Iact_Router doesn't have a timescale but at least one module in design has a timescale.
WARNING: [XSIM 43-4099] "C:/Users/bless/Downloads/BoooC CNN-Accelerator-Based-on-Eyeriss-v2 master FPGA_design-src/Router_Cluster/Iact_Router.v" Line 22. Module Iact_Router doesn't have a timescale but at least one module in design has a timescale.
WARNING: [XSIM 43-4099] "C:/Users/bless/Downloads/BoooC CNN-Accelerator-Based-on-Eyeriss-v2 master FPGA_design-src/Router_Cluster/Iact_Router.v" Line 22. Module Iact_Router doesn't have a timescale but at least one module in design has a timescale.
WARNING: [XSIM 43-4099] "C:/Users/bless/Downloads/BoooC CNN-Accelerator-Based-on-Eyeriss-v2 master FPGA_design-src/Router_Cluster/Iact_Router.v" Line 22. Module Iact_Router doesn't have a timescale but at least one module in design has a timescale.
WARNING: [XSIM 43-4099] "C:/Users/bless/Downloads/BoooC CNN-Accelerator-Based-on-Eyeriss-v2 master FPGA_design-src/Router_Cluster/Iact_Router.v" Line 22. Module Iact_Router doesn't have a timescale but at least one module in design has a timescale.
WARNING: [XSIM 43-4099] "C:/Users/bless/Downloads/BoooC CNN-Accelerator-Based-on-Eyeriss-v2 master FPGA_design-src/Router_Cluster/Iact_Router.v" Line 22. Module Iact_Router doesn't have a timescale but at least one module in design has a timescale.
WARNING: [XSIM 43-4099] "C:/Users/bless/Downloads/BoooC CNN-Accelerator-Based-on-Eyeriss-v2 master FPGA_design-src/Router_Cluster/Weight_Router.v" Line 22. Module Weight_Router doesn't have a timescale but at least one module in design has a timescale.
WARNING: [XSIM 43-4099] "C:/Users/bless/Downloads/BoooC CNN-Accelerator-Based-on-Eyeriss-v2 master FPGA_design-src/Router_Cluster/Weight_Router.v" Line 22. Module Weight_Router doesn't have a timescale but at least one module in design has a timescale.
WARNING: [XSIM 43-4099] "C:/Users/bless/Downloads/BoooC CNN-Accelerator-Based-on-Eyeriss-v2 master FPGA_design-src/Router_Cluster/Weight_Router.v" Line 22. Module Weight_Router doesn't have a timescale but at least one module in design has a timescale.
WARNING: [XSIM 43-4099] "C:/Users/bless/Downloads/BoooC CNN-Accelerator-Based-on-Eyeriss-v2 master FPGA_design-src/Router_Cluster/Psum_Router.v" Line 22. Module Psum_Router doesn't have a timescale but at least one module in design has a timescale.
WARNING: [XSIM 43-4099] "C:/Users/bless/Downloads/BoooC CNN-Accelerator-Based-on-Eyeriss-v2 master FPGA_design-src/Router_Cluster/Psum_Router.v" Line 22. Module Psum_Router doesn't have a timescale but at least one module in design has a timescale.
WARNING: [XSIM 43-4099] "C:/Users/bless/Downloads/BoooC CNN-Accelerator-Based-on-Eyeriss-v2 master FPGA_design-src/Router_Cluster/Psum_Router.v" Line 22. Module Psum_Router doesn't have a timescale but at least one module in design has a timescale.
WARNING: [XSIM 43-4099] "C:/Users/bless/Downloads/BoooC CNN-Accelerator-Based-on-Eyeriss-v2 master FPGA_design-src/Cluster_Group/Cluster_Group_Controller.v" Line 15. Module Cluster_Group_Controller doesn't have a timescale but at least one module in design has a timescale.
WARNING: [XSIM 43-4099] "C:/Users/bless/Downloads/BoooC CNN-Accelerator-Based-on-Eyeriss-v2 master FPGA_design-src/Cluster_Group/Cluster_Group.v" Line 13. Module ClusterGroup doesn't have a timescale but at least one module in design has a timescale.
WARNING: [XSIM 43-4099] "C:/Users/bless/Downloads/BoooC CNN-Accelerator-Based-on-Eyeriss-v2 master FPGA_design-src/PE_Cluster/PE_Cluster.v" Line 11. Module PE_Cluster doesn't have a timescale but at least one module in design has a timescale.
WARNING: [XSIM 43-4099] "C:/Users/bless/Downloads/BoooC CNN-Accelerator-Based-on-Eyeriss-v2 master FPGA_design-src/PE_Cluster/PE/Processing_Element.v" Line 9. Module ProcessingElement doesn't have a timescale but at least one module in design has a timescale.
WARNING: [XSIM 43-4099] "C:/Users/bless/Downloads/BoooC CNN-Accelerator-Based-on-Eyeriss-v2 master FPGA_design-src/PE_Cluster/PE/Processing_Element_Controller.v" Line 8. Module Processing_Element_Controller doesn't have a timescale but at least one module in design has a timescale.
WARNING: [XSIM 43-4099] "C:/Users/bless/Downloads/BoooC CNN-Accelerator-Based-on-Eyeriss-v2 master FPGA_design-src/PE_Cluster/PE/Processing_Element_core.v" Line 11. Module Processing_Element_core doesn't have a timescale but at least one module in design has a timescale.
WARNING: [XSIM 43-4099] "C:/Users/bless/Downloads/BoooC CNN-Accelerator-Based-on-Eyeriss-v2 master FPGA_design-src/PE_Cluster/PE/SPad/Psum_Spad.v" Line 1. Module Psum_Spad doesn't have a timescale but at least one module in design has a timescale.
WARNING: [XSIM 43-4099] "C:/Users/bless/Downloads/BoooC CNN-Accelerator-Based-on-Eyeriss-v2 master FPGA_design-src/PE_Cluster/PE/SPad/Psum_Spad.v" Line 48. Module Psum_DATA_Spad_BRAM doesn't have a timescale but at least one module in design has a timescale.
WARNING: [XSIM 43-4099] "C:/Users/bless/Downloads/BoooC CNN-Accelerator-Based-on-Eyeriss-v2 master FPGA_design-src/PE_Cluster/PE/SPad/Former_addr_Spad.v" Line 9. Module Former_Address_Spad doesn't have a timescale but at least one module in design has a timescale.
WARNING: [XSIM 43-4099] "C:/Users/bless/Downloads/BoooC CNN-Accelerator-Based-on-Eyeriss-v2 master FPGA_design-src/PE_Cluster/PE/SPad/Former_data_Spad.v" Line 1. Module Former_Data_Spad doesn't have a timescale but at least one module in design has a timescale.
WARNING: [XSIM 43-4099] "C:/Users/bless/Downloads/BoooC CNN-Accelerator-Based-on-Eyeriss-v2 master FPGA_design-src/PE_Cluster/PE/SPad/Former_data_Spad.v" Line 69. Module Iact_DATA_Spad_BRAM doesn't have a timescale but at least one module in design has a timescale.
WARNING: [XSIM 43-4099] "C:/Users/bless/Downloads/BoooC CNN-Accelerator-Based-on-Eyeriss-v2 master FPGA_design-src/PE_Cluster/PE/SPad/Later_addr_Spad.v" Line 10. Module Later_Address_Spad doesn't have a timescale but at least one module in design has a timescale.
WARNING: [XSIM 43-4099] "C:/Users/bless/Downloads/BoooC CNN-Accelerator-Based-on-Eyeriss-v2 master FPGA_design-src/PE_Cluster/PE/SPad/Later_data_Spad.v" Line 15. Module Later_Data_Spad doesn't have a timescale but at least one module in design has a timescale.
WARNING: [XSIM 43-4099] "C:/Users/bless/Downloads/BoooC CNN-Accelerator-Based-on-Eyeriss-v2 master FPGA_design-src/PE_Cluster/PE/SPad/Later_data_Spad.v" Line 134. Module Weight_DATA_Spad_BRAM doesn't have a timescale but at least one module in design has a timescale.
WARNING: [XSIM 43-4099] "C:/Users/bless/Downloads/BoooC CNN-Accelerator-Based-on-Eyeriss-v2 master FPGA_design-src/PE_Cluster/PE/PE_data_FIFO.v" Line 9. Module PE_data_FIFO(DATA_IN_WIDTH=8) doesn't have a timescale but at least one module in design has a timescale.
WARNING: [XSIM 43-4099] "C:/Users/bless/Downloads/BoooC CNN-Accelerator-Based-on-Eyeriss-v2 master FPGA_design-src/PE_Cluster/PE/PE_data_FIFO.v" Line 9. Module PE_data_FIFO(DATA_IN_WIDTH=13) doesn't have a timescale but at least one module in design has a timescale.
WARNING: [XSIM 43-4099] "C:/Users/bless/Downloads/BoooC CNN-Accelerator-Based-on-Eyeriss-v2 master FPGA_design-src/PE_Cluster/PE/PE_data_FIFO.v" Line 9. Module PE_data_FIFO(DATA_IN_WIDTH=7) doesn't have a timescale but at least one module in design has a timescale.
WARNING: [XSIM 43-4099] "C:/Users/bless/Downloads/BoooC CNN-Accelerator-Based-on-Eyeriss-v2 master FPGA_design-src/PE_Cluster/PE/PE_data_FIFO.v" Line 9. Module PE_data_FIFO(DATA_IN_WIDTH=12) doesn't have a timescale but at least one module in design has a timescale.
WARNING: [XSIM 43-4099] "C:/Users/bless/Downloads/BoooC CNN-Accelerator-Based-on-Eyeriss-v2 master FPGA_design-src/PE_Cluster/PE/PE_psum_FIFO.v" Line 11. Module PE_psum_FIFO doesn't have a timescale but at least one module in design has a timescale.
WARNING: [XSIM 43-4099] "C:/Users/bless/Downloads/BoooC CNN-Accelerator-Based-on-Eyeriss-v2 master FPGA_design-src/PE_Cluster/PE/PE_psum_FIFO.v" Line 11. Module PE_psum_FIFO doesn't have a timescale but at least one module in design has a timescale.
WARNING: [XSIM 43-4099] "C:/Users/bless/Downloads/BoooC CNN-Accelerator-Based-on-Eyeriss-v2 master FPGA_design-src/PE_Cluster/PE/Processing_Element.v" Line 9. Module ProcessingElement doesn't have a timescale but at least one module in design has a timescale.
WARNING: [XSIM 43-4099] "C:/Users/bless/Downloads/BoooC CNN-Accelerator-Based-on-Eyeriss-v2 master FPGA_design-src/PE_Cluster/PE/Processing_Element_Controller.v" Line 8. Module Processing_Element_Controller doesn't have a timescale but at least one module in design has a timescale.
WARNING: [XSIM 43-4099] "C:/Users/bless/Downloads/BoooC CNN-Accelerator-Based-on-Eyeriss-v2 master FPGA_design-src/PE_Cluster/PE/Processing_Element_core.v" Line 11. Module Processing_Element_core doesn't have a timescale but at least one module in design has a timescale.
WARNING: [XSIM 43-4099] "C:/Users/bless/Downloads/BoooC CNN-Accelerator-Based-on-Eyeriss-v2 master FPGA_design-src/PE_Cluster/PE/SPad/Psum_Spad.v" Line 1. Module Psum_Spad doesn't have a timescale but at least one module in design has a timescale.
WARNING: [XSIM 43-4099] "C:/Users/bless/Downloads/BoooC CNN-Accelerator-Based-on-Eyeriss-v2 master FPGA_design-src/PE_Cluster/PE/SPad/Psum_Spad.v" Line 48. Module Psum_DATA_Spad_BRAM doesn't have a timescale but at least one module in design has a timescale.
WARNING: [XSIM 43-4099] "C:/Users/bless/Downloads/BoooC CNN-Accelerator-Based-on-Eyeriss-v2 master FPGA_design-src/PE_Cluster/PE/SPad/Former_addr_Spad.v" Line 9. Module Former_Address_Spad doesn't have a timescale but at least one module in design has a timescale.
WARNING: [XSIM 43-4099] "C:/Users/bless/Downloads/BoooC CNN-Accelerator-Based-on-Eyeriss-v2 master FPGA_design-src/PE_Cluster/PE/SPad/Former_data_Spad.v" Line 1. Module Former_Data_Spad doesn't have a timescale but at least one module in design has a timescale.
WARNING: [XSIM 43-4099] "C:/Users/bless/Downloads/BoooC CNN-Accelerator-Based-on-Eyeriss-v2 master FPGA_design-src/PE_Cluster/PE/SPad/Former_data_Spad.v" Line 69. Module Iact_DATA_Spad_BRAM doesn't have a timescale but at least one module in design has a timescale.
WARNING: [XSIM 43-4099] "C:/Users/bless/Downloads/BoooC CNN-Accelerator-Based-on-Eyeriss-v2 master FPGA_design-src/PE_Cluster/PE/SPad/Later_addr_Spad.v" Line 10. Module Later_Address_Spad doesn't have a timescale but at least one module in design has a timescale.
WARNING: [XSIM 43-4099] "C:/Users/bless/Downloads/BoooC CNN-Accelerator-Based-on-Eyeriss-v2 master FPGA_design-src/PE_Cluster/PE/SPad/Later_data_Spad.v" Line 15. Module Later_Data_Spad doesn't have a timescale but at least one module in design has a timescale.
WARNING: [XSIM 43-4099] "C:/Users/bless/Downloads/BoooC CNN-Accelerator-Based-on-Eyeriss-v2 master FPGA_design-src/PE_Cluster/PE/SPad/Later_data_Spad.v" Line 134. Module Weight_DATA_Spad_BRAM doesn't have a timescale but at least one module in design has a timescale.
WARNING: [XSIM 43-4099] "C:/Users/bless/Downloads/BoooC CNN-Accelerator-Based-on-Eyeriss-v2 master FPGA_design-src/PE_Cluster/PE/PE_data_FIFO.v" Line 9. Module PE_data_FIFO(DATA_IN_WIDTH=8) doesn't have a timescale but at least one module in design has a timescale.
WARNING: [XSIM 43-4099] "C:/Users/bless/Downloads/BoooC CNN-Accelerator-Based-on-Eyeriss-v2 master FPGA_design-src/PE_Cluster/PE/PE_data_FIFO.v" Line 9. Module PE_data_FIFO(DATA_IN_WIDTH=13) doesn't have a timescale but at least one module in design has a timescale.
WARNING: [XSIM 43-4099] "C:/Users/bless/Downloads/BoooC CNN-Accelerator-Based-on-Eyeriss-v2 master FPGA_design-src/PE_Cluster/PE/PE_data_FIFO.v" Line 9. Module PE_data_FIFO(DATA_IN_WIDTH=7) doesn't have a timescale but at least one module in design has a timescale.
WARNING: [XSIM 43-4099] "C:/Users/bless/Downloads/BoooC CNN-Accelerator-Based-on-Eyeriss-v2 master FPGA_design-src/PE_Cluster/PE/PE_data_FIFO.v" Line 9. Module PE_data_FIFO(DATA_IN_WIDTH=12) doesn't have a timescale but at least one module in design has a timescale.
WARNING: [XSIM 43-4099] "C:/Users/bless/Downloads/BoooC CNN-Accelerator-Based-on-Eyeriss-v2 master FPGA_design-src/PE_Cluster/PE/PE_psum_FIFO.v" Line 11. Module PE_psum_FIFO doesn't have a timescale but at least one module in design has a timescale.
WARNING: [XSIM 43-4099] "C:/Users/bless/Downloads/BoooC CNN-Accelerator-Based-on-Eyeriss-v2 master FPGA_design-src/PE_Cluster/PE/PE_psum_FIFO.v" Line 11. Module PE_psum_FIFO doesn't have a timescale but at least one module in design has a timescale.
WARNING: [XSIM 43-4099] "C:/Users/bless/Downloads/BoooC CNN-Accelerator-Based-on-Eyeriss-v2 master FPGA_design-src/PE_Cluster/PE/Processing_Element.v" Line 9. Module ProcessingElement doesn't have a timescale but at least one module in design has a timescale.
WARNING: [XSIM 43-4099] "C:/Users/bless/Downloads/BoooC CNN-Accelerator-Based-on-Eyeriss-v2 master FPGA_design-src/PE_Cluster/PE/Processing_Element_Controller.v" Line 8. Module Processing_Element_Controller doesn't have a timescale but at least one module in design has a timescale.
WARNING: [XSIM 43-4099] "C:/Users/bless/Downloads/BoooC CNN-Accelerator-Based-on-Eyeriss-v2 master FPGA_design-src/PE_Cluster/PE/Processing_Element_core.v" Line 11. Module Processing_Element_core doesn't have a timescale but at least one module in design has a timescale.
WARNING: [XSIM 43-4099] "C:/Users/bless/Downloads/BoooC CNN-Accelerator-Based-on-Eyeriss-v2 master FPGA_design-src/PE_Cluster/PE/SPad/Psum_Spad.v" Line 1. Module Psum_Spad doesn't have a timescale but at least one module in design has a timescale.
WARNING: [XSIM 43-4099] "C:/Users/bless/Downloads/BoooC CNN-Accelerator-Based-on-Eyeriss-v2 master FPGA_design-src/PE_Cluster/PE/SPad/Psum_Spad.v" Line 48. Module Psum_DATA_Spad_BRAM doesn't have a timescale but at least one module in design has a timescale.
WARNING: [XSIM 43-4099] "C:/Users/bless/Downloads/BoooC CNN-Accelerator-Based-on-Eyeriss-v2 master FPGA_design-src/PE_Cluster/PE/SPad/Former_addr_Spad.v" Line 9. Module Former_Address_Spad doesn't have a timescale but at least one module in design has a timescale.
WARNING: [XSIM 43-4099] "C:/Users/bless/Downloads/BoooC CNN-Accelerator-Based-on-Eyeriss-v2 master FPGA_design-src/PE_Cluster/PE/SPad/Former_data_Spad.v" Line 1. Module Former_Data_Spad doesn't have a timescale but at least one module in design has a timescale.
WARNING: [XSIM 43-4099] "C:/Users/bless/Downloads/BoooC CNN-Accelerator-Based-on-Eyeriss-v2 master FPGA_design-src/PE_Cluster/PE/SPad/Former_data_Spad.v" Line 69. Module Iact_DATA_Spad_BRAM doesn't have a timescale but at least one module in design has a timescale.
WARNING: [XSIM 43-4099] "C:/Users/bless/Downloads/BoooC CNN-Accelerator-Based-on-Eyeriss-v2 master FPGA_design-src/PE_Cluster/PE/SPad/Later_addr_Spad.v" Line 10. Module Later_Address_Spad doesn't have a timescale but at least one module in design has a timescale.
WARNING: [XSIM 43-4099] "C:/Users/bless/Downloads/BoooC CNN-Accelerator-Based-on-Eyeriss-v2 master FPGA_design-src/PE_Cluster/PE/SPad/Later_data_Spad.v" Line 15. Module Later_Data_Spad doesn't have a timescale but at least one module in design has a timescale.
WARNING: [XSIM 43-4099] "C:/Users/bless/Downloads/BoooC CNN-Accelerator-Based-on-Eyeriss-v2 master FPGA_design-src/PE_Cluster/PE/SPad/Later_data_Spad.v" Line 134. Module Weight_DATA_Spad_BRAM doesn't have a timescale but at least one module in design has a timescale.
WARNING: [XSIM 43-4099] "C:/Users/bless/Downloads/BoooC CNN-Accelerator-Based-on-Eyeriss-v2 master FPGA_design-src/PE_Cluster/PE/PE_data_FIFO.v" Line 9. Module PE_data_FIFO(DATA_IN_WIDTH=8) doesn't have a timescale but at least one module in design has a timescale.
WARNING: [XSIM 43-4099] "C:/Users/bless/Downloads/BoooC CNN-Accelerator-Based-on-Eyeriss-v2 master FPGA_design-src/PE_Cluster/PE/PE_data_FIFO.v" Line 9. Module PE_data_FIFO(DATA_IN_WIDTH=13) doesn't have a timescale but at least one module in design has a timescale.
WARNING: [XSIM 43-4099] "C:/Users/bless/Downloads/BoooC CNN-Accelerator-Based-on-Eyeriss-v2 master FPGA_design-src/PE_Cluster/PE/PE_data_FIFO.v" Line 9. Module PE_data_FIFO(DATA_IN_WIDTH=7) doesn't have a timescale but at least one module in design has a timescale.
WARNING: [XSIM 43-4099] "C:/Users/bless/Downloads/BoooC CNN-Accelerator-Based-on-Eyeriss-v2 master FPGA_design-src/PE_Cluster/PE/PE_data_FIFO.v" Line 9. Module PE_data_FIFO(DATA_IN_WIDTH=12) doesn't have a timescale but at least one module in design has a timescale.
WARNING: [XSIM 43-4099] "C:/Users/bless/Downloads/BoooC CNN-Accelerator-Based-on-Eyeriss-v2 master FPGA_design-src/PE_Cluster/PE/PE_psum_FIFO.v" Line 11. Module PE_psum_FIFO doesn't have a timescale but at least one module in design has a timescale.
WARNING: [XSIM 43-4099] "C:/Users/bless/Downloads/BoooC CNN-Accelerator-Based-on-Eyeriss-v2 master FPGA_design-src/PE_Cluster/PE/PE_psum_FIFO.v" Line 11. Module PE_psum_FIFO doesn't have a timescale but at least one module in design has a timescale.
WARNING: [XSIM 43-4099] "C:/Users/bless/Downloads/BoooC CNN-Accelerator-Based-on-Eyeriss-v2 master FPGA_design-src/PE_Cluster/PE/Processing_Element.v" Line 9. Module ProcessingElement doesn't have a timescale but at least one module in design has a timescale.
WARNING: [XSIM 43-4099] "C:/Users/bless/Downloads/BoooC CNN-Accelerator-Based-on-Eyeriss-v2 master FPGA_design-src/PE_Cluster/PE/Processing_Element_Controller.v" Line 8. Module Processing_Element_Controller doesn't have a timescale but at least one module in design has a timescale.
WARNING: [XSIM 43-4099] "C:/Users/bless/Downloads/BoooC CNN-Accelerator-Based-on-Eyeriss-v2 master FPGA_design-src/PE_Cluster/PE/Processing_Element_core.v" Line 11. Module Processing_Element_core doesn't have a timescale but at least one module in design has a timescale.
WARNING: [XSIM 43-4099] "C:/Users/bless/Downloads/BoooC CNN-Accelerator-Based-on-Eyeriss-v2 master FPGA_design-src/PE_Cluster/PE/SPad/Psum_Spad.v" Line 1. Module Psum_Spad doesn't have a timescale but at least one module in design has a timescale.
WARNING: [XSIM 43-4099] "C:/Users/bless/Downloads/BoooC CNN-Accelerator-Based-on-Eyeriss-v2 master FPGA_design-src/PE_Cluster/PE/SPad/Psum_Spad.v" Line 48. Module Psum_DATA_Spad_BRAM doesn't have a timescale but at least one module in design has a timescale.
WARNING: [XSIM 43-4099] "C:/Users/bless/Downloads/BoooC CNN-Accelerator-Based-on-Eyeriss-v2 master FPGA_design-src/PE_Cluster/PE/SPad/Former_addr_Spad.v" Line 9. Module Former_Address_Spad doesn't have a timescale but at least one module in design has a timescale.
WARNING: [XSIM 43-4099] "C:/Users/bless/Downloads/BoooC CNN-Accelerator-Based-on-Eyeriss-v2 master FPGA_design-src/PE_Cluster/PE/SPad/Former_data_Spad.v" Line 1. Module Former_Data_Spad doesn't have a timescale but at least one module in design has a timescale.
WARNING: [XSIM 43-4099] "C:/Users/bless/Downloads/BoooC CNN-Accelerator-Based-on-Eyeriss-v2 master FPGA_design-src/PE_Cluster/PE/SPad/Former_data_Spad.v" Line 69. Module Iact_DATA_Spad_BRAM doesn't have a timescale but at least one module in design has a timescale.
WARNING: [XSIM 43-4099] "C:/Users/bless/Downloads/BoooC CNN-Accelerator-Based-on-Eyeriss-v2 master FPGA_design-src/PE_Cluster/PE/SPad/Later_addr_Spad.v" Line 10. Module Later_Address_Spad doesn't have a timescale but at least one module in design has a timescale.
WARNING: [XSIM 43-4099] "C:/Users/bless/Downloads/BoooC CNN-Accelerator-Based-on-Eyeriss-v2 master FPGA_design-src/PE_Cluster/PE/SPad/Later_data_Spad.v" Line 15. Module Later_Data_Spad doesn't have a timescale but at least one module in design has a timescale.
WARNING: [XSIM 43-4099] "C:/Users/bless/Downloads/BoooC CNN-Accelerator-Based-on-Eyeriss-v2 master FPGA_design-src/PE_Cluster/PE/SPad/Later_data_Spad.v" Line 134. Module Weight_DATA_Spad_BRAM doesn't have a timescale but at least one module in design has a timescale.
WARNING: [XSIM 43-4099] "C:/Users/bless/Downloads/BoooC CNN-Accelerator-Based-on-Eyeriss-v2 master FPGA_design-src/PE_Cluster/PE/PE_data_FIFO.v" Line 9. Module PE_data_FIFO(DATA_IN_WIDTH=8) doesn't have a timescale but at least one module in design has a timescale.
WARNING: [XSIM 43-4099] "C:/Users/bless/Downloads/BoooC CNN-Accelerator-Based-on-Eyeriss-v2 master FPGA_design-src/PE_Cluster/PE/PE_data_FIFO.v" Line 9. Module PE_data_FIFO(DATA_IN_WIDTH=13) doesn't have a timescale but at least one module in design has a timescale.
WARNING: [XSIM 43-4099] "C:/Users/bless/Downloads/BoooC CNN-Accelerator-Based-on-Eyeriss-v2 master FPGA_design-src/PE_Cluster/PE/PE_data_FIFO.v" Line 9. Module PE_data_FIFO(DATA_IN_WIDTH=7) doesn't have a timescale but at least one module in design has a timescale.
WARNING: [XSIM 43-4099] "C:/Users/bless/Downloads/BoooC CNN-Accelerator-Based-on-Eyeriss-v2 master FPGA_design-src/PE_Cluster/PE/PE_data_FIFO.v" Line 9. Module PE_data_FIFO(DATA_IN_WIDTH=12) doesn't have a timescale but at least one module in design has a timescale.
WARNING: [XSIM 43-4099] "C:/Users/bless/Downloads/BoooC CNN-Accelerator-Based-on-Eyeriss-v2 master FPGA_design-src/PE_Cluster/PE/PE_psum_FIFO.v" Line 11. Module PE_psum_FIFO doesn't have a timescale but at least one module in design has a timescale.
WARNING: [XSIM 43-4099] "C:/Users/bless/Downloads/BoooC CNN-Accelerator-Based-on-Eyeriss-v2 master FPGA_design-src/PE_Cluster/PE/PE_psum_FIFO.v" Line 11. Module PE_psum_FIFO doesn't have a timescale but at least one module in design has a timescale.
WARNING: [XSIM 43-4099] "C:/Users/bless/Downloads/BoooC CNN-Accelerator-Based-on-Eyeriss-v2 master FPGA_design-src/PE_Cluster/PE/Processing_Element.v" Line 9. Module ProcessingElement doesn't have a timescale but at least one module in design has a timescale.
WARNING: [XSIM 43-4099] "C:/Users/bless/Downloads/BoooC CNN-Accelerator-Based-on-Eyeriss-v2 master FPGA_design-src/PE_Cluster/PE/Processing_Element_Controller.v" Line 8. Module Processing_Element_Controller doesn't have a timescale but at least one module in design has a timescale.
WARNING: [XSIM 43-4099] "C:/Users/bless/Downloads/BoooC CNN-Accelerator-Based-on-Eyeriss-v2 master FPGA_design-src/PE_Cluster/PE/Processing_Element_core.v" Line 11. Module Processing_Element_core doesn't have a timescale but at least one module in design has a timescale.
WARNING: [XSIM 43-4099] "C:/Users/bless/Downloads/BoooC CNN-Accelerator-Based-on-Eyeriss-v2 master FPGA_design-src/PE_Cluster/PE/SPad/Psum_Spad.v" Line 1. Module Psum_Spad doesn't have a timescale but at least one module in design has a timescale.
WARNING: [XSIM 43-4099] "C:/Users/bless/Downloads/BoooC CNN-Accelerator-Based-on-Eyeriss-v2 master FPGA_design-src/PE_Cluster/PE/SPad/Psum_Spad.v" Line 48. Module Psum_DATA_Spad_BRAM doesn't have a timescale but at least one module in design has a timescale.
WARNING: [XSIM 43-4099] "C:/Users/bless/Downloads/BoooC CNN-Accelerator-Based-on-Eyeriss-v2 master FPGA_design-src/PE_Cluster/PE/SPad/Former_addr_Spad.v" Line 9. Module Former_Address_Spad doesn't have a timescale but at least one module in design has a timescale.
WARNING: [XSIM 43-4099] "C:/Users/bless/Downloads/BoooC CNN-Accelerator-Based-on-Eyeriss-v2 master FPGA_design-src/PE_Cluster/PE/SPad/Former_data_Spad.v" Line 1. Module Former_Data_Spad doesn't have a timescale but at least one module in design has a timescale.
WARNING: [XSIM 43-4099] "C:/Users/bless/Downloads/BoooC CNN-Accelerator-Based-on-Eyeriss-v2 master FPGA_design-src/PE_Cluster/PE/SPad/Former_data_Spad.v" Line 69. Module Iact_DATA_Spad_BRAM doesn't have a timescale but at least one module in design has a timescale.
WARNING: [XSIM 43-4099] "C:/Users/bless/Downloads/BoooC CNN-Accelerator-Based-on-Eyeriss-v2 master FPGA_design-src/PE_Cluster/PE/SPad/Later_addr_Spad.v" Line 10. Module Later_Address_Spad doesn't have a timescale but at least one module in design has a timescale.
WARNING: [XSIM 43-4099] "C:/Users/bless/Downloads/BoooC CNN-Accelerator-Based-on-Eyeriss-v2 master FPGA_design-src/PE_Cluster/PE/SPad/Later_data_Spad.v" Line 15. Module Later_Data_Spad doesn't have a timescale but at least one module in design has a timescale.
WARNING: [XSIM 43-4099] "C:/Users/bless/Downloads/BoooC CNN-Accelerator-Based-on-Eyeriss-v2 master FPGA_design-src/PE_Cluster/PE/SPad/Later_data_Spad.v" Line 134. Module Weight_DATA_Spad_BRAM doesn't have a timescale but at least one module in design has a timescale.
WARNING: [XSIM 43-4099] "C:/Users/bless/Downloads/BoooC CNN-Accelerator-Based-on-Eyeriss-v2 master FPGA_design-src/PE_Cluster/PE/PE_data_FIFO.v" Line 9. Module PE_data_FIFO(DATA_IN_WIDTH=8) doesn't have a timescale but at least one module in design has a timescale.
WARNING: [XSIM 43-4099] "C:/Users/bless/Downloads/BoooC CNN-Accelerator-Based-on-Eyeriss-v2 master FPGA_design-src/PE_Cluster/PE/PE_data_FIFO.v" Line 9. Module PE_data_FIFO(DATA_IN_WIDTH=13) doesn't have a timescale but at least one module in design has a timescale.
WARNING: [XSIM 43-4099] "C:/Users/bless/Downloads/BoooC CNN-Accelerator-Based-on-Eyeriss-v2 master FPGA_design-src/PE_Cluster/PE/PE_data_FIFO.v" Line 9. Module PE_data_FIFO(DATA_IN_WIDTH=7) doesn't have a timescale but at least one module in design has a timescale.
WARNING: [XSIM 43-4099] "C:/Users/bless/Downloads/BoooC CNN-Accelerator-Based-on-Eyeriss-v2 master FPGA_design-src/PE_Cluster/PE/PE_data_FIFO.v" Line 9. Module PE_data_FIFO(DATA_IN_WIDTH=12) doesn't have a timescale but at least one module in design has a timescale.
WARNING: [XSIM 43-4099] "C:/Users/bless/Downloads/BoooC CNN-Accelerator-Based-on-Eyeriss-v2 master FPGA_design-src/PE_Cluster/PE/PE_psum_FIFO.v" Line 11. Module PE_psum_FIFO doesn't have a timescale but at least one module in design has a timescale.
WARNING: [XSIM 43-4099] "C:/Users/bless/Downloads/BoooC CNN-Accelerator-Based-on-Eyeriss-v2 master FPGA_design-src/PE_Cluster/PE/PE_psum_FIFO.v" Line 11. Module PE_psum_FIFO doesn't have a timescale but at least one module in design has a timescale.
WARNING: [XSIM 43-4099] "C:/Users/bless/Downloads/BoooC CNN-Accelerator-Based-on-Eyeriss-v2 master FPGA_design-src/PE_Cluster/PE/Processing_Element.v" Line 9. Module ProcessingElement doesn't have a timescale but at least one module in design has a timescale.
WARNING: [XSIM 43-4099] "C:/Users/bless/Downloads/BoooC CNN-Accelerator-Based-on-Eyeriss-v2 master FPGA_design-src/PE_Cluster/PE/Processing_Element_Controller.v" Line 8. Module Processing_Element_Controller doesn't have a timescale but at least one module in design has a timescale.
WARNING: [XSIM 43-4099] "C:/Users/bless/Downloads/BoooC CNN-Accelerator-Based-on-Eyeriss-v2 master FPGA_design-src/PE_Cluster/PE/Processing_Element_core.v" Line 11. Module Processing_Element_core doesn't have a timescale but at least one module in design has a timescale.
WARNING: [XSIM 43-4099] "C:/Users/bless/Downloads/BoooC CNN-Accelerator-Based-on-Eyeriss-v2 master FPGA_design-src/PE_Cluster/PE/SPad/Psum_Spad.v" Line 1. Module Psum_Spad doesn't have a timescale but at least one module in design has a timescale.
WARNING: [XSIM 43-4099] "C:/Users/bless/Downloads/BoooC CNN-Accelerator-Based-on-Eyeriss-v2 master FPGA_design-src/PE_Cluster/PE/SPad/Psum_Spad.v" Line 48. Module Psum_DATA_Spad_BRAM doesn't have a timescale but at least one module in design has a timescale.
WARNING: [XSIM 43-4099] "C:/Users/bless/Downloads/BoooC CNN-Accelerator-Based-on-Eyeriss-v2 master FPGA_design-src/PE_Cluster/PE/SPad/Former_addr_Spad.v" Line 9. Module Former_Address_Spad doesn't have a timescale but at least one module in design has a timescale.
WARNING: [XSIM 43-4099] "C:/Users/bless/Downloads/BoooC CNN-Accelerator-Based-on-Eyeriss-v2 master FPGA_design-src/PE_Cluster/PE/SPad/Former_data_Spad.v" Line 1. Module Former_Data_Spad doesn't have a timescale but at least one module in design has a timescale.
WARNING: [XSIM 43-4099] "C:/Users/bless/Downloads/BoooC CNN-Accelerator-Based-on-Eyeriss-v2 master FPGA_design-src/PE_Cluster/PE/SPad/Former_data_Spad.v" Line 69. Module Iact_DATA_Spad_BRAM doesn't have a timescale but at least one module in design has a timescale.
WARNING: [XSIM 43-4099] "C:/Users/bless/Downloads/BoooC CNN-Accelerator-Based-on-Eyeriss-v2 master FPGA_design-src/PE_Cluster/PE/SPad/Later_addr_Spad.v" Line 10. Module Later_Address_Spad doesn't have a timescale but at least one module in design has a timescale.
WARNING: [XSIM 43-4099] "C:/Users/bless/Downloads/BoooC CNN-Accelerator-Based-on-Eyeriss-v2 master FPGA_design-src/PE_Cluster/PE/SPad/Later_data_Spad.v" Line 15. Module Later_Data_Spad doesn't have a timescale but at least one module in design has a timescale.
WARNING: [XSIM 43-4099] "C:/Users/bless/Downloads/BoooC CNN-Accelerator-Based-on-Eyeriss-v2 master FPGA_design-src/PE_Cluster/PE/SPad/Later_data_Spad.v" Line 134. Module Weight_DATA_Spad_BRAM doesn't have a timescale but at least one module in design has a timescale.
WARNING: [XSIM 43-4099] "C:/Users/bless/Downloads/BoooC CNN-Accelerator-Based-on-Eyeriss-v2 master FPGA_design-src/PE_Cluster/PE/PE_data_FIFO.v" Line 9. Module PE_data_FIFO(DATA_IN_WIDTH=8) doesn't have a timescale but at least one module in design has a timescale.
WARNING: [XSIM 43-4099] "C:/Users/bless/Downloads/BoooC CNN-Accelerator-Based-on-Eyeriss-v2 master FPGA_design-src/PE_Cluster/PE/PE_data_FIFO.v" Line 9. Module PE_data_FIFO(DATA_IN_WIDTH=13) doesn't have a timescale but at least one module in design has a timescale.
WARNING: [XSIM 43-4099] "C:/Users/bless/Downloads/BoooC CNN-Accelerator-Based-on-Eyeriss-v2 master FPGA_design-src/PE_Cluster/PE/PE_data_FIFO.v" Line 9. Module PE_data_FIFO(DATA_IN_WIDTH=7) doesn't have a timescale but at least one module in design has a timescale.
WARNING: [XSIM 43-4099] "C:/Users/bless/Downloads/BoooC CNN-Accelerator-Based-on-Eyeriss-v2 master FPGA_design-src/PE_Cluster/PE/PE_data_FIFO.v" Line 9. Module PE_data_FIFO(DATA_IN_WIDTH=12) doesn't have a timescale but at least one module in design has a timescale.
WARNING: [XSIM 43-4099] "C:/Users/bless/Downloads/BoooC CNN-Accelerator-Based-on-Eyeriss-v2 master FPGA_design-src/PE_Cluster/PE/PE_psum_FIFO.v" Line 11. Module PE_psum_FIFO doesn't have a timescale but at least one module in design has a timescale.
WARNING: [XSIM 43-4099] "C:/Users/bless/Downloads/BoooC CNN-Accelerator-Based-on-Eyeriss-v2 master FPGA_design-src/PE_Cluster/PE/PE_psum_FIFO.v" Line 11. Module PE_psum_FIFO doesn't have a timescale but at least one module in design has a timescale.
WARNING: [XSIM 43-4099] "C:/Users/bless/Downloads/BoooC CNN-Accelerator-Based-on-Eyeriss-v2 master FPGA_design-src/PE_Cluster/PE/Processing_Element.v" Line 9. Module ProcessingElement doesn't have a timescale but at least one module in design has a timescale.
WARNING: [XSIM 43-4099] "C:/Users/bless/Downloads/BoooC CNN-Accelerator-Based-on-Eyeriss-v2 master FPGA_design-src/PE_Cluster/PE/Processing_Element_Controller.v" Line 8. Module Processing_Element_Controller doesn't have a timescale but at least one module in design has a timescale.
WARNING: [XSIM 43-4099] "C:/Users/bless/Downloads/BoooC CNN-Accelerator-Based-on-Eyeriss-v2 master FPGA_design-src/PE_Cluster/PE/Processing_Element_core.v" Line 11. Module Processing_Element_core doesn't have a timescale but at least one module in design has a timescale.
WARNING: [XSIM 43-4099] "C:/Users/bless/Downloads/BoooC CNN-Accelerator-Based-on-Eyeriss-v2 master FPGA_design-src/PE_Cluster/PE/SPad/Psum_Spad.v" Line 1. Module Psum_Spad doesn't have a timescale but at least one module in design has a timescale.
WARNING: [XSIM 43-4099] "C:/Users/bless/Downloads/BoooC CNN-Accelerator-Based-on-Eyeriss-v2 master FPGA_design-src/PE_Cluster/PE/SPad/Psum_Spad.v" Line 48. Module Psum_DATA_Spad_BRAM doesn't have a timescale but at least one module in design has a timescale.
WARNING: [XSIM 43-4099] "C:/Users/bless/Downloads/BoooC CNN-Accelerator-Based-on-Eyeriss-v2 master FPGA_design-src/PE_Cluster/PE/SPad/Former_addr_Spad.v" Line 9. Module Former_Address_Spad doesn't have a timescale but at least one module in design has a timescale.
WARNING: [XSIM 43-4099] "C:/Users/bless/Downloads/BoooC CNN-Accelerator-Based-on-Eyeriss-v2 master FPGA_design-src/PE_Cluster/PE/SPad/Former_data_Spad.v" Line 1. Module Former_Data_Spad doesn't have a timescale but at least one module in design has a timescale.
WARNING: [XSIM 43-4099] "C:/Users/bless/Downloads/BoooC CNN-Accelerator-Based-on-Eyeriss-v2 master FPGA_design-src/PE_Cluster/PE/SPad/Former_data_Spad.v" Line 69. Module Iact_DATA_Spad_BRAM doesn't have a timescale but at least one module in design has a timescale.
WARNING: [XSIM 43-4099] "C:/Users/bless/Downloads/BoooC CNN-Accelerator-Based-on-Eyeriss-v2 master FPGA_design-src/PE_Cluster/PE/SPad/Later_addr_Spad.v" Line 10. Module Later_Address_Spad doesn't have a timescale but at least one module in design has a timescale.
WARNING: [XSIM 43-4099] "C:/Users/bless/Downloads/BoooC CNN-Accelerator-Based-on-Eyeriss-v2 master FPGA_design-src/PE_Cluster/PE/SPad/Later_data_Spad.v" Line 15. Module Later_Data_Spad doesn't have a timescale but at least one module in design has a timescale.
WARNING: [XSIM 43-4099] "C:/Users/bless/Downloads/BoooC CNN-Accelerator-Based-on-Eyeriss-v2 master FPGA_design-src/PE_Cluster/PE/SPad/Later_data_Spad.v" Line 134. Module Weight_DATA_Spad_BRAM doesn't have a timescale but at least one module in design has a timescale.
WARNING: [XSIM 43-4099] "C:/Users/bless/Downloads/BoooC CNN-Accelerator-Based-on-Eyeriss-v2 master FPGA_design-src/PE_Cluster/PE/PE_data_FIFO.v" Line 9. Module PE_data_FIFO(DATA_IN_WIDTH=8) doesn't have a timescale but at least one module in design has a timescale.
WARNING: [XSIM 43-4099] "C:/Users/bless/Downloads/BoooC CNN-Accelerator-Based-on-Eyeriss-v2 master FPGA_design-src/PE_Cluster/PE/PE_data_FIFO.v" Line 9. Module PE_data_FIFO(DATA_IN_WIDTH=13) doesn't have a timescale but at least one module in design has a timescale.
WARNING: [XSIM 43-4099] "C:/Users/bless/Downloads/BoooC CNN-Accelerator-Based-on-Eyeriss-v2 master FPGA_design-src/PE_Cluster/PE/PE_data_FIFO.v" Line 9. Module PE_data_FIFO(DATA_IN_WIDTH=7) doesn't have a timescale but at least one module in design has a timescale.
WARNING: [XSIM 43-4099] "C:/Users/bless/Downloads/BoooC CNN-Accelerator-Based-on-Eyeriss-v2 master FPGA_design-src/PE_Cluster/PE/PE_data_FIFO.v" Line 9. Module PE_data_FIFO(DATA_IN_WIDTH=12) doesn't have a timescale but at least one module in design has a timescale.
WARNING: [XSIM 43-4099] "C:/Users/bless/Downloads/BoooC CNN-Accelerator-Based-on-Eyeriss-v2 master FPGA_design-src/PE_Cluster/PE/PE_psum_FIFO.v" Line 11. Module PE_psum_FIFO doesn't have a timescale but at least one module in design has a timescale.
WARNING: [XSIM 43-4099] "C:/Users/bless/Downloads/BoooC CNN-Accelerator-Based-on-Eyeriss-v2 master FPGA_design-src/PE_Cluster/PE/PE_psum_FIFO.v" Line 11. Module PE_psum_FIFO doesn't have a timescale but at least one module in design has a timescale.
WARNING: [XSIM 43-4099] "C:/Users/bless/Downloads/BoooC CNN-Accelerator-Based-on-Eyeriss-v2 master FPGA_design-src/PE_Cluster/PE/Processing_Element.v" Line 9. Module ProcessingElement doesn't have a timescale but at least one module in design has a timescale.
WARNING: [XSIM 43-4099] "C:/Users/bless/Downloads/BoooC CNN-Accelerator-Based-on-Eyeriss-v2 master FPGA_design-src/PE_Cluster/PE/Processing_Element_Controller.v" Line 8. Module Processing_Element_Controller doesn't have a timescale but at least one module in design has a timescale.
WARNING: [XSIM 43-4099] "C:/Users/bless/Downloads/BoooC CNN-Accelerator-Based-on-Eyeriss-v2 master FPGA_design-src/PE_Cluster/PE/Processing_Element_core.v" Line 11. Module Processing_Element_core doesn't have a timescale but at least one module in design has a timescale.
WARNING: [XSIM 43-4099] "C:/Users/bless/Downloads/BoooC CNN-Accelerator-Based-on-Eyeriss-v2 master FPGA_design-src/PE_Cluster/PE/SPad/Psum_Spad.v" Line 1. Module Psum_Spad doesn't have a timescale but at least one module in design has a timescale.
WARNING: [XSIM 43-4099] "C:/Users/bless/Downloads/BoooC CNN-Accelerator-Based-on-Eyeriss-v2 master FPGA_design-src/PE_Cluster/PE/SPad/Psum_Spad.v" Line 48. Module Psum_DATA_Spad_BRAM doesn't have a timescale but at least one module in design has a timescale.
WARNING: [XSIM 43-4099] "C:/Users/bless/Downloads/BoooC CNN-Accelerator-Based-on-Eyeriss-v2 master FPGA_design-src/PE_Cluster/PE/SPad/Former_addr_Spad.v" Line 9. Module Former_Address_Spad doesn't have a timescale but at least one module in design has a timescale.
WARNING: [XSIM 43-4099] "C:/Users/bless/Downloads/BoooC CNN-Accelerator-Based-on-Eyeriss-v2 master FPGA_design-src/PE_Cluster/PE/SPad/Former_data_Spad.v" Line 1. Module Former_Data_Spad doesn't have a timescale but at least one module in design has a timescale.
WARNING: [XSIM 43-4099] "C:/Users/bless/Downloads/BoooC CNN-Accelerator-Based-on-Eyeriss-v2 master FPGA_design-src/PE_Cluster/PE/SPad/Former_data_Spad.v" Line 69. Module Iact_DATA_Spad_BRAM doesn't have a timescale but at least one module in design has a timescale.
WARNING: [XSIM 43-4099] "C:/Users/bless/Downloads/BoooC CNN-Accelerator-Based-on-Eyeriss-v2 master FPGA_design-src/PE_Cluster/PE/SPad/Later_addr_Spad.v" Line 10. Module Later_Address_Spad doesn't have a timescale but at least one module in design has a timescale.
WARNING: [XSIM 43-4099] "C:/Users/bless/Downloads/BoooC CNN-Accelerator-Based-on-Eyeriss-v2 master FPGA_design-src/PE_Cluster/PE/SPad/Later_data_Spad.v" Line 15. Module Later_Data_Spad doesn't have a timescale but at least one module in design has a timescale.
WARNING: [XSIM 43-4099] "C:/Users/bless/Downloads/BoooC CNN-Accelerator-Based-on-Eyeriss-v2 master FPGA_design-src/PE_Cluster/PE/SPad/Later_data_Spad.v" Line 134. Module Weight_DATA_Spad_BRAM doesn't have a timescale but at least one module in design has a timescale.
WARNING: [XSIM 43-4099] "C:/Users/bless/Downloads/BoooC CNN-Accelerator-Based-on-Eyeriss-v2 master FPGA_design-src/PE_Cluster/PE/PE_data_FIFO.v" Line 9. Module PE_data_FIFO(DATA_IN_WIDTH=8) doesn't have a timescale but at least one module in design has a timescale.
WARNING: [XSIM 43-4099] "C:/Users/bless/Downloads/BoooC CNN-Accelerator-Based-on-Eyeriss-v2 master FPGA_design-src/PE_Cluster/PE/PE_data_FIFO.v" Line 9. Module PE_data_FIFO(DATA_IN_WIDTH=13) doesn't have a timescale but at least one module in design has a timescale.
WARNING: [XSIM 43-4099] "C:/Users/bless/Downloads/BoooC CNN-Accelerator-Based-on-Eyeriss-v2 master FPGA_design-src/PE_Cluster/PE/PE_data_FIFO.v" Line 9. Module PE_data_FIFO(DATA_IN_WIDTH=7) doesn't have a timescale but at least one module in design has a timescale.
WARNING: [XSIM 43-4099] "C:/Users/bless/Downloads/BoooC CNN-Accelerator-Based-on-Eyeriss-v2 master FPGA_design-src/PE_Cluster/PE/PE_data_FIFO.v" Line 9. Module PE_data_FIFO(DATA_IN_WIDTH=12) doesn't have a timescale but at least one module in design has a timescale.
WARNING: [XSIM 43-4099] "C:/Users/bless/Downloads/BoooC CNN-Accelerator-Based-on-Eyeriss-v2 master FPGA_design-src/PE_Cluster/PE/PE_psum_FIFO.v" Line 11. Module PE_psum_FIFO doesn't have a timescale but at least one module in design has a timescale.
WARNING: [XSIM 43-4099] "C:/Users/bless/Downloads/BoooC CNN-Accelerator-Based-on-Eyeriss-v2 master FPGA_design-src/PE_Cluster/PE/PE_psum_FIFO.v" Line 11. Module PE_psum_FIFO doesn't have a timescale but at least one module in design has a timescale.
WARNING: [XSIM 43-4099] "C:/Users/bless/Downloads/BoooC CNN-Accelerator-Based-on-Eyeriss-v2 master FPGA_design-src/PE_Cluster/PE/Processing_Element.v" Line 9. Module ProcessingElement doesn't have a timescale but at least one module in design has a timescale.
WARNING: [XSIM 43-4099] "C:/Users/bless/Downloads/BoooC CNN-Accelerator-Based-on-Eyeriss-v2 master FPGA_design-src/PE_Cluster/PE/Processing_Element_Controller.v" Line 8. Module Processing_Element_Controller doesn't have a timescale but at least one module in design has a timescale.
WARNING: [XSIM 43-4099] "C:/Users/bless/Downloads/BoooC CNN-Accelerator-Based-on-Eyeriss-v2 master FPGA_design-src/PE_Cluster/PE/Processing_Element_core.v" Line 11. Module Processing_Element_core doesn't have a timescale but at least one module in design has a timescale.
WARNING: [XSIM 43-4099] "C:/Users/bless/Downloads/BoooC CNN-Accelerator-Based-on-Eyeriss-v2 master FPGA_design-src/PE_Cluster/PE/SPad/Psum_Spad.v" Line 1. Module Psum_Spad doesn't have a timescale but at least one module in design has a timescale.
WARNING: [XSIM 43-4099] "C:/Users/bless/Downloads/BoooC CNN-Accelerator-Based-on-Eyeriss-v2 master FPGA_design-src/PE_Cluster/PE/SPad/Psum_Spad.v" Line 48. Module Psum_DATA_Spad_BRAM doesn't have a timescale but at least one module in design has a timescale.
WARNING: [XSIM 43-4099] "C:/Users/bless/Downloads/BoooC CNN-Accelerator-Based-on-Eyeriss-v2 master FPGA_design-src/PE_Cluster/PE/SPad/Former_addr_Spad.v" Line 9. Module Former_Address_Spad doesn't have a timescale but at least one module in design has a timescale.
WARNING: [XSIM 43-4099] "C:/Users/bless/Downloads/BoooC CNN-Accelerator-Based-on-Eyeriss-v2 master FPGA_design-src/PE_Cluster/PE/SPad/Former_data_Spad.v" Line 1. Module Former_Data_Spad doesn't have a timescale but at least one module in design has a timescale.
WARNING: [XSIM 43-4099] "C:/Users/bless/Downloads/BoooC CNN-Accelerator-Based-on-Eyeriss-v2 master FPGA_design-src/PE_Cluster/PE/SPad/Former_data_Spad.v" Line 69. Module Iact_DATA_Spad_BRAM doesn't have a timescale but at least one module in design has a timescale.
WARNING: [XSIM 43-4099] "C:/Users/bless/Downloads/BoooC CNN-Accelerator-Based-on-Eyeriss-v2 master FPGA_design-src/PE_Cluster/PE/SPad/Later_addr_Spad.v" Line 10. Module Later_Address_Spad doesn't have a timescale but at least one module in design has a timescale.
WARNING: [XSIM 43-4099] "C:/Users/bless/Downloads/BoooC CNN-Accelerator-Based-on-Eyeriss-v2 master FPGA_design-src/PE_Cluster/PE/SPad/Later_data_Spad.v" Line 15. Module Later_Data_Spad doesn't have a timescale but at least one module in design has a timescale.
WARNING: [XSIM 43-4099] "C:/Users/bless/Downloads/BoooC CNN-Accelerator-Based-on-Eyeriss-v2 master FPGA_design-src/PE_Cluster/PE/SPad/Later_data_Spad.v" Line 134. Module Weight_DATA_Spad_BRAM doesn't have a timescale but at least one module in design has a timescale.
WARNING: [XSIM 43-4099] "C:/Users/bless/Downloads/BoooC CNN-Accelerator-Based-on-Eyeriss-v2 master FPGA_design-src/PE_Cluster/PE/PE_data_FIFO.v" Line 9. Module PE_data_FIFO(DATA_IN_WIDTH=8) doesn't have a timescale but at least one module in design has a timescale.
WARNING: [XSIM 43-4099] "C:/Users/bless/Downloads/BoooC CNN-Accelerator-Based-on-Eyeriss-v2 master FPGA_design-src/PE_Cluster/PE/PE_data_FIFO.v" Line 9. Module PE_data_FIFO(DATA_IN_WIDTH=13) doesn't have a timescale but at least one module in design has a timescale.
WARNING: [XSIM 43-4099] "C:/Users/bless/Downloads/BoooC CNN-Accelerator-Based-on-Eyeriss-v2 master FPGA_design-src/PE_Cluster/PE/PE_data_FIFO.v" Line 9. Module PE_data_FIFO(DATA_IN_WIDTH=7) doesn't have a timescale but at least one module in design has a timescale.
WARNING: [XSIM 43-4099] "C:/Users/bless/Downloads/BoooC CNN-Accelerator-Based-on-Eyeriss-v2 master FPGA_design-src/PE_Cluster/PE/PE_data_FIFO.v" Line 9. Module PE_data_FIFO(DATA_IN_WIDTH=12) doesn't have a timescale but at least one module in design has a timescale.
WARNING: [XSIM 43-4099] "C:/Users/bless/Downloads/BoooC CNN-Accelerator-Based-on-Eyeriss-v2 master FPGA_design-src/PE_Cluster/PE/PE_psum_FIFO.v" Line 11. Module PE_psum_FIFO doesn't have a timescale but at least one module in design has a timescale.
WARNING: [XSIM 43-4099] "C:/Users/bless/Downloads/BoooC CNN-Accelerator-Based-on-Eyeriss-v2 master FPGA_design-src/PE_Cluster/PE/PE_psum_FIFO.v" Line 11. Module PE_psum_FIFO doesn't have a timescale but at least one module in design has a timescale.
WARNING: [XSIM 43-4099] "C:/Users/bless/Downloads/BoooC CNN-Accelerator-Based-on-Eyeriss-v2 master FPGA_design-src/PE_Cluster/PE_Cluster_controller.v" Line 9. Module PE_Cluster_controller doesn't have a timescale but at least one module in design has a timescale.
WARNING: [XSIM 43-4099] "C:/Users/bless/Downloads/BoooC CNN-Accelerator-Based-on-Eyeriss-v2 master FPGA_design-src/PE_Cluster/PE_Cluster_Data_Connections.v" Line 10. Module PE_Cluster_Connection doesn't have a timescale but at least one module in design has a timescale.
WARNING: [XSIM 43-4099] "C:/Users/bless/Downloads/BoooC CNN-Accelerator-Based-on-Eyeriss-v2 master FPGA_design-src/GLB_Cluster/GLB_Cluster.v" Line 14. Module GLB_Cluster doesn't have a timescale but at least one module in design has a timescale.
WARNING: [XSIM 43-4099] "C:/Users/bless/Downloads/BoooC CNN-Accelerator-Based-on-Eyeriss-v2 master FPGA_design-src/GLB_Cluster/Iact_SRAM_Bank.v" Line 9. Module Iact_SRAM_Bank doesn't have a timescale but at least one module in design has a timescale.
WARNING: [XSIM 43-4099] "C:/Users/bless/Downloads/BoooC CNN-Accelerator-Based-on-Eyeriss-v2 master FPGA_design-src/GLB_Cluster/Iact_addr_SRAM.v" Line 12. Module iact_addr_SRAM doesn't have a timescale but at least one module in design has a timescale.
WARNING: [XSIM 43-4099] "C:/Users/bless/Downloads/BoooC CNN-Accelerator-Based-on-Eyeriss-v2 master FPGA_design-src/GLB_Cluster/Iact_addr_SRAM.v" Line 218. Module Iact_Addr_SRAM_BRAM doesn't have a timescale but at least one module in design has a timescale.
WARNING: [XSIM 43-4099] "C:/Users/bless/Downloads/BoooC CNN-Accelerator-Based-on-Eyeriss-v2 master FPGA_design-src/GLB_Cluster/Iact_data_SRAM.v" Line 1. Module lact_data_SRAM doesn't have a timescale but at least one module in design has a timescale.
WARNING: [XSIM 43-4099] "C:/Users/bless/Downloads/BoooC CNN-Accelerator-Based-on-Eyeriss-v2 master FPGA_design-src/PE_Cluster/PE/SPad/Psum_Spad.v" Line 129. Module Iact_Data_SRAM_BRAM doesn't have a timescale but at least one module in design has a timescale.
WARNING: [XSIM 43-4099] "C:/Users/bless/Downloads/BoooC CNN-Accelerator-Based-on-Eyeriss-v2 master FPGA_design-src/GLB_Cluster/Iact_SRAM_Bank.v" Line 9. Module Iact_SRAM_Bank doesn't have a timescale but at least one module in design has a timescale.
WARNING: [XSIM 43-4099] "C:/Users/bless/Downloads/BoooC CNN-Accelerator-Based-on-Eyeriss-v2 master FPGA_design-src/GLB_Cluster/Iact_addr_SRAM.v" Line 12. Module iact_addr_SRAM doesn't have a timescale but at least one module in design has a timescale.
WARNING: [XSIM 43-4099] "C:/Users/bless/Downloads/BoooC CNN-Accelerator-Based-on-Eyeriss-v2 master FPGA_design-src/GLB_Cluster/Iact_addr_SRAM.v" Line 218. Module Iact_Addr_SRAM_BRAM doesn't have a timescale but at least one module in design has a timescale.
WARNING: [XSIM 43-4099] "C:/Users/bless/Downloads/BoooC CNN-Accelerator-Based-on-Eyeriss-v2 master FPGA_design-src/GLB_Cluster/Iact_data_SRAM.v" Line 1. Module lact_data_SRAM doesn't have a timescale but at least one module in design has a timescale.
WARNING: [XSIM 43-4099] "C:/Users/bless/Downloads/BoooC CNN-Accelerator-Based-on-Eyeriss-v2 master FPGA_design-src/PE_Cluster/PE/SPad/Psum_Spad.v" Line 129. Module Iact_Data_SRAM_BRAM doesn't have a timescale but at least one module in design has a timescale.
WARNING: [XSIM 43-4099] "C:/Users/bless/Downloads/BoooC CNN-Accelerator-Based-on-Eyeriss-v2 master FPGA_design-src/GLB_Cluster/Iact_SRAM_Bank.v" Line 9. Module Iact_SRAM_Bank doesn't have a timescale but at least one module in design has a timescale.
WARNING: [XSIM 43-4099] "C:/Users/bless/Downloads/BoooC CNN-Accelerator-Based-on-Eyeriss-v2 master FPGA_design-src/GLB_Cluster/Iact_addr_SRAM.v" Line 12. Module iact_addr_SRAM doesn't have a timescale but at least one module in design has a timescale.
WARNING: [XSIM 43-4099] "C:/Users/bless/Downloads/BoooC CNN-Accelerator-Based-on-Eyeriss-v2 master FPGA_design-src/GLB_Cluster/Iact_addr_SRAM.v" Line 218. Module Iact_Addr_SRAM_BRAM doesn't have a timescale but at least one module in design has a timescale.
WARNING: [XSIM 43-4099] "C:/Users/bless/Downloads/BoooC CNN-Accelerator-Based-on-Eyeriss-v2 master FPGA_design-src/GLB_Cluster/Iact_data_SRAM.v" Line 1. Module lact_data_SRAM doesn't have a timescale but at least one module in design has a timescale.
WARNING: [XSIM 43-4099] "C:/Users/bless/Downloads/BoooC CNN-Accelerator-Based-on-Eyeriss-v2 master FPGA_design-src/PE_Cluster/PE/SPad/Psum_Spad.v" Line 129. Module Iact_Data_SRAM_BRAM doesn't have a timescale but at least one module in design has a timescale.
WARNING: [XSIM 43-4099] "C:/Users/bless/Downloads/BoooC CNN-Accelerator-Based-on-Eyeriss-v2 master FPGA_design-src/GLB_Cluster/Iact_SRAM_Bank.v" Line 9. Module Iact_SRAM_Bank doesn't have a timescale but at least one module in design has a timescale.
WARNING: [XSIM 43-4099] "C:/Users/bless/Downloads/BoooC CNN-Accelerator-Based-on-Eyeriss-v2 master FPGA_design-src/GLB_Cluster/Iact_addr_SRAM.v" Line 12. Module iact_addr_SRAM doesn't have a timescale but at least one module in design has a timescale.
WARNING: [XSIM 43-4099] "C:/Users/bless/Downloads/BoooC CNN-Accelerator-Based-on-Eyeriss-v2 master FPGA_design-src/GLB_Cluster/Iact_addr_SRAM.v" Line 218. Module Iact_Addr_SRAM_BRAM doesn't have a timescale but at least one module in design has a timescale.
WARNING: [XSIM 43-4099] "C:/Users/bless/Downloads/BoooC CNN-Accelerator-Based-on-Eyeriss-v2 master FPGA_design-src/GLB_Cluster/Iact_data_SRAM.v" Line 1. Module lact_data_SRAM doesn't have a timescale but at least one module in design has a timescale.
WARNING: [XSIM 43-4099] "C:/Users/bless/Downloads/BoooC CNN-Accelerator-Based-on-Eyeriss-v2 master FPGA_design-src/PE_Cluster/PE/SPad/Psum_Spad.v" Line 129. Module Iact_Data_SRAM_BRAM doesn't have a timescale but at least one module in design has a timescale.
WARNING: [XSIM 43-4099] "C:/Users/bless/Downloads/BoooC CNN-Accelerator-Based-on-Eyeriss-v2 master FPGA_design-src/GLB_Cluster/Iact_SRAM_Bank.v" Line 9. Module Iact_SRAM_Bank doesn't have a timescale but at least one module in design has a timescale.
WARNING: [XSIM 43-4099] "C:/Users/bless/Downloads/BoooC CNN-Accelerator-Based-on-Eyeriss-v2 master FPGA_design-src/GLB_Cluster/Iact_addr_SRAM.v" Line 12. Module iact_addr_SRAM doesn't have a timescale but at least one module in design has a timescale.
WARNING: [XSIM 43-4099] "C:/Users/bless/Downloads/BoooC CNN-Accelerator-Based-on-Eyeriss-v2 master FPGA_design-src/GLB_Cluster/Iact_addr_SRAM.v" Line 218. Module Iact_Addr_SRAM_BRAM doesn't have a timescale but at least one module in design has a timescale.
WARNING: [XSIM 43-4099] "C:/Users/bless/Downloads/BoooC CNN-Accelerator-Based-on-Eyeriss-v2 master FPGA_design-src/GLB_Cluster/Iact_data_SRAM.v" Line 1. Module lact_data_SRAM doesn't have a timescale but at least one module in design has a timescale.
WARNING: [XSIM 43-4099] "C:/Users/bless/Downloads/BoooC CNN-Accelerator-Based-on-Eyeriss-v2 master FPGA_design-src/PE_Cluster/PE/SPad/Psum_Spad.v" Line 129. Module Iact_Data_SRAM_BRAM doesn't have a timescale but at least one module in design has a timescale.
WARNING: [XSIM 43-4099] "C:/Users/bless/Downloads/BoooC CNN-Accelerator-Based-on-Eyeriss-v2 master FPGA_design-src/GLB_Cluster/Iact_SRAM_Bank.v" Line 9. Module Iact_SRAM_Bank doesn't have a timescale but at least one module in design has a timescale.
WARNING: [XSIM 43-4099] "C:/Users/bless/Downloads/BoooC CNN-Accelerator-Based-on-Eyeriss-v2 master FPGA_design-src/GLB_Cluster/Iact_addr_SRAM.v" Line 12. Module iact_addr_SRAM doesn't have a timescale but at least one module in design has a timescale.
WARNING: [XSIM 43-4099] "C:/Users/bless/Downloads/BoooC CNN-Accelerator-Based-on-Eyeriss-v2 master FPGA_design-src/GLB_Cluster/Iact_addr_SRAM.v" Line 218. Module Iact_Addr_SRAM_BRAM doesn't have a timescale but at least one module in design has a timescale.
WARNING: [XSIM 43-4099] "C:/Users/bless/Downloads/BoooC CNN-Accelerator-Based-on-Eyeriss-v2 master FPGA_design-src/GLB_Cluster/Iact_data_SRAM.v" Line 1. Module lact_data_SRAM doesn't have a timescale but at least one module in design has a timescale.
WARNING: [XSIM 43-4099] "C:/Users/bless/Downloads/BoooC CNN-Accelerator-Based-on-Eyeriss-v2 master FPGA_design-src/PE_Cluster/PE/SPad/Psum_Spad.v" Line 129. Module Iact_Data_SRAM_BRAM doesn't have a timescale but at least one module in design has a timescale.
WARNING: [XSIM 43-4099] "C:/Users/bless/Downloads/BoooC CNN-Accelerator-Based-on-Eyeriss-v2 master FPGA_design-src/GLB_Cluster/Iact_SRAM_Bank.v" Line 9. Module Iact_SRAM_Bank doesn't have a timescale but at least one module in design has a timescale.
WARNING: [XSIM 43-4099] "C:/Users/bless/Downloads/BoooC CNN-Accelerator-Based-on-Eyeriss-v2 master FPGA_design-src/GLB_Cluster/Iact_addr_SRAM.v" Line 12. Module iact_addr_SRAM doesn't have a timescale but at least one module in design has a timescale.
WARNING: [XSIM 43-4099] "C:/Users/bless/Downloads/BoooC CNN-Accelerator-Based-on-Eyeriss-v2 master FPGA_design-src/GLB_Cluster/Iact_addr_SRAM.v" Line 218. Module Iact_Addr_SRAM_BRAM doesn't have a timescale but at least one module in design has a timescale.
WARNING: [XSIM 43-4099] "C:/Users/bless/Downloads/BoooC CNN-Accelerator-Based-on-Eyeriss-v2 master FPGA_design-src/GLB_Cluster/Iact_data_SRAM.v" Line 1. Module lact_data_SRAM doesn't have a timescale but at least one module in design has a timescale.
WARNING: [XSIM 43-4099] "C:/Users/bless/Downloads/BoooC CNN-Accelerator-Based-on-Eyeriss-v2 master FPGA_design-src/PE_Cluster/PE/SPad/Psum_Spad.v" Line 129. Module Iact_Data_SRAM_BRAM doesn't have a timescale but at least one module in design has a timescale.
WARNING: [XSIM 43-4099] "C:/Users/bless/Downloads/BoooC CNN-Accelerator-Based-on-Eyeriss-v2 master FPGA_design-src/GLB_Cluster/Iact_SRAM_Bank.v" Line 9. Module Iact_SRAM_Bank doesn't have a timescale but at least one module in design has a timescale.
WARNING: [XSIM 43-4099] "C:/Users/bless/Downloads/BoooC CNN-Accelerator-Based-on-Eyeriss-v2 master FPGA_design-src/GLB_Cluster/Iact_addr_SRAM.v" Line 12. Module iact_addr_SRAM doesn't have a timescale but at least one module in design has a timescale.
WARNING: [XSIM 43-4099] "C:/Users/bless/Downloads/BoooC CNN-Accelerator-Based-on-Eyeriss-v2 master FPGA_design-src/GLB_Cluster/Iact_addr_SRAM.v" Line 218. Module Iact_Addr_SRAM_BRAM doesn't have a timescale but at least one module in design has a timescale.
WARNING: [XSIM 43-4099] "C:/Users/bless/Downloads/BoooC CNN-Accelerator-Based-on-Eyeriss-v2 master FPGA_design-src/GLB_Cluster/Iact_data_SRAM.v" Line 1. Module lact_data_SRAM doesn't have a timescale but at least one module in design has a timescale.
WARNING: [XSIM 43-4099] "C:/Users/bless/Downloads/BoooC CNN-Accelerator-Based-on-Eyeriss-v2 master FPGA_design-src/PE_Cluster/PE/SPad/Psum_Spad.v" Line 129. Module Iact_Data_SRAM_BRAM doesn't have a timescale but at least one module in design has a timescale.
WARNING: [XSIM 43-4099] "C:/Users/bless/Downloads/BoooC CNN-Accelerator-Based-on-Eyeriss-v2 master FPGA_design-src/GLB_Cluster/Iact_SRAM_Bank.v" Line 9. Module Iact_SRAM_Bank doesn't have a timescale but at least one module in design has a timescale.
WARNING: [XSIM 43-4099] "C:/Users/bless/Downloads/BoooC CNN-Accelerator-Based-on-Eyeriss-v2 master FPGA_design-src/GLB_Cluster/Iact_addr_SRAM.v" Line 12. Module iact_addr_SRAM doesn't have a timescale but at least one module in design has a timescale.
WARNING: [XSIM 43-4099] "C:/Users/bless/Downloads/BoooC CNN-Accelerator-Based-on-Eyeriss-v2 master FPGA_design-src/GLB_Cluster/Iact_addr_SRAM.v" Line 218. Module Iact_Addr_SRAM_BRAM doesn't have a timescale but at least one module in design has a timescale.
WARNING: [XSIM 43-4099] "C:/Users/bless/Downloads/BoooC CNN-Accelerator-Based-on-Eyeriss-v2 master FPGA_design-src/GLB_Cluster/Iact_data_SRAM.v" Line 1. Module lact_data_SRAM doesn't have a timescale but at least one module in design has a timescale.
WARNING: [XSIM 43-4099] "C:/Users/bless/Downloads/BoooC CNN-Accelerator-Based-on-Eyeriss-v2 master FPGA_design-src/PE_Cluster/PE/SPad/Psum_Spad.v" Line 129. Module Iact_Data_SRAM_BRAM doesn't have a timescale but at least one module in design has a timescale.
WARNING: [XSIM 43-4099] "C:/Users/bless/Downloads/BoooC CNN-Accelerator-Based-on-Eyeriss-v2 master FPGA_design-src/GLB_Cluster/Psum_SRAM_Bank.v" Line 1. Module Psum_SRAM_Bank doesn't have a timescale but at least one module in design has a timescale.
WARNING: [XSIM 43-4099] "C:/Users/bless/Downloads/BoooC CNN-Accelerator-Based-on-Eyeriss-v2 master FPGA_design-src/GLB_Cluster/Psum_SRAM_Bank.v" Line 73. Module Psum_Data_SRAM_BRAM doesn't have a timescale but at least one module in design has a timescale.
WARNING: [XSIM 43-4099] "C:/Users/bless/Downloads/BoooC CNN-Accelerator-Based-on-Eyeriss-v2 master FPGA_design-src/GLB_Cluster/Psum_SRAM_Bank.v" Line 1. Module Psum_SRAM_Bank doesn't have a timescale but at least one module in design has a timescale.
WARNING: [XSIM 43-4099] "C:/Users/bless/Downloads/BoooC CNN-Accelerator-Based-on-Eyeriss-v2 master FPGA_design-src/GLB_Cluster/Psum_SRAM_Bank.v" Line 73. Module Psum_Data_SRAM_BRAM doesn't have a timescale but at least one module in design has a timescale.
WARNING: [XSIM 43-4099] "C:/Users/bless/Downloads/BoooC CNN-Accelerator-Based-on-Eyeriss-v2 master FPGA_design-src/GLB_Cluster/Psum_SRAM_Bank.v" Line 1. Module Psum_SRAM_Bank doesn't have a timescale but at least one module in design has a timescale.
WARNING: [XSIM 43-4099] "C:/Users/bless/Downloads/BoooC CNN-Accelerator-Based-on-Eyeriss-v2 master FPGA_design-src/GLB_Cluster/Psum_SRAM_Bank.v" Line 73. Module Psum_Data_SRAM_BRAM doesn't have a timescale but at least one module in design has a timescale.
WARNING: [XSIM 43-4099] "C:/Users/bless/Downloads/BoooC CNN-Accelerator-Based-on-Eyeriss-v2 master FPGA_design-src/Router_Cluster/Router_Cluster.v" Line 14. Module Router_Cluster doesn't have a timescale but at least one module in design has a timescale.
WARNING: [XSIM 43-4099] "C:/Users/bless/Downloads/BoooC CNN-Accelerator-Based-on-Eyeriss-v2 master FPGA_design-src/Router_Cluster/Iact_Router.v" Line 22. Module Iact_Router doesn't have a timescale but at least one module in design has a timescale.
WARNING: [XSIM 43-4099] "C:/Users/bless/Downloads/BoooC CNN-Accelerator-Based-on-Eyeriss-v2 master FPGA_design-src/Router_Cluster/Iact_Router.v" Line 22. Module Iact_Router doesn't have a timescale but at least one module in design has a timescale.
WARNING: [XSIM 43-4099] "C:/Users/bless/Downloads/BoooC CNN-Accelerator-Based-on-Eyeriss-v2 master FPGA_design-src/Router_Cluster/Iact_Router.v" Line 22. Module Iact_Router doesn't have a timescale but at least one module in design has a timescale.
WARNING: [XSIM 43-4099] "C:/Users/bless/Downloads/BoooC CNN-Accelerator-Based-on-Eyeriss-v2 master FPGA_design-src/Router_Cluster/Iact_Router.v" Line 22. Module Iact_Router doesn't have a timescale but at least one module in design has a timescale.
WARNING: [XSIM 43-4099] "C:/Users/bless/Downloads/BoooC CNN-Accelerator-Based-on-Eyeriss-v2 master FPGA_design-src/Router_Cluster/Iact_Router.v" Line 22. Module Iact_Router doesn't have a timescale but at least one module in design has a timescale.
WARNING: [XSIM 43-4099] "C:/Users/bless/Downloads/BoooC CNN-Accelerator-Based-on-Eyeriss-v2 master FPGA_design-src/Router_Cluster/Iact_Router.v" Line 22. Module Iact_Router doesn't have a timescale but at least one module in design has a timescale.
WARNING: [XSIM 43-4099] "C:/Users/bless/Downloads/BoooC CNN-Accelerator-Based-on-Eyeriss-v2 master FPGA_design-src/Router_Cluster/Iact_Router.v" Line 22. Module Iact_Router doesn't have a timescale but at least one module in design has a timescale.
WARNING: [XSIM 43-4099] "C:/Users/bless/Downloads/BoooC CNN-Accelerator-Based-on-Eyeriss-v2 master FPGA_design-src/Router_Cluster/Iact_Router.v" Line 22. Module Iact_Router doesn't have a timescale but at least one module in design has a timescale.
WARNING: [XSIM 43-4099] "C:/Users/bless/Downloads/BoooC CNN-Accelerator-Based-on-Eyeriss-v2 master FPGA_design-src/Router_Cluster/Iact_Router.v" Line 22. Module Iact_Router doesn't have a timescale but at least one module in design has a timescale.
WARNING: [XSIM 43-4099] "C:/Users/bless/Downloads/BoooC CNN-Accelerator-Based-on-Eyeriss-v2 master FPGA_design-src/Router_Cluster/Weight_Router.v" Line 22. Module Weight_Router doesn't have a timescale but at least one module in design has a timescale.
WARNING: [XSIM 43-4099] "C:/Users/bless/Downloads/BoooC CNN-Accelerator-Based-on-Eyeriss-v2 master FPGA_design-src/Router_Cluster/Weight_Router.v" Line 22. Module Weight_Router doesn't have a timescale but at least one module in design has a timescale.
WARNING: [XSIM 43-4099] "C:/Users/bless/Downloads/BoooC CNN-Accelerator-Based-on-Eyeriss-v2 master FPGA_design-src/Router_Cluster/Weight_Router.v" Line 22. Module Weight_Router doesn't have a timescale but at least one module in design has a timescale.
WARNING: [XSIM 43-4099] "C:/Users/bless/Downloads/BoooC CNN-Accelerator-Based-on-Eyeriss-v2 master FPGA_design-src/Router_Cluster/Psum_Router.v" Line 22. Module Psum_Router doesn't have a timescale but at least one module in design has a timescale.
WARNING: [XSIM 43-4099] "C:/Users/bless/Downloads/BoooC CNN-Accelerator-Based-on-Eyeriss-v2 master FPGA_design-src/Router_Cluster/Psum_Router.v" Line 22. Module Psum_Router doesn't have a timescale but at least one module in design has a timescale.
WARNING: [XSIM 43-4099] "C:/Users/bless/Downloads/BoooC CNN-Accelerator-Based-on-Eyeriss-v2 master FPGA_design-src/Router_Cluster/Psum_Router.v" Line 22. Module Psum_Router doesn't have a timescale but at least one module in design has a timescale.
WARNING: [XSIM 43-4099] "C:/Users/bless/Downloads/BoooC CNN-Accelerator-Based-on-Eyeriss-v2 master FPGA_design-src/Cluster_Group/Cluster_Group_Controller.v" Line 15. Module Cluster_Group_Controller doesn't have a timescale but at least one module in design has a timescale.
WARNING: [XSIM 43-4099] "C:/Users/bless/Downloads/BoooC CNN-Accelerator-Based-on-Eyeriss-v2 master FPGA_design-src/im2col_converter/im2col_converter.v" Line 109. Module im2col_converter doesn't have a timescale but at least one module in design has a timescale.
WARNING: [XSIM 43-4099] "C:/Users/bless/Downloads/BoooC CNN-Accelerator-Based-on-Eyeriss-v2 master FPGA_design-src/CSC_encoder/CSC_encoderr.v" Line 17. Module CSC_Encoder doesn't have a timescale but at least one module in design has a timescale.
WARNING: [XSIM 43-4099] "C:/Users/bless/Downloads/BoooC CNN-Accelerator-Based-on-Eyeriss-v2 master FPGA_design-src/CSC_encoder/CSC_encoderr_FIFO.v" Line 1. Module CSC_switch_FIFO doesn't have a timescale but at least one module in design has a timescale.
WARNING: [XSIM 43-4099] "C:/Users/bless/Downloads/BoooC CNN-Accelerator-Based-on-Eyeriss-v2 master FPGA_design-src/CSC_encoder/CSC_encoderr_FIFO.v" Line 1. Module CSC_switch_FIFO(DATA_WIDTH=7) doesn't have a timescale but at least one module in design has a timescale.
WARNING: [XSIM 43-4099] "C:/Users/bless/Downloads/BoooC CNN-Accelerator-Based-on-Eyeriss-v2 master FPGA_design-src/CSC_encoder/CSC_encoderr_FIFO.v" Line 1. Module CSC_switch_FIFO(DATA_WIDTH=12) doesn't have a timescale but at least one module in design has a timescale.
WARNING: [XSIM 43-4099] "C:/Users/bless/Downloads/BoooC CNN-Accelerator-Based-on-Eyeriss-v2 master FPGA_design-src/CSC_encoder/CSC_encoderr.v" Line 17. Module CSC_Encoder(ADDR_WIDTH=8,COUNT_WIDTH=5) doesn't have a timescale but at least one module in design has a timescale.
WARNING: [XSIM 43-4099] "C:/Users/bless/Downloads/BoooC CNN-Accelerator-Based-on-Eyeriss-v2 master FPGA_design-src/CSC_encoder/CSC_encoderr_FIFO.v" Line 1. Module CSC_switch_FIFO doesn't have a timescale but at least one module in design has a timescale.
WARNING: [XSIM 43-4099] "C:/Users/bless/Downloads/BoooC CNN-Accelerator-Based-on-Eyeriss-v2 master FPGA_design-src/CSC_encoder/CSC_encoderr_FIFO.v" Line 1. Module CSC_switch_FIFO doesn't have a timescale but at least one module in design has a timescale.
WARNING: [XSIM 43-4099] "C:/Users/bless/Downloads/BoooC CNN-Accelerator-Based-on-Eyeriss-v2 master FPGA_design-src/CSC_encoder/CSC_encoderr_FIFO.v" Line 1. Module CSC_switch_FIFO(DATA_WIDTH=13) doesn't have a timescale but at least one module in design has a timescale.
WARNING: [XSIM 43-4099] "C:/Users/bless/Downloads/BoooC CNN-Accelerator-Based-on-Eyeriss-v2 master FPGA_design-src/TOP/Psum_rearrange.v" Line 8. Module psum_rearrange doesn't have a timescale but at least one module in design has a timescale.
WARNING: [XSIM 43-4099] "C:/Users/bless/Downloads/BoooC CNN-Accelerator-Based-on-Eyeriss-v2 master FPGA_design-src/TOP/Psum_rearrange.v" Line 58. Module Psum_Rearrange_BRAM doesn't have a timescale but at least one module in design has a timescale.
WARNING: [XSIM 43-4099] "C:/Users/bless/Downloads/BoooC CNN-Accelerator-Based-on-Eyeriss-v2 master FPGA_design-src/Quantizer/Psum_Requantizer.v" Line 13. Module Psum_Requantizer doesn't have a timescale but at least one module in design has a timescale.
WARNING: [XSIM 43-4099] "C:/Users/bless/Downloads/BoooC CNN-Accelerator-Based-on-Eyeriss-v2 master FPGA_design-src/Activation/ReLU.v" Line 9. Module ReLU doesn't have a timescale but at least one module in design has a timescale.
WARNING: [XSIM 43-4099] "C:/Users/bless/Downloads/BoooC CNN-Accelerator-Based-on-Eyeriss-v2 master FPGA_design-src/Pooling/Max_pooling.v" Line 14. Module Max_pooling_default doesn't have a timescale but at least one module in design has a timescale.
WARNING: [XSIM 43-4099] "C:/Users/bless/Downloads/BoooC CNN-Accelerator-Based-on-Eyeriss-v2 master FPGA_design-src/TOP/Psum_SRAM_out_acc.v" Line 1. Module psum_SRAM_out_acc(BATCHES=32'b0100,CHANNELS=32'b011) doesn't have a timescale but at least one module in design has a timescale.
WARNING: [XSIM 43-4099] "C:/Users/bless/Downloads/BoooC CNN-Accelerator-Based-on-Eyeriss-v2 master FPGA_design-src/Activation/Softmax.v" Line 10. Module softmax doesn't have a timescale but at least one module in design has a timescale.
WARNING: [XSIM 43-4099] "C:/Users/bless/Downloads/BoooC CNN-Accelerator-Based-on-Eyeriss-v2 master FPGA_design-src/TOP/TOP_controller.v" Line 12. Module TOP_controller doesn't have a timescale but at least one module in design has a timescale.
Completed simulation data flow analysis
Time Resolution for simulation is 1ps
Compiling module xil_defaultlib.Processing_Element_Controller
Compiling module xil_defaultlib.Psum_DATA_Spad_BRAM
Compiling module xil_defaultlib.Psum_Spad
Compiling module xil_defaultlib.Former_Address_Spad
Compiling module xil_defaultlib.Iact_DATA_Spad_BRAM
Compiling module xil_defaultlib.Former_Data_Spad
Compiling module xil_defaultlib.Later_Address_Spad
Compiling module xil_defaultlib.Weight_DATA_Spad_BRAM
Compiling module xil_defaultlib.Later_Data_Spad
Compiling module xil_defaultlib.Processing_Element_core
Compiling module xil_defaultlib.PE_data_FIFO(DATA_IN_WIDTH=8)
Compiling module xil_defaultlib.PE_data_FIFO(DATA_IN_WIDTH=13)
Compiling module xil_defaultlib.PE_data_FIFO(DATA_IN_WIDTH=7)
Compiling module xil_defaultlib.PE_data_FIFO(DATA_IN_WIDTH=12)
Compiling module xil_defaultlib.PE_psum_FIFO
Compiling module xil_defaultlib.ProcessingElement
Compiling module xil_defaultlib.PE_Cluster_Connection
Compiling module xil_defaultlib.PE_Cluster_controller
Compiling module xil_defaultlib.PE_Cluster
Compiling module xil_defaultlib.Iact_Addr_SRAM_BRAM
Compiling module xil_defaultlib.iact_addr_SRAM
Compiling module xil_defaultlib.Iact_Data_SRAM_BRAM
Compiling module xil_defaultlib.lact_data_SRAM
Compiling module xil_defaultlib.Iact_SRAM_Bank
Compiling module xil_defaultlib.Psum_Data_SRAM_BRAM
Compiling module xil_defaultlib.Psum_SRAM_Bank
Compiling module xil_defaultlib.GLB_Cluster
Compiling module xil_defaultlib.Iact_Router
Compiling module xil_defaultlib.Weight_Router
Compiling module xil_defaultlib.Psum_Router
Compiling module xil_defaultlib.Router_Cluster
Compiling module xil_defaultlib.Cluster_Group_Controller
Compiling module xil_defaultlib.ClusterGroup
Compiling module xil_defaultlib.ClusterGroup_array
Compiling module xil_defaultlib.im2col_converter
Compiling module xil_defaultlib.CSC_switch_FIFO
Compiling module xil_defaultlib.CSC_switch_FIFO(DATA_WIDTH=7)
Compiling module xil_defaultlib.CSC_switch_FIFO(DATA_WIDTH=12)
Compiling module xil_defaultlib.CSC_Encoder
Compiling module xil_defaultlib.CSC_switch_FIFO(DATA_WIDTH=13)
Compiling module xil_defaultlib.CSC_Encoder(ADDR_WIDTH=8,COUNT_W...
Compiling module xil_defaultlib.Psum_Rearrange_BRAM
Compiling module xil_defaultlib.psum_rearrange
Compiling module xil_defaultlib.Psum_Requantizer
Compiling module xil_defaultlib.ReLU
Compiling module xil_defaultlib.Max_pooling_default
Compiling module xil_defaultlib.psum_SRAM_out_acc(BATCHES=32'b01...
Compiling module xil_defaultlib.softmax
Compiling module xil_defaultlib.TOP_controller
Compiling module xil_defaultlib.TOP
Compiling module xil_defaultlib.TOP_tb
Compiling module xil_defaultlib.glbl
Built simulation snapshot TOP_tb_behav
