
*** Running vivado
    with args -log TOP_integration_uart.vds -m64 -product Vivado -mode batch -messageDb vivado.pb -notrace -source TOP_integration_uart.tcl



****** Vivado v2025.1 (64-bit)
  **** SW Build 6140274 on Thu May 22 00:12:29 MDT 2025
  **** IP Build 6138677 on Thu May 22 03:10:11 MDT 2025
  **** SharedData Build 6139179 on Tue May 20 17:58:58 MDT 2025
  **** Start of session at: Wed Jan 28 13:46:32 2026
    ** Copyright 1986-2022 Xilinx, Inc. All Rights Reserved.
    ** Copyright 2022-2025 Advanced Micro Devices, Inc. All Rights Reserved.

source TOP_integration_uart.tcl -notrace
create_project: Time (s): cpu = 00:00:10 ; elapsed = 00:00:09 . Memory (MB): peak = 499.203 ; gain = 212.297
Command: read_checkpoint -auto_incremental -incremental C:/Users/bless/cnn_detection/cnn_detection.srcs/utils_1/imports/synth_1/TOP_integration_uart.dcp
INFO: [Vivado 12-5825] Read reference checkpoint from C:/Users/bless/cnn_detection/cnn_detection.srcs/utils_1/imports/synth_1/TOP_integration_uart.dcp for incremental synthesis
INFO: [Vivado 12-7989] Please ensure there are no constraint changes
Command: synth_design -top TOP_integration_uart -part xck26-sfvc784-2LV-c
Starting synth_design
Attempting to get a license for feature 'Synthesis' and/or device 'xck26'
INFO: [Common 17-349] Got license for feature 'Synthesis' and/or device 'xck26'
INFO: [Device 21-403] Loading part xck26-sfvc784-2LV-c
INFO: [Designutils 20-5440] No compile time benefit to using incremental synthesis; A full resynthesis will be run
INFO: [Designutils 20-4379] Flow is switching to default flow due to incremental criteria not met. If you would like to alter this behaviour and have the flow terminate instead, please set the following parameter config_implementation {autoIncr.Synth.RejectBehavior Terminate}
INFO: [Synth 8-7079] Multithreading enabled for synth_design using a maximum of 2 processes.
INFO: [Synth 8-7078] Launching helper process for spawning children vivado processes
INFO: [Synth 8-7075] Helper process launched with PID 28752
---------------------------------------------------------------------------------
Starting RTL Elaboration : Time (s): cpu = 00:00:14 ; elapsed = 00:00:18 . Memory (MB): peak = 1749.613 ; gain = 207.918
---------------------------------------------------------------------------------
INFO: [Synth 8-11241] undeclared symbol 'iact_0_0_north_address_out_ready', assumed default net type 'wire' [C:/Users/bless/Downloads/BoooC CNN-Accelerator-Based-on-Eyeriss-v2 master FPGA_design-src/Cluster_Group/Cluster_Group.v:1919]
INFO: [Synth 8-11241] undeclared symbol 'iact_0_0_north_data_out_ready', assumed default net type 'wire' [C:/Users/bless/Downloads/BoooC CNN-Accelerator-Based-on-Eyeriss-v2 master FPGA_design-src/Cluster_Group/Cluster_Group.v:1922]
INFO: [Synth 8-11241] undeclared symbol 'iact_0_1_north_address_out_ready', assumed default net type 'wire' [C:/Users/bless/Downloads/BoooC CNN-Accelerator-Based-on-Eyeriss-v2 master FPGA_design-src/Cluster_Group/Cluster_Group.v:1967]
INFO: [Synth 8-11241] undeclared symbol 'iact_0_1_north_data_out_ready', assumed default net type 'wire' [C:/Users/bless/Downloads/BoooC CNN-Accelerator-Based-on-Eyeriss-v2 master FPGA_design-src/Cluster_Group/Cluster_Group.v:1970]
INFO: [Synth 8-11241] undeclared symbol 'iact_0_2_north_address_out_ready', assumed default net type 'wire' [C:/Users/bless/Downloads/BoooC CNN-Accelerator-Based-on-Eyeriss-v2 master FPGA_design-src/Cluster_Group/Cluster_Group.v:2015]
INFO: [Synth 8-11241] undeclared symbol 'iact_0_2_north_data_out_ready', assumed default net type 'wire' [C:/Users/bless/Downloads/BoooC CNN-Accelerator-Based-on-Eyeriss-v2 master FPGA_design-src/Cluster_Group/Cluster_Group.v:2018]
INFO: [Synth 8-11241] undeclared symbol 'iact_1_0_north_address_out_ready', assumed default net type 'wire' [C:/Users/bless/Downloads/BoooC CNN-Accelerator-Based-on-Eyeriss-v2 master FPGA_design-src/Cluster_Group/Cluster_Group.v:2063]
INFO: [Synth 8-11241] undeclared symbol 'iact_1_0_north_data_out_ready', assumed default net type 'wire' [C:/Users/bless/Downloads/BoooC CNN-Accelerator-Based-on-Eyeriss-v2 master FPGA_design-src/Cluster_Group/Cluster_Group.v:2066]
INFO: [Synth 8-11241] undeclared symbol 'iact_1_1_north_address_out_ready', assumed default net type 'wire' [C:/Users/bless/Downloads/BoooC CNN-Accelerator-Based-on-Eyeriss-v2 master FPGA_design-src/Cluster_Group/Cluster_Group.v:2111]
INFO: [Synth 8-11241] undeclared symbol 'iact_1_1_north_data_out_ready', assumed default net type 'wire' [C:/Users/bless/Downloads/BoooC CNN-Accelerator-Based-on-Eyeriss-v2 master FPGA_design-src/Cluster_Group/Cluster_Group.v:2114]
INFO: [Synth 8-11241] undeclared symbol 'iact_1_2_north_address_out_ready', assumed default net type 'wire' [C:/Users/bless/Downloads/BoooC CNN-Accelerator-Based-on-Eyeriss-v2 master FPGA_design-src/Cluster_Group/Cluster_Group.v:2159]
INFO: [Synth 8-11241] undeclared symbol 'iact_1_2_north_data_out_ready', assumed default net type 'wire' [C:/Users/bless/Downloads/BoooC CNN-Accelerator-Based-on-Eyeriss-v2 master FPGA_design-src/Cluster_Group/Cluster_Group.v:2162]
INFO: [Synth 8-11241] undeclared symbol 'iact_2_0_north_address_out_ready', assumed default net type 'wire' [C:/Users/bless/Downloads/BoooC CNN-Accelerator-Based-on-Eyeriss-v2 master FPGA_design-src/Cluster_Group/Cluster_Group.v:2207]
INFO: [Synth 8-11241] undeclared symbol 'iact_2_0_north_data_out_ready', assumed default net type 'wire' [C:/Users/bless/Downloads/BoooC CNN-Accelerator-Based-on-Eyeriss-v2 master FPGA_design-src/Cluster_Group/Cluster_Group.v:2210]
INFO: [Synth 8-11241] undeclared symbol 'iact_2_1_north_address_out_ready', assumed default net type 'wire' [C:/Users/bless/Downloads/BoooC CNN-Accelerator-Based-on-Eyeriss-v2 master FPGA_design-src/Cluster_Group/Cluster_Group.v:2255]
INFO: [Synth 8-11241] undeclared symbol 'iact_2_1_north_data_out_ready', assumed default net type 'wire' [C:/Users/bless/Downloads/BoooC CNN-Accelerator-Based-on-Eyeriss-v2 master FPGA_design-src/Cluster_Group/Cluster_Group.v:2258]
INFO: [Synth 8-11241] undeclared symbol 'iact_2_2_north_address_out_ready', assumed default net type 'wire' [C:/Users/bless/Downloads/BoooC CNN-Accelerator-Based-on-Eyeriss-v2 master FPGA_design-src/Cluster_Group/Cluster_Group.v:2303]
INFO: [Synth 8-11241] undeclared symbol 'iact_2_2_north_data_out_ready', assumed default net type 'wire' [C:/Users/bless/Downloads/BoooC CNN-Accelerator-Based-on-Eyeriss-v2 master FPGA_design-src/Cluster_Group/Cluster_Group.v:2306]
INFO: [Synth 8-11241] undeclared symbol 'cg_ctrl_GLB_iact_0_0_write_en', assumed default net type 'wire' [C:/Users/bless/Downloads/BoooC CNN-Accelerator-Based-on-Eyeriss-v2 master FPGA_design-src/Cluster_Group/Cluster_Group.v:2455]
INFO: [Synth 8-11241] undeclared symbol 'cg_ctrl_GLB_iact_0_1_write_en', assumed default net type 'wire' [C:/Users/bless/Downloads/BoooC CNN-Accelerator-Based-on-Eyeriss-v2 master FPGA_design-src/Cluster_Group/Cluster_Group.v:2456]
INFO: [Synth 8-11241] undeclared symbol 'cg_ctrl_GLB_iact_0_2_write_en', assumed default net type 'wire' [C:/Users/bless/Downloads/BoooC CNN-Accelerator-Based-on-Eyeriss-v2 master FPGA_design-src/Cluster_Group/Cluster_Group.v:2457]
INFO: [Synth 8-11241] undeclared symbol 'cg_ctrl_GLB_iact_0_0_write_done', assumed default net type 'wire' [C:/Users/bless/Downloads/BoooC CNN-Accelerator-Based-on-Eyeriss-v2 master FPGA_design-src/Cluster_Group/Cluster_Group.v:2458]
INFO: [Synth 8-11241] undeclared symbol 'cg_ctrl_GLB_iact_0_1_write_done', assumed default net type 'wire' [C:/Users/bless/Downloads/BoooC CNN-Accelerator-Based-on-Eyeriss-v2 master FPGA_design-src/Cluster_Group/Cluster_Group.v:2459]
INFO: [Synth 8-11241] undeclared symbol 'cg_ctrl_GLB_iact_0_2_write_done', assumed default net type 'wire' [C:/Users/bless/Downloads/BoooC CNN-Accelerator-Based-on-Eyeriss-v2 master FPGA_design-src/Cluster_Group/Cluster_Group.v:2460]
INFO: [Synth 8-11241] undeclared symbol 'cg_ctrl_GLB_iact_0_0_read_en', assumed default net type 'wire' [C:/Users/bless/Downloads/BoooC CNN-Accelerator-Based-on-Eyeriss-v2 master FPGA_design-src/Cluster_Group/Cluster_Group.v:2461]
INFO: [Synth 8-11241] undeclared symbol 'cg_ctrl_GLB_iact_0_1_read_en', assumed default net type 'wire' [C:/Users/bless/Downloads/BoooC CNN-Accelerator-Based-on-Eyeriss-v2 master FPGA_design-src/Cluster_Group/Cluster_Group.v:2462]
INFO: [Synth 8-11241] undeclared symbol 'cg_ctrl_GLB_iact_0_2_read_en', assumed default net type 'wire' [C:/Users/bless/Downloads/BoooC CNN-Accelerator-Based-on-Eyeriss-v2 master FPGA_design-src/Cluster_Group/Cluster_Group.v:2463]
INFO: [Synth 8-11241] undeclared symbol 'cg_ctrl_GLB_iact_0_0_read_done', assumed default net type 'wire' [C:/Users/bless/Downloads/BoooC CNN-Accelerator-Based-on-Eyeriss-v2 master FPGA_design-src/Cluster_Group/Cluster_Group.v:2464]
INFO: [Synth 8-11241] undeclared symbol 'cg_ctrl_GLB_iact_0_1_read_done', assumed default net type 'wire' [C:/Users/bless/Downloads/BoooC CNN-Accelerator-Based-on-Eyeriss-v2 master FPGA_design-src/Cluster_Group/Cluster_Group.v:2465]
INFO: [Synth 8-11241] undeclared symbol 'cg_ctrl_GLB_iact_0_2_read_done', assumed default net type 'wire' [C:/Users/bless/Downloads/BoooC CNN-Accelerator-Based-on-Eyeriss-v2 master FPGA_design-src/Cluster_Group/Cluster_Group.v:2466]
INFO: [Synth 8-11241] undeclared symbol 'cg_ctrl_GLB_iact_1_0_write_en', assumed default net type 'wire' [C:/Users/bless/Downloads/BoooC CNN-Accelerator-Based-on-Eyeriss-v2 master FPGA_design-src/Cluster_Group/Cluster_Group.v:2467]
INFO: [Synth 8-11241] undeclared symbol 'cg_ctrl_GLB_iact_1_1_write_en', assumed default net type 'wire' [C:/Users/bless/Downloads/BoooC CNN-Accelerator-Based-on-Eyeriss-v2 master FPGA_design-src/Cluster_Group/Cluster_Group.v:2468]
INFO: [Synth 8-11241] undeclared symbol 'cg_ctrl_GLB_iact_1_2_write_en', assumed default net type 'wire' [C:/Users/bless/Downloads/BoooC CNN-Accelerator-Based-on-Eyeriss-v2 master FPGA_design-src/Cluster_Group/Cluster_Group.v:2469]
INFO: [Synth 8-11241] undeclared symbol 'cg_ctrl_GLB_iact_1_0_write_done', assumed default net type 'wire' [C:/Users/bless/Downloads/BoooC CNN-Accelerator-Based-on-Eyeriss-v2 master FPGA_design-src/Cluster_Group/Cluster_Group.v:2470]
INFO: [Synth 8-11241] undeclared symbol 'cg_ctrl_GLB_iact_1_1_write_done', assumed default net type 'wire' [C:/Users/bless/Downloads/BoooC CNN-Accelerator-Based-on-Eyeriss-v2 master FPGA_design-src/Cluster_Group/Cluster_Group.v:2471]
INFO: [Synth 8-11241] undeclared symbol 'cg_ctrl_GLB_iact_1_2_write_done', assumed default net type 'wire' [C:/Users/bless/Downloads/BoooC CNN-Accelerator-Based-on-Eyeriss-v2 master FPGA_design-src/Cluster_Group/Cluster_Group.v:2472]
INFO: [Synth 8-11241] undeclared symbol 'cg_ctrl_GLB_iact_1_0_read_en', assumed default net type 'wire' [C:/Users/bless/Downloads/BoooC CNN-Accelerator-Based-on-Eyeriss-v2 master FPGA_design-src/Cluster_Group/Cluster_Group.v:2473]
INFO: [Synth 8-11241] undeclared symbol 'cg_ctrl_GLB_iact_1_1_read_en', assumed default net type 'wire' [C:/Users/bless/Downloads/BoooC CNN-Accelerator-Based-on-Eyeriss-v2 master FPGA_design-src/Cluster_Group/Cluster_Group.v:2474]
INFO: [Synth 8-11241] undeclared symbol 'cg_ctrl_GLB_iact_1_2_read_en', assumed default net type 'wire' [C:/Users/bless/Downloads/BoooC CNN-Accelerator-Based-on-Eyeriss-v2 master FPGA_design-src/Cluster_Group/Cluster_Group.v:2475]
INFO: [Synth 8-11241] undeclared symbol 'cg_ctrl_GLB_iact_1_0_read_done', assumed default net type 'wire' [C:/Users/bless/Downloads/BoooC CNN-Accelerator-Based-on-Eyeriss-v2 master FPGA_design-src/Cluster_Group/Cluster_Group.v:2476]
INFO: [Synth 8-11241] undeclared symbol 'cg_ctrl_GLB_iact_1_1_read_done', assumed default net type 'wire' [C:/Users/bless/Downloads/BoooC CNN-Accelerator-Based-on-Eyeriss-v2 master FPGA_design-src/Cluster_Group/Cluster_Group.v:2477]
INFO: [Synth 8-11241] undeclared symbol 'cg_ctrl_GLB_iact_1_2_read_done', assumed default net type 'wire' [C:/Users/bless/Downloads/BoooC CNN-Accelerator-Based-on-Eyeriss-v2 master FPGA_design-src/Cluster_Group/Cluster_Group.v:2478]
INFO: [Synth 8-11241] undeclared symbol 'cg_ctrl_GLB_iact_2_0_write_en', assumed default net type 'wire' [C:/Users/bless/Downloads/BoooC CNN-Accelerator-Based-on-Eyeriss-v2 master FPGA_design-src/Cluster_Group/Cluster_Group.v:2479]
INFO: [Synth 8-11241] undeclared symbol 'cg_ctrl_GLB_iact_2_1_write_en', assumed default net type 'wire' [C:/Users/bless/Downloads/BoooC CNN-Accelerator-Based-on-Eyeriss-v2 master FPGA_design-src/Cluster_Group/Cluster_Group.v:2480]
INFO: [Synth 8-11241] undeclared symbol 'cg_ctrl_GLB_iact_2_2_write_en', assumed default net type 'wire' [C:/Users/bless/Downloads/BoooC CNN-Accelerator-Based-on-Eyeriss-v2 master FPGA_design-src/Cluster_Group/Cluster_Group.v:2481]
INFO: [Synth 8-11241] undeclared symbol 'cg_ctrl_GLB_iact_2_0_write_done', assumed default net type 'wire' [C:/Users/bless/Downloads/BoooC CNN-Accelerator-Based-on-Eyeriss-v2 master FPGA_design-src/Cluster_Group/Cluster_Group.v:2482]
INFO: [Synth 8-11241] undeclared symbol 'cg_ctrl_GLB_iact_2_1_write_done', assumed default net type 'wire' [C:/Users/bless/Downloads/BoooC CNN-Accelerator-Based-on-Eyeriss-v2 master FPGA_design-src/Cluster_Group/Cluster_Group.v:2483]
INFO: [Synth 8-11241] undeclared symbol 'cg_ctrl_GLB_iact_2_2_write_done', assumed default net type 'wire' [C:/Users/bless/Downloads/BoooC CNN-Accelerator-Based-on-Eyeriss-v2 master FPGA_design-src/Cluster_Group/Cluster_Group.v:2484]
INFO: [Synth 8-11241] undeclared symbol 'cg_ctrl_GLB_iact_2_0_read_en', assumed default net type 'wire' [C:/Users/bless/Downloads/BoooC CNN-Accelerator-Based-on-Eyeriss-v2 master FPGA_design-src/Cluster_Group/Cluster_Group.v:2485]
INFO: [Synth 8-11241] undeclared symbol 'cg_ctrl_GLB_iact_2_1_read_en', assumed default net type 'wire' [C:/Users/bless/Downloads/BoooC CNN-Accelerator-Based-on-Eyeriss-v2 master FPGA_design-src/Cluster_Group/Cluster_Group.v:2486]
INFO: [Synth 8-11241] undeclared symbol 'cg_ctrl_GLB_iact_2_2_read_en', assumed default net type 'wire' [C:/Users/bless/Downloads/BoooC CNN-Accelerator-Based-on-Eyeriss-v2 master FPGA_design-src/Cluster_Group/Cluster_Group.v:2487]
INFO: [Synth 8-11241] undeclared symbol 'cg_ctrl_GLB_iact_2_0_read_done', assumed default net type 'wire' [C:/Users/bless/Downloads/BoooC CNN-Accelerator-Based-on-Eyeriss-v2 master FPGA_design-src/Cluster_Group/Cluster_Group.v:2488]
INFO: [Synth 8-11241] undeclared symbol 'cg_ctrl_GLB_iact_2_1_read_done', assumed default net type 'wire' [C:/Users/bless/Downloads/BoooC CNN-Accelerator-Based-on-Eyeriss-v2 master FPGA_design-src/Cluster_Group/Cluster_Group.v:2489]
INFO: [Synth 8-11241] undeclared symbol 'cg_ctrl_GLB_iact_2_2_read_done', assumed default net type 'wire' [C:/Users/bless/Downloads/BoooC CNN-Accelerator-Based-on-Eyeriss-v2 master FPGA_design-src/Cluster_Group/Cluster_Group.v:2490]
INFO: [Synth 8-11241] undeclared symbol 'idle_wire', assumed default net type 'wire' [C:/Users/bless/Downloads/BoooC CNN-Accelerator-Based-on-Eyeriss-v2 master FPGA_design-src/Cluster_Group/Cluster_Group.v:2528]
WARNING: [Synth 8-6901] identifier 'GLB_iact_all_write_fin' is used before its declaration [C:/Users/bless/Downloads/BoooC CNN-Accelerator-Based-on-Eyeriss-v2 master FPGA_design-src/Cluster_Group/Cluster_Group_Controller.v:144]
INFO: [Synth 8-11241] undeclared symbol 'CG_0_0_psum_acc_en', assumed default net type 'wire' [C:/Users/bless/Downloads/BoooC CNN-Accelerator-Based-on-Eyeriss-v2 master FPGA_design-src/Cluster_Group/Cluster_Group_array.v:2236]
INFO: [Synth 8-11241] undeclared symbol 'CG_0_1_psum_acc_en', assumed default net type 'wire' [C:/Users/bless/Downloads/BoooC CNN-Accelerator-Based-on-Eyeriss-v2 master FPGA_design-src/Cluster_Group/Cluster_Group_array.v:2237]
INFO: [Synth 8-11241] undeclared symbol 'CG_1_0_psum_acc_en', assumed default net type 'wire' [C:/Users/bless/Downloads/BoooC CNN-Accelerator-Based-on-Eyeriss-v2 master FPGA_design-src/Cluster_Group/Cluster_Group_array.v:2238]
INFO: [Synth 8-11241] undeclared symbol 'CG_1_1_psum_acc_en', assumed default net type 'wire' [C:/Users/bless/Downloads/BoooC CNN-Accelerator-Based-on-Eyeriss-v2 master FPGA_design-src/Cluster_Group/Cluster_Group_array.v:2239]
INFO: [Synth 8-11241] undeclared symbol 'CG_0_0_psum_acc_fin', assumed default net type 'wire' [C:/Users/bless/Downloads/BoooC CNN-Accelerator-Based-on-Eyeriss-v2 master FPGA_design-src/Cluster_Group/Cluster_Group_array.v:2240]
INFO: [Synth 8-11241] undeclared symbol 'CG_0_1_psum_acc_fin', assumed default net type 'wire' [C:/Users/bless/Downloads/BoooC CNN-Accelerator-Based-on-Eyeriss-v2 master FPGA_design-src/Cluster_Group/Cluster_Group_array.v:2241]
INFO: [Synth 8-11241] undeclared symbol 'CG_1_0_psum_acc_fin', assumed default net type 'wire' [C:/Users/bless/Downloads/BoooC CNN-Accelerator-Based-on-Eyeriss-v2 master FPGA_design-src/Cluster_Group/Cluster_Group_array.v:2242]
INFO: [Synth 8-11241] undeclared symbol 'CG_1_1_psum_acc_fin', assumed default net type 'wire' [C:/Users/bless/Downloads/BoooC CNN-Accelerator-Based-on-Eyeriss-v2 master FPGA_design-src/Cluster_Group/Cluster_Group_array.v:2243]
INFO: [Synth 8-11241] undeclared symbol 'addr_SRAM_write_en', assumed default net type 'wire' [C:/Users/bless/Downloads/BoooC CNN-Accelerator-Based-on-Eyeriss-v2 master FPGA_design-src/GLB_Cluster/Iact_SRAM_Bank.v:60]
INFO: [Synth 8-11241] undeclared symbol 'addr_SRAM_write_done', assumed default net type 'wire' [C:/Users/bless/Downloads/BoooC CNN-Accelerator-Based-on-Eyeriss-v2 master FPGA_design-src/GLB_Cluster/Iact_SRAM_Bank.v:61]
INFO: [Synth 8-11241] undeclared symbol 'addr_SRAM_read_en', assumed default net type 'wire' [C:/Users/bless/Downloads/BoooC CNN-Accelerator-Based-on-Eyeriss-v2 master FPGA_design-src/GLB_Cluster/Iact_SRAM_Bank.v:62]
INFO: [Synth 8-11241] undeclared symbol 'addr_SRAM_read_addr', assumed default net type 'wire' [C:/Users/bless/Downloads/BoooC CNN-Accelerator-Based-on-Eyeriss-v2 master FPGA_design-src/GLB_Cluster/Iact_SRAM_Bank.v:63]
INFO: [Synth 8-11241] undeclared symbol 'addr_SRAM_read_done', assumed default net type 'wire' [C:/Users/bless/Downloads/BoooC CNN-Accelerator-Based-on-Eyeriss-v2 master FPGA_design-src/GLB_Cluster/Iact_SRAM_Bank.v:64]
INFO: [Synth 8-11241] undeclared symbol 'data_SRAM_write_en', assumed default net type 'wire' [C:/Users/bless/Downloads/BoooC CNN-Accelerator-Based-on-Eyeriss-v2 master FPGA_design-src/GLB_Cluster/Iact_SRAM_Bank.v:76]
INFO: [Synth 8-11241] undeclared symbol 'data_SRAM_write_done', assumed default net type 'wire' [C:/Users/bless/Downloads/BoooC CNN-Accelerator-Based-on-Eyeriss-v2 master FPGA_design-src/GLB_Cluster/Iact_SRAM_Bank.v:77]
INFO: [Synth 8-11241] undeclared symbol 'data_SRAM_read_en', assumed default net type 'wire' [C:/Users/bless/Downloads/BoooC CNN-Accelerator-Based-on-Eyeriss-v2 master FPGA_design-src/GLB_Cluster/Iact_SRAM_Bank.v:78]
INFO: [Synth 8-11241] undeclared symbol 'data_SRAM_read_addr', assumed default net type 'wire' [C:/Users/bless/Downloads/BoooC CNN-Accelerator-Based-on-Eyeriss-v2 master FPGA_design-src/GLB_Cluster/Iact_SRAM_Bank.v:79]
INFO: [Synth 8-11241] undeclared symbol 'data_SRAM_read_done', assumed default net type 'wire' [C:/Users/bless/Downloads/BoooC CNN-Accelerator-Based-on-Eyeriss-v2 master FPGA_design-src/GLB_Cluster/Iact_SRAM_Bank.v:80]
WARNING: [Synth 8-8895] 'addr_SRAM_write_en' is already implicitly declared on line 60 [C:/Users/bless/Downloads/BoooC CNN-Accelerator-Based-on-Eyeriss-v2 master FPGA_design-src/GLB_Cluster/Iact_SRAM_Bank.v:94]
WARNING: [Synth 8-8895] 'addr_SRAM_write_done' is already implicitly declared on line 61 [C:/Users/bless/Downloads/BoooC CNN-Accelerator-Based-on-Eyeriss-v2 master FPGA_design-src/GLB_Cluster/Iact_SRAM_Bank.v:95]
WARNING: [Synth 8-8895] 'addr_SRAM_read_en' is already implicitly declared on line 62 [C:/Users/bless/Downloads/BoooC CNN-Accelerator-Based-on-Eyeriss-v2 master FPGA_design-src/GLB_Cluster/Iact_SRAM_Bank.v:96]
WARNING: [Synth 8-8895] 'addr_SRAM_read_done' is already implicitly declared on line 64 [C:/Users/bless/Downloads/BoooC CNN-Accelerator-Based-on-Eyeriss-v2 master FPGA_design-src/GLB_Cluster/Iact_SRAM_Bank.v:97]
WARNING: [Synth 8-8895] 'data_SRAM_write_en' is already implicitly declared on line 76 [C:/Users/bless/Downloads/BoooC CNN-Accelerator-Based-on-Eyeriss-v2 master FPGA_design-src/GLB_Cluster/Iact_SRAM_Bank.v:99]
WARNING: [Synth 8-8895] 'data_SRAM_write_done' is already implicitly declared on line 77 [C:/Users/bless/Downloads/BoooC CNN-Accelerator-Based-on-Eyeriss-v2 master FPGA_design-src/GLB_Cluster/Iact_SRAM_Bank.v:100]
WARNING: [Synth 8-8895] 'data_SRAM_read_en' is already implicitly declared on line 78 [C:/Users/bless/Downloads/BoooC CNN-Accelerator-Based-on-Eyeriss-v2 master FPGA_design-src/GLB_Cluster/Iact_SRAM_Bank.v:101]
WARNING: [Synth 8-8895] 'data_SRAM_read_done' is already implicitly declared on line 80 [C:/Users/bless/Downloads/BoooC CNN-Accelerator-Based-on-Eyeriss-v2 master FPGA_design-src/GLB_Cluster/Iact_SRAM_Bank.v:102]
WARNING: [Synth 8-8895] 'addr_SRAM_read_addr' is already implicitly declared on line 63 [C:/Users/bless/Downloads/BoooC CNN-Accelerator-Based-on-Eyeriss-v2 master FPGA_design-src/GLB_Cluster/Iact_SRAM_Bank.v:107]
WARNING: [Synth 8-8895] 'data_SRAM_read_addr' is already implicitly declared on line 79 [C:/Users/bless/Downloads/BoooC CNN-Accelerator-Based-on-Eyeriss-v2 master FPGA_design-src/GLB_Cluster/Iact_SRAM_Bank.v:108]
INFO: [Synth 8-11241] undeclared symbol 'PE_0_0_iact_write_fin_clear', assumed default net type 'wire' [C:/Users/bless/Downloads/BoooC CNN-Accelerator-Based-on-Eyeriss-v2 master FPGA_design-src/PE_Cluster/PE_Cluster.v:358]
INFO: [Synth 8-11241] undeclared symbol 'PE_0_0_weight_write_fin_clear', assumed default net type 'wire' [C:/Users/bless/Downloads/BoooC CNN-Accelerator-Based-on-Eyeriss-v2 master FPGA_design-src/PE_Cluster/PE_Cluster.v:359]
INFO: [Synth 8-11241] undeclared symbol 'PE_0_0_write_fin', assumed default net type 'wire' [C:/Users/bless/Downloads/BoooC CNN-Accelerator-Based-on-Eyeriss-v2 master FPGA_design-src/PE_Cluster/PE_Cluster.v:360]
INFO: [Synth 8-11241] undeclared symbol 'PE_0_1_iact_write_fin_clear', assumed default net type 'wire' [C:/Users/bless/Downloads/BoooC CNN-Accelerator-Based-on-Eyeriss-v2 master FPGA_design-src/PE_Cluster/PE_Cluster.v:388]
INFO: [Synth 8-11241] undeclared symbol 'PE_0_1_weight_write_fin_clear', assumed default net type 'wire' [C:/Users/bless/Downloads/BoooC CNN-Accelerator-Based-on-Eyeriss-v2 master FPGA_design-src/PE_Cluster/PE_Cluster.v:389]
INFO: [Synth 8-11241] undeclared symbol 'PE_0_1_write_fin', assumed default net type 'wire' [C:/Users/bless/Downloads/BoooC CNN-Accelerator-Based-on-Eyeriss-v2 master FPGA_design-src/PE_Cluster/PE_Cluster.v:390]
INFO: [Synth 8-11241] undeclared symbol 'PE_0_2_iact_write_fin_clear', assumed default net type 'wire' [C:/Users/bless/Downloads/BoooC CNN-Accelerator-Based-on-Eyeriss-v2 master FPGA_design-src/PE_Cluster/PE_Cluster.v:418]
INFO: [Synth 8-11241] undeclared symbol 'PE_0_2_weight_write_fin_clear', assumed default net type 'wire' [C:/Users/bless/Downloads/BoooC CNN-Accelerator-Based-on-Eyeriss-v2 master FPGA_design-src/PE_Cluster/PE_Cluster.v:419]
INFO: [Synth 8-11241] undeclared symbol 'PE_0_2_write_fin', assumed default net type 'wire' [C:/Users/bless/Downloads/BoooC CNN-Accelerator-Based-on-Eyeriss-v2 master FPGA_design-src/PE_Cluster/PE_Cluster.v:420]
INFO: [Synth 8-11241] undeclared symbol 'PE_1_0_iact_write_fin_clear', assumed default net type 'wire' [C:/Users/bless/Downloads/BoooC CNN-Accelerator-Based-on-Eyeriss-v2 master FPGA_design-src/PE_Cluster/PE_Cluster.v:448]
INFO: [Synth 8-11241] undeclared symbol 'PE_1_0_weight_write_fin_clear', assumed default net type 'wire' [C:/Users/bless/Downloads/BoooC CNN-Accelerator-Based-on-Eyeriss-v2 master FPGA_design-src/PE_Cluster/PE_Cluster.v:449]
INFO: [Synth 8-11241] undeclared symbol 'PE_1_0_write_fin', assumed default net type 'wire' [C:/Users/bless/Downloads/BoooC CNN-Accelerator-Based-on-Eyeriss-v2 master FPGA_design-src/PE_Cluster/PE_Cluster.v:450]
INFO: [Synth 8-11241] undeclared symbol 'PE_1_1_iact_write_fin_clear', assumed default net type 'wire' [C:/Users/bless/Downloads/BoooC CNN-Accelerator-Based-on-Eyeriss-v2 master FPGA_design-src/PE_Cluster/PE_Cluster.v:478]
INFO: [Synth 8-11241] undeclared symbol 'PE_1_1_weight_write_fin_clear', assumed default net type 'wire' [C:/Users/bless/Downloads/BoooC CNN-Accelerator-Based-on-Eyeriss-v2 master FPGA_design-src/PE_Cluster/PE_Cluster.v:479]
INFO: [Synth 8-11241] undeclared symbol 'PE_1_1_write_fin', assumed default net type 'wire' [C:/Users/bless/Downloads/BoooC CNN-Accelerator-Based-on-Eyeriss-v2 master FPGA_design-src/PE_Cluster/PE_Cluster.v:480]
INFO: [Synth 8-11241] undeclared symbol 'PE_1_2_iact_write_fin_clear', assumed default net type 'wire' [C:/Users/bless/Downloads/BoooC CNN-Accelerator-Based-on-Eyeriss-v2 master FPGA_design-src/PE_Cluster/PE_Cluster.v:508]
INFO: [Synth 8-11241] undeclared symbol 'PE_1_2_weight_write_fin_clear', assumed default net type 'wire' [C:/Users/bless/Downloads/BoooC CNN-Accelerator-Based-on-Eyeriss-v2 master FPGA_design-src/PE_Cluster/PE_Cluster.v:509]
INFO: [Synth 8-11241] undeclared symbol 'PE_1_2_write_fin', assumed default net type 'wire' [C:/Users/bless/Downloads/BoooC CNN-Accelerator-Based-on-Eyeriss-v2 master FPGA_design-src/PE_Cluster/PE_Cluster.v:510]
INFO: [Synth 8-11241] undeclared symbol 'PE_2_0_iact_write_fin_clear', assumed default net type 'wire' [C:/Users/bless/Downloads/BoooC CNN-Accelerator-Based-on-Eyeriss-v2 master FPGA_design-src/PE_Cluster/PE_Cluster.v:538]
INFO: [Synth 8-11241] undeclared symbol 'PE_2_0_weight_write_fin_clear', assumed default net type 'wire' [C:/Users/bless/Downloads/BoooC CNN-Accelerator-Based-on-Eyeriss-v2 master FPGA_design-src/PE_Cluster/PE_Cluster.v:539]
INFO: [Synth 8-11241] undeclared symbol 'PE_2_0_write_fin', assumed default net type 'wire' [C:/Users/bless/Downloads/BoooC CNN-Accelerator-Based-on-Eyeriss-v2 master FPGA_design-src/PE_Cluster/PE_Cluster.v:540]
INFO: [Synth 8-11241] undeclared symbol 'PE_2_1_iact_write_fin_clear', assumed default net type 'wire' [C:/Users/bless/Downloads/BoooC CNN-Accelerator-Based-on-Eyeriss-v2 master FPGA_design-src/PE_Cluster/PE_Cluster.v:568]
INFO: [Synth 8-11241] undeclared symbol 'PE_2_1_weight_write_fin_clear', assumed default net type 'wire' [C:/Users/bless/Downloads/BoooC CNN-Accelerator-Based-on-Eyeriss-v2 master FPGA_design-src/PE_Cluster/PE_Cluster.v:569]
INFO: [Synth 8-11241] undeclared symbol 'PE_2_1_write_fin', assumed default net type 'wire' [C:/Users/bless/Downloads/BoooC CNN-Accelerator-Based-on-Eyeriss-v2 master FPGA_design-src/PE_Cluster/PE_Cluster.v:570]
INFO: [Synth 8-11241] undeclared symbol 'PE_2_2_iact_write_fin_clear', assumed default net type 'wire' [C:/Users/bless/Downloads/BoooC CNN-Accelerator-Based-on-Eyeriss-v2 master FPGA_design-src/PE_Cluster/PE_Cluster.v:598]
INFO: [Synth 8-11241] undeclared symbol 'PE_2_2_weight_write_fin_clear', assumed default net type 'wire' [C:/Users/bless/Downloads/BoooC CNN-Accelerator-Based-on-Eyeriss-v2 master FPGA_design-src/PE_Cluster/PE_Cluster.v:599]
INFO: [Synth 8-11241] undeclared symbol 'PE_2_2_write_fin', assumed default net type 'wire' [C:/Users/bless/Downloads/BoooC CNN-Accelerator-Based-on-Eyeriss-v2 master FPGA_design-src/PE_Cluster/PE_Cluster.v:600]
INFO: [Common 17-14] Message 'Synth 8-11241' appears 100 times and further instances of the messages will be disabled. Use the Tcl command set_msg_config to change the current settings.
WARNING: [Synth 8-6901] identifier 'layer0_flag' is used before its declaration [C:/Users/bless/Downloads/BoooC CNN-Accelerator-Based-on-Eyeriss-v2 master FPGA_design-src/TOP/TOP_controller.v:426]
WARNING: [Synth 8-6901] identifier 'layer1_flag' is used before its declaration [C:/Users/bless/Downloads/BoooC CNN-Accelerator-Based-on-Eyeriss-v2 master FPGA_design-src/TOP/TOP_controller.v:427]
WARNING: [Synth 8-6901] identifier 'layer2_flag' is used before its declaration [C:/Users/bless/Downloads/BoooC CNN-Accelerator-Based-on-Eyeriss-v2 master FPGA_design-src/TOP/TOP_controller.v:428]
WARNING: [Synth 8-6901] identifier 'layer3_flag' is used before its declaration [C:/Users/bless/Downloads/BoooC CNN-Accelerator-Based-on-Eyeriss-v2 master FPGA_design-src/TOP/TOP_controller.v:429]
WARNING: [Synth 8-6901] identifier 'layer4_flag' is used before its declaration [C:/Users/bless/Downloads/BoooC CNN-Accelerator-Based-on-Eyeriss-v2 master FPGA_design-src/TOP/TOP_controller.v:430]
WARNING: [Synth 8-6901] identifier 'layer0_flag' is used before its declaration [C:/Users/bless/Downloads/BoooC CNN-Accelerator-Based-on-Eyeriss-v2 master FPGA_design-src/TOP/TOP_controller.v:432]
WARNING: [Synth 8-6901] identifier 'layer1_flag' is used before its declaration [C:/Users/bless/Downloads/BoooC CNN-Accelerator-Based-on-Eyeriss-v2 master FPGA_design-src/TOP/TOP_controller.v:433]
WARNING: [Synth 8-6901] identifier 'layer2_flag' is used before its declaration [C:/Users/bless/Downloads/BoooC CNN-Accelerator-Based-on-Eyeriss-v2 master FPGA_design-src/TOP/TOP_controller.v:434]
WARNING: [Synth 8-6901] identifier 'layer3_flag' is used before its declaration [C:/Users/bless/Downloads/BoooC CNN-Accelerator-Based-on-Eyeriss-v2 master FPGA_design-src/TOP/TOP_controller.v:435]
WARNING: [Synth 8-6901] identifier 'layer4_flag' is used before its declaration [C:/Users/bless/Downloads/BoooC CNN-Accelerator-Based-on-Eyeriss-v2 master FPGA_design-src/TOP/TOP_controller.v:436]
WARNING: [Synth 8-6901] identifier 'layer0_flag' is used before its declaration [C:/Users/bless/Downloads/BoooC CNN-Accelerator-Based-on-Eyeriss-v2 master FPGA_design-src/TOP/TOP_controller.v:438]
WARNING: [Synth 8-6901] identifier 'layer1_flag' is used before its declaration [C:/Users/bless/Downloads/BoooC CNN-Accelerator-Based-on-Eyeriss-v2 master FPGA_design-src/TOP/TOP_controller.v:439]
WARNING: [Synth 8-6901] identifier 'layer2_flag' is used before its declaration [C:/Users/bless/Downloads/BoooC CNN-Accelerator-Based-on-Eyeriss-v2 master FPGA_design-src/TOP/TOP_controller.v:440]
WARNING: [Synth 8-6901] identifier 'layer3_flag' is used before its declaration [C:/Users/bless/Downloads/BoooC CNN-Accelerator-Based-on-Eyeriss-v2 master FPGA_design-src/TOP/TOP_controller.v:441]
WARNING: [Synth 8-6901] identifier 'layer4_flag' is used before its declaration [C:/Users/bless/Downloads/BoooC CNN-Accelerator-Based-on-Eyeriss-v2 master FPGA_design-src/TOP/TOP_controller.v:442]
WARNING: [Synth 8-6901] identifier 'layer0_flag' is used before its declaration [C:/Users/bless/Downloads/BoooC CNN-Accelerator-Based-on-Eyeriss-v2 master FPGA_design-src/TOP/TOP_controller.v:444]
WARNING: [Synth 8-6901] identifier 'layer1_flag' is used before its declaration [C:/Users/bless/Downloads/BoooC CNN-Accelerator-Based-on-Eyeriss-v2 master FPGA_design-src/TOP/TOP_controller.v:445]
WARNING: [Synth 8-6901] identifier 'layer2_flag' is used before its declaration [C:/Users/bless/Downloads/BoooC CNN-Accelerator-Based-on-Eyeriss-v2 master FPGA_design-src/TOP/TOP_controller.v:446]
WARNING: [Synth 8-6901] identifier 'layer3_flag' is used before its declaration [C:/Users/bless/Downloads/BoooC CNN-Accelerator-Based-on-Eyeriss-v2 master FPGA_design-src/TOP/TOP_controller.v:447]
WARNING: [Synth 8-6901] identifier 'layer4_flag' is used before its declaration [C:/Users/bless/Downloads/BoooC CNN-Accelerator-Based-on-Eyeriss-v2 master FPGA_design-src/TOP/TOP_controller.v:448]
WARNING: [Synth 8-6901] identifier 'layer0_flag' is used before its declaration [C:/Users/bless/Downloads/BoooC CNN-Accelerator-Based-on-Eyeriss-v2 master FPGA_design-src/TOP/TOP_controller.v:450]
WARNING: [Synth 8-6901] identifier 'layer1_flag' is used before its declaration [C:/Users/bless/Downloads/BoooC CNN-Accelerator-Based-on-Eyeriss-v2 master FPGA_design-src/TOP/TOP_controller.v:451]
WARNING: [Synth 8-6901] identifier 'layer2_flag' is used before its declaration [C:/Users/bless/Downloads/BoooC CNN-Accelerator-Based-on-Eyeriss-v2 master FPGA_design-src/TOP/TOP_controller.v:452]
WARNING: [Synth 8-6901] identifier 'layer3_flag' is used before its declaration [C:/Users/bless/Downloads/BoooC CNN-Accelerator-Based-on-Eyeriss-v2 master FPGA_design-src/TOP/TOP_controller.v:453]
WARNING: [Synth 8-6901] identifier 'layer4_flag' is used before its declaration [C:/Users/bless/Downloads/BoooC CNN-Accelerator-Based-on-Eyeriss-v2 master FPGA_design-src/TOP/TOP_controller.v:454]
WARNING: [Synth 8-6901] identifier 'layer0_flag' is used before its declaration [C:/Users/bless/Downloads/BoooC CNN-Accelerator-Based-on-Eyeriss-v2 master FPGA_design-src/TOP/TOP_controller.v:456]
WARNING: [Synth 8-6901] identifier 'layer1_flag' is used before its declaration [C:/Users/bless/Downloads/BoooC CNN-Accelerator-Based-on-Eyeriss-v2 master FPGA_design-src/TOP/TOP_controller.v:457]
INFO: [Synth 8-6157] synthesizing module 'TOP_integration_uart' [C:/Users/bless/Downloads/BoooC CNN-Accelerator-Based-on-Eyeriss-v2 master FPGA_design-src/TOP/TOP_integration_uart.v:1]
INFO: [Synth 8-6157] synthesizing module 'seg7_encoder' [C:/Users/bless/Downloads/BoooC CNN-Accelerator-Based-on-Eyeriss-v2 master FPGA_design-src/display/seg7_encoder.v:1]
INFO: [Synth 8-226] default block is never used [C:/Users/bless/Downloads/BoooC CNN-Accelerator-Based-on-Eyeriss-v2 master FPGA_design-src/display/seg7_encoder.v:62]
INFO: [Synth 8-6155] done synthesizing module 'seg7_encoder' (0#1) [C:/Users/bless/Downloads/BoooC CNN-Accelerator-Based-on-Eyeriss-v2 master FPGA_design-src/display/seg7_encoder.v:1]
WARNING: [Synth 8-689] width (7) of port connection 'out_code' does not match port width (8) of module 'seg7_encoder' [C:/Users/bless/Downloads/BoooC CNN-Accelerator-Based-on-Eyeriss-v2 master FPGA_design-src/TOP/TOP_integration_uart.v:30]
INFO: [Synth 8-6157] synthesizing module 'TOP_interface' [C:/Users/bless/Downloads/BoooC CNN-Accelerator-Based-on-Eyeriss-v2 master FPGA_design-src/TOP/TOP_interface.v:1]
INFO: [Synth 8-6157] synthesizing module 'TOP' [C:/Users/bless/Downloads/BoooC CNN-Accelerator-Based-on-Eyeriss-v2 master FPGA_design-src/TOP/TOP.v:1]
	Parameter WEIGHT_DATA_3_END bound to: 25874 - type: integer 
	Parameter WEIGHT_DATA_4_END bound to: 33758 - type: integer 
	Parameter WEIGHT_DATA_5_END bound to: 34506 - type: integer 
INFO: [Synth 8-6157] synthesizing module 'ClusterGroup_array' [C:/Users/bless/Downloads/BoooC CNN-Accelerator-Based-on-Eyeriss-v2 master FPGA_design-src/Cluster_Group/Cluster_Group_array.v:1]
INFO: [Synth 8-6157] synthesizing module 'ClusterGroup' [C:/Users/bless/Downloads/BoooC CNN-Accelerator-Based-on-Eyeriss-v2 master FPGA_design-src/Cluster_Group/Cluster_Group.v:13]
INFO: [Synth 8-6157] synthesizing module 'PE_Cluster' [C:/Users/bless/Downloads/BoooC CNN-Accelerator-Based-on-Eyeriss-v2 master FPGA_design-src/PE_Cluster/PE_Cluster.v:11]
INFO: [Synth 8-6157] synthesizing module 'ProcessingElement' [C:/Users/bless/Downloads/BoooC CNN-Accelerator-Based-on-Eyeriss-v2 master FPGA_design-src/PE_Cluster/PE/Processing_Element.v:9]
INFO: [Synth 8-6157] synthesizing module 'Processing_Element_Controller' [C:/Users/bless/Downloads/BoooC CNN-Accelerator-Based-on-Eyeriss-v2 master FPGA_design-src/PE_Cluster/PE/Processing_Element_Controller.v:8]
INFO: [Synth 8-6155] done synthesizing module 'Processing_Element_Controller' (0#1) [C:/Users/bless/Downloads/BoooC CNN-Accelerator-Based-on-Eyeriss-v2 master FPGA_design-src/PE_Cluster/PE/Processing_Element_Controller.v:8]
INFO: [Synth 8-6157] synthesizing module 'Processing_Element_core' [C:/Users/bless/Downloads/BoooC CNN-Accelerator-Based-on-Eyeriss-v2 master FPGA_design-src/PE_Cluster/PE/Processing_Element_core.v:11]
INFO: [Synth 8-6157] synthesizing module 'Psum_Spad' [C:/Users/bless/Downloads/BoooC CNN-Accelerator-Based-on-Eyeriss-v2 master FPGA_design-src/PE_Cluster/PE/SPad/Psum_Spad.v:1]
INFO: [Synth 8-6157] synthesizing module 'Psum_DATA_Spad_BRAM' [C:/Users/bless/Downloads/BoooC CNN-Accelerator-Based-on-Eyeriss-v2 master FPGA_design-src/PE_Cluster/PE/SPad/Psum_Spad.v:48]
INFO: [Synth 8-6155] done synthesizing module 'Psum_DATA_Spad_BRAM' (0#1) [C:/Users/bless/Downloads/BoooC CNN-Accelerator-Based-on-Eyeriss-v2 master FPGA_design-src/PE_Cluster/PE/SPad/Psum_Spad.v:48]
INFO: [Synth 8-6155] done synthesizing module 'Psum_Spad' (0#1) [C:/Users/bless/Downloads/BoooC CNN-Accelerator-Based-on-Eyeriss-v2 master FPGA_design-src/PE_Cluster/PE/SPad/Psum_Spad.v:1]
INFO: [Synth 8-6157] synthesizing module 'Former_Address_Spad' [C:/Users/bless/Downloads/BoooC CNN-Accelerator-Based-on-Eyeriss-v2 master FPGA_design-src/PE_Cluster/PE/SPad/Former_addr_Spad.v:9]
INFO: [Synth 8-6155] done synthesizing module 'Former_Address_Spad' (0#1) [C:/Users/bless/Downloads/BoooC CNN-Accelerator-Based-on-Eyeriss-v2 master FPGA_design-src/PE_Cluster/PE/SPad/Former_addr_Spad.v:9]
INFO: [Synth 8-6157] synthesizing module 'Former_Data_Spad' [C:/Users/bless/Downloads/BoooC CNN-Accelerator-Based-on-Eyeriss-v2 master FPGA_design-src/PE_Cluster/PE/SPad/Former_data_Spad.v:1]
INFO: [Synth 8-6157] synthesizing module 'Iact_DATA_Spad_BRAM' [C:/Users/bless/Downloads/BoooC CNN-Accelerator-Based-on-Eyeriss-v2 master FPGA_design-src/PE_Cluster/PE/SPad/Former_data_Spad.v:69]
INFO: [Synth 8-6155] done synthesizing module 'Iact_DATA_Spad_BRAM' (0#1) [C:/Users/bless/Downloads/BoooC CNN-Accelerator-Based-on-Eyeriss-v2 master FPGA_design-src/PE_Cluster/PE/SPad/Former_data_Spad.v:69]
INFO: [Synth 8-6155] done synthesizing module 'Former_Data_Spad' (0#1) [C:/Users/bless/Downloads/BoooC CNN-Accelerator-Based-on-Eyeriss-v2 master FPGA_design-src/PE_Cluster/PE/SPad/Former_data_Spad.v:1]
INFO: [Synth 8-6157] synthesizing module 'Later_Address_Spad' [C:/Users/bless/Downloads/BoooC CNN-Accelerator-Based-on-Eyeriss-v2 master FPGA_design-src/PE_Cluster/PE/SPad/Later_addr_Spad.v:10]
INFO: [Synth 8-6155] done synthesizing module 'Later_Address_Spad' (0#1) [C:/Users/bless/Downloads/BoooC CNN-Accelerator-Based-on-Eyeriss-v2 master FPGA_design-src/PE_Cluster/PE/SPad/Later_addr_Spad.v:10]
INFO: [Synth 8-6157] synthesizing module 'Later_Data_Spad' [C:/Users/bless/Downloads/BoooC CNN-Accelerator-Based-on-Eyeriss-v2 master FPGA_design-src/PE_Cluster/PE/SPad/Later_data_Spad.v:15]
INFO: [Synth 8-6157] synthesizing module 'Weight_DATA_Spad_BRAM' [C:/Users/bless/Downloads/BoooC CNN-Accelerator-Based-on-Eyeriss-v2 master FPGA_design-src/PE_Cluster/PE/SPad/Later_data_Spad.v:134]
INFO: [Synth 8-6155] done synthesizing module 'Weight_DATA_Spad_BRAM' (0#1) [C:/Users/bless/Downloads/BoooC CNN-Accelerator-Based-on-Eyeriss-v2 master FPGA_design-src/PE_Cluster/PE/SPad/Later_data_Spad.v:134]
INFO: [Synth 8-6155] done synthesizing module 'Later_Data_Spad' (0#1) [C:/Users/bless/Downloads/BoooC CNN-Accelerator-Based-on-Eyeriss-v2 master FPGA_design-src/PE_Cluster/PE/SPad/Later_data_Spad.v:15]
INFO: [Synth 8-226] default block is never used [C:/Users/bless/Downloads/BoooC CNN-Accelerator-Based-on-Eyeriss-v2 master FPGA_design-src/PE_Cluster/PE/Processing_Element_core.v:323]
INFO: [Synth 8-6155] done synthesizing module 'Processing_Element_core' (0#1) [C:/Users/bless/Downloads/BoooC CNN-Accelerator-Based-on-Eyeriss-v2 master FPGA_design-src/PE_Cluster/PE/Processing_Element_core.v:11]
INFO: [Synth 8-6157] synthesizing module 'PE_data_FIFO' [C:/Users/bless/Downloads/BoooC CNN-Accelerator-Based-on-Eyeriss-v2 master FPGA_design-src/PE_Cluster/PE/PE_data_FIFO.v:9]
	Parameter DATA_IN_WIDTH bound to: 8 - type: integer 
INFO: [Synth 8-6155] done synthesizing module 'PE_data_FIFO' (0#1) [C:/Users/bless/Downloads/BoooC CNN-Accelerator-Based-on-Eyeriss-v2 master FPGA_design-src/PE_Cluster/PE/PE_data_FIFO.v:9]
INFO: [Synth 8-6157] synthesizing module 'PE_data_FIFO__parameterized0' [C:/Users/bless/Downloads/BoooC CNN-Accelerator-Based-on-Eyeriss-v2 master FPGA_design-src/PE_Cluster/PE/PE_data_FIFO.v:9]
	Parameter DATA_IN_WIDTH bound to: 13 - type: integer 
INFO: [Synth 8-6155] done synthesizing module 'PE_data_FIFO__parameterized0' (0#1) [C:/Users/bless/Downloads/BoooC CNN-Accelerator-Based-on-Eyeriss-v2 master FPGA_design-src/PE_Cluster/PE/PE_data_FIFO.v:9]
INFO: [Synth 8-6157] synthesizing module 'PE_data_FIFO__parameterized1' [C:/Users/bless/Downloads/BoooC CNN-Accelerator-Based-on-Eyeriss-v2 master FPGA_design-src/PE_Cluster/PE/PE_data_FIFO.v:9]
	Parameter DATA_IN_WIDTH bound to: 7 - type: integer 
INFO: [Synth 8-6155] done synthesizing module 'PE_data_FIFO__parameterized1' (0#1) [C:/Users/bless/Downloads/BoooC CNN-Accelerator-Based-on-Eyeriss-v2 master FPGA_design-src/PE_Cluster/PE/PE_data_FIFO.v:9]
INFO: [Synth 8-6157] synthesizing module 'PE_data_FIFO__parameterized2' [C:/Users/bless/Downloads/BoooC CNN-Accelerator-Based-on-Eyeriss-v2 master FPGA_design-src/PE_Cluster/PE/PE_data_FIFO.v:9]
	Parameter DATA_IN_WIDTH bound to: 12 - type: integer 
INFO: [Synth 8-6155] done synthesizing module 'PE_data_FIFO__parameterized2' (0#1) [C:/Users/bless/Downloads/BoooC CNN-Accelerator-Based-on-Eyeriss-v2 master FPGA_design-src/PE_Cluster/PE/PE_data_FIFO.v:9]
INFO: [Synth 8-6157] synthesizing module 'PE_psum_FIFO' [C:/Users/bless/Downloads/BoooC CNN-Accelerator-Based-on-Eyeriss-v2 master FPGA_design-src/PE_Cluster/PE/PE_psum_FIFO.v:11]
INFO: [Synth 8-6155] done synthesizing module 'PE_psum_FIFO' (0#1) [C:/Users/bless/Downloads/BoooC CNN-Accelerator-Based-on-Eyeriss-v2 master FPGA_design-src/PE_Cluster/PE/PE_psum_FIFO.v:11]
INFO: [Synth 8-6155] done synthesizing module 'ProcessingElement' (0#1) [C:/Users/bless/Downloads/BoooC CNN-Accelerator-Based-on-Eyeriss-v2 master FPGA_design-src/PE_Cluster/PE/Processing_Element.v:9]
INFO: [Synth 8-6157] synthesizing module 'PE_Cluster_controller' [C:/Users/bless/Downloads/BoooC CNN-Accelerator-Based-on-Eyeriss-v2 master FPGA_design-src/PE_Cluster/PE_Cluster_controller.v:9]
INFO: [Synth 8-6157] synthesizing module 'PE_Cluster_Connection' [C:/Users/bless/Downloads/BoooC CNN-Accelerator-Based-on-Eyeriss-v2 master FPGA_design-src/PE_Cluster/PE_Cluster_Data_Connections.v:10]
INFO: [Synth 8-6155] done synthesizing module 'PE_Cluster_Connection' (0#1) [C:/Users/bless/Downloads/BoooC CNN-Accelerator-Based-on-Eyeriss-v2 master FPGA_design-src/PE_Cluster/PE_Cluster_Data_Connections.v:10]
INFO: [Synth 8-6155] done synthesizing module 'PE_Cluster_controller' (0#1) [C:/Users/bless/Downloads/BoooC CNN-Accelerator-Based-on-Eyeriss-v2 master FPGA_design-src/PE_Cluster/PE_Cluster_controller.v:9]
INFO: [Synth 8-6155] done synthesizing module 'PE_Cluster' (0#1) [C:/Users/bless/Downloads/BoooC CNN-Accelerator-Based-on-Eyeriss-v2 master FPGA_design-src/PE_Cluster/PE_Cluster.v:11]
INFO: [Synth 8-6157] synthesizing module 'GLB_Cluster' [C:/Users/bless/Downloads/BoooC CNN-Accelerator-Based-on-Eyeriss-v2 master FPGA_design-src/GLB_Cluster/GLB_Cluster.v:14]
INFO: [Synth 8-6157] synthesizing module 'Iact_SRAM_Bank' [C:/Users/bless/Downloads/BoooC CNN-Accelerator-Based-on-Eyeriss-v2 master FPGA_design-src/GLB_Cluster/Iact_SRAM_Bank.v:9]
INFO: [Synth 8-6157] synthesizing module 'iact_addr_SRAM' [C:/Users/bless/Downloads/BoooC CNN-Accelerator-Based-on-Eyeriss-v2 master FPGA_design-src/GLB_Cluster/Iact_addr_SRAM.v:12]
INFO: [Synth 8-6157] synthesizing module 'Iact_Addr_SRAM_BRAM' [C:/Users/bless/Downloads/BoooC CNN-Accelerator-Based-on-Eyeriss-v2 master FPGA_design-src/GLB_Cluster/Iact_addr_SRAM.v:218]
INFO: [Synth 8-6155] done synthesizing module 'Iact_Addr_SRAM_BRAM' (0#1) [C:/Users/bless/Downloads/BoooC CNN-Accelerator-Based-on-Eyeriss-v2 master FPGA_design-src/GLB_Cluster/Iact_addr_SRAM.v:218]
INFO: [Synth 8-6155] done synthesizing module 'iact_addr_SRAM' (0#1) [C:/Users/bless/Downloads/BoooC CNN-Accelerator-Based-on-Eyeriss-v2 master FPGA_design-src/GLB_Cluster/Iact_addr_SRAM.v:12]
INFO: [Synth 8-6157] synthesizing module 'lact_data_SRAM' [C:/Users/bless/Downloads/BoooC CNN-Accelerator-Based-on-Eyeriss-v2 master FPGA_design-src/GLB_Cluster/Iact_data_SRAM.v:1]
INFO: [Synth 8-6157] synthesizing module 'Iact_Data_SRAM_BRAM' [C:/Users/bless/Downloads/BoooC CNN-Accelerator-Based-on-Eyeriss-v2 master FPGA_design-src/PE_Cluster/PE/SPad/Psum_Spad.v:129]
INFO: [Synth 8-6155] done synthesizing module 'Iact_Data_SRAM_BRAM' (0#1) [C:/Users/bless/Downloads/BoooC CNN-Accelerator-Based-on-Eyeriss-v2 master FPGA_design-src/PE_Cluster/PE/SPad/Psum_Spad.v:129]
INFO: [Synth 8-6155] done synthesizing module 'lact_data_SRAM' (0#1) [C:/Users/bless/Downloads/BoooC CNN-Accelerator-Based-on-Eyeriss-v2 master FPGA_design-src/GLB_Cluster/Iact_data_SRAM.v:1]
INFO: [Synth 8-226] default block is never used [C:/Users/bless/Downloads/BoooC CNN-Accelerator-Based-on-Eyeriss-v2 master FPGA_design-src/GLB_Cluster/Iact_SRAM_Bank.v:156]
INFO: [Synth 8-226] default block is never used [C:/Users/bless/Downloads/BoooC CNN-Accelerator-Based-on-Eyeriss-v2 master FPGA_design-src/GLB_Cluster/Iact_SRAM_Bank.v:166]
INFO: [Synth 8-6155] done synthesizing module 'Iact_SRAM_Bank' (0#1) [C:/Users/bless/Downloads/BoooC CNN-Accelerator-Based-on-Eyeriss-v2 master FPGA_design-src/GLB_Cluster/Iact_SRAM_Bank.v:9]
INFO: [Synth 8-6157] synthesizing module 'Psum_SRAM_Bank' [C:/Users/bless/Downloads/BoooC CNN-Accelerator-Based-on-Eyeriss-v2 master FPGA_design-src/GLB_Cluster/Psum_SRAM_Bank.v:1]
INFO: [Synth 8-6157] synthesizing module 'Psum_Data_SRAM_BRAM' [C:/Users/bless/Downloads/BoooC CNN-Accelerator-Based-on-Eyeriss-v2 master FPGA_design-src/GLB_Cluster/Psum_SRAM_Bank.v:73]
INFO: [Synth 8-6155] done synthesizing module 'Psum_Data_SRAM_BRAM' (0#1) [C:/Users/bless/Downloads/BoooC CNN-Accelerator-Based-on-Eyeriss-v2 master FPGA_design-src/GLB_Cluster/Psum_SRAM_Bank.v:73]
INFO: [Synth 8-6155] done synthesizing module 'Psum_SRAM_Bank' (0#1) [C:/Users/bless/Downloads/BoooC CNN-Accelerator-Based-on-Eyeriss-v2 master FPGA_design-src/GLB_Cluster/Psum_SRAM_Bank.v:1]
INFO: [Synth 8-6155] done synthesizing module 'GLB_Cluster' (0#1) [C:/Users/bless/Downloads/BoooC CNN-Accelerator-Based-on-Eyeriss-v2 master FPGA_design-src/GLB_Cluster/GLB_Cluster.v:14]
INFO: [Synth 8-6157] synthesizing module 'Router_Cluster' [C:/Users/bless/Downloads/BoooC CNN-Accelerator-Based-on-Eyeriss-v2 master FPGA_design-src/Router_Cluster/Router_Cluster.v:14]
INFO: [Synth 8-6157] synthesizing module 'Iact_Router' [C:/Users/bless/Downloads/BoooC CNN-Accelerator-Based-on-Eyeriss-v2 master FPGA_design-src/Router_Cluster/Iact_Router.v:22]
INFO: [Synth 8-226] default block is never used [C:/Users/bless/Downloads/BoooC CNN-Accelerator-Based-on-Eyeriss-v2 master FPGA_design-src/Router_Cluster/Iact_Router.v:146]
INFO: [Synth 8-226] default block is never used [C:/Users/bless/Downloads/BoooC CNN-Accelerator-Based-on-Eyeriss-v2 master FPGA_design-src/Router_Cluster/Iact_Router.v:193]
INFO: [Synth 8-226] default block is never used [C:/Users/bless/Downloads/BoooC CNN-Accelerator-Based-on-Eyeriss-v2 master FPGA_design-src/Router_Cluster/Iact_Router.v:203]
INFO: [Synth 8-226] default block is never used [C:/Users/bless/Downloads/BoooC CNN-Accelerator-Based-on-Eyeriss-v2 master FPGA_design-src/Router_Cluster/Iact_Router.v:213]
INFO: [Synth 8-226] default block is never used [C:/Users/bless/Downloads/BoooC CNN-Accelerator-Based-on-Eyeriss-v2 master FPGA_design-src/Router_Cluster/Iact_Router.v:223]
INFO: [Synth 8-226] default block is never used [C:/Users/bless/Downloads/BoooC CNN-Accelerator-Based-on-Eyeriss-v2 master FPGA_design-src/Router_Cluster/Iact_Router.v:233]
INFO: [Synth 8-226] default block is never used [C:/Users/bless/Downloads/BoooC CNN-Accelerator-Based-on-Eyeriss-v2 master FPGA_design-src/Router_Cluster/Iact_Router.v:243]
INFO: [Synth 8-6155] done synthesizing module 'Iact_Router' (0#1) [C:/Users/bless/Downloads/BoooC CNN-Accelerator-Based-on-Eyeriss-v2 master FPGA_design-src/Router_Cluster/Iact_Router.v:22]
INFO: [Synth 8-6157] synthesizing module 'Weight_Router' [C:/Users/bless/Downloads/BoooC CNN-Accelerator-Based-on-Eyeriss-v2 master FPGA_design-src/Router_Cluster/Weight_Router.v:22]
INFO: [Synth 8-6155] done synthesizing module 'Weight_Router' (0#1) [C:/Users/bless/Downloads/BoooC CNN-Accelerator-Based-on-Eyeriss-v2 master FPGA_design-src/Router_Cluster/Weight_Router.v:22]
INFO: [Synth 8-6157] synthesizing module 'Psum_Router' [C:/Users/bless/Downloads/BoooC CNN-Accelerator-Based-on-Eyeriss-v2 master FPGA_design-src/Router_Cluster/Psum_Router.v:22]
INFO: [Synth 8-6155] done synthesizing module 'Psum_Router' (0#1) [C:/Users/bless/Downloads/BoooC CNN-Accelerator-Based-on-Eyeriss-v2 master FPGA_design-src/Router_Cluster/Psum_Router.v:22]
INFO: [Synth 8-6155] done synthesizing module 'Router_Cluster' (0#1) [C:/Users/bless/Downloads/BoooC CNN-Accelerator-Based-on-Eyeriss-v2 master FPGA_design-src/Router_Cluster/Router_Cluster.v:14]
INFO: [Synth 8-6157] synthesizing module 'Cluster_Group_Controller' [C:/Users/bless/Downloads/BoooC CNN-Accelerator-Based-on-Eyeriss-v2 master FPGA_design-src/Cluster_Group/Cluster_Group_Controller.v:15]
INFO: [Synth 8-6155] done synthesizing module 'Cluster_Group_Controller' (0#1) [C:/Users/bless/Downloads/BoooC CNN-Accelerator-Based-on-Eyeriss-v2 master FPGA_design-src/Cluster_Group/Cluster_Group_Controller.v:15]
INFO: [Synth 8-6155] done synthesizing module 'ClusterGroup' (0#1) [C:/Users/bless/Downloads/BoooC CNN-Accelerator-Based-on-Eyeriss-v2 master FPGA_design-src/Cluster_Group/Cluster_Group.v:13]
INFO: [Synth 8-6155] done synthesizing module 'ClusterGroup_array' (0#1) [C:/Users/bless/Downloads/BoooC CNN-Accelerator-Based-on-Eyeriss-v2 master FPGA_design-src/Cluster_Group/Cluster_Group_array.v:1]
INFO: [Synth 8-6157] synthesizing module 'im2col_converter' [C:/Users/bless/Downloads/BoooC CNN-Accelerator-Based-on-Eyeriss-v2 master FPGA_design-src/im2col_converter/im2col_converter.v:109]
	Parameter weight_width bound to: 5 - type: integer 
	Parameter im2col_out_rows bound to: 4 - type: integer 
INFO: [Synth 8-6155] done synthesizing module 'im2col_converter' (0#1) [C:/Users/bless/Downloads/BoooC CNN-Accelerator-Based-on-Eyeriss-v2 master FPGA_design-src/im2col_converter/im2col_converter.v:109]
INFO: [Synth 8-6157] synthesizing module 'CSC_Encoder' [C:/Users/bless/Downloads/BoooC CNN-Accelerator-Based-on-Eyeriss-v2 master FPGA_design-src/CSC_encoder/CSC_encoderr.v:17]
	Parameter ADDR_WIDTH bound to: 7 - type: integer 
	Parameter COUNT_WIDTH bound to: 4 - type: integer 
	Parameter DATA_WIDTH bound to: 8 - type: integer 
INFO: [Synth 8-6157] synthesizing module 'CSC_switch_FIFO' [C:/Users/bless/Downloads/BoooC CNN-Accelerator-Based-on-Eyeriss-v2 master FPGA_design-src/CSC_encoder/CSC_encoderr_FIFO.v:1]
	Parameter DATA_WIDTH bound to: 8 - type: integer 
INFO: [Synth 8-6155] done synthesizing module 'CSC_switch_FIFO' (0#1) [C:/Users/bless/Downloads/BoooC CNN-Accelerator-Based-on-Eyeriss-v2 master FPGA_design-src/CSC_encoder/CSC_encoderr_FIFO.v:1]
INFO: [Synth 8-6157] synthesizing module 'CSC_switch_FIFO__parameterized0' [C:/Users/bless/Downloads/BoooC CNN-Accelerator-Based-on-Eyeriss-v2 master FPGA_design-src/CSC_encoder/CSC_encoderr_FIFO.v:1]
	Parameter DATA_WIDTH bound to: 7 - type: integer 
INFO: [Synth 8-6155] done synthesizing module 'CSC_switch_FIFO__parameterized0' (0#1) [C:/Users/bless/Downloads/BoooC CNN-Accelerator-Based-on-Eyeriss-v2 master FPGA_design-src/CSC_encoder/CSC_encoderr_FIFO.v:1]
INFO: [Synth 8-6157] synthesizing module 'CSC_switch_FIFO__parameterized1' [C:/Users/bless/Downloads/BoooC CNN-Accelerator-Based-on-Eyeriss-v2 master FPGA_design-src/CSC_encoder/CSC_encoderr_FIFO.v:1]
	Parameter DATA_WIDTH bound to: 12 - type: integer 
INFO: [Synth 8-6155] done synthesizing module 'CSC_switch_FIFO__parameterized1' (0#1) [C:/Users/bless/Downloads/BoooC CNN-Accelerator-Based-on-Eyeriss-v2 master FPGA_design-src/CSC_encoder/CSC_encoderr_FIFO.v:1]
INFO: [Synth 8-6155] done synthesizing module 'CSC_Encoder' (0#1) [C:/Users/bless/Downloads/BoooC CNN-Accelerator-Based-on-Eyeriss-v2 master FPGA_design-src/CSC_encoder/CSC_encoderr.v:17]
INFO: [Synth 8-6157] synthesizing module 'CSC_Encoder__parameterized0' [C:/Users/bless/Downloads/BoooC CNN-Accelerator-Based-on-Eyeriss-v2 master FPGA_design-src/CSC_encoder/CSC_encoderr.v:17]
	Parameter ADDR_WIDTH bound to: 8 - type: integer 
	Parameter COUNT_WIDTH bound to: 5 - type: integer 
	Parameter DATA_WIDTH bound to: 8 - type: integer 
INFO: [Synth 8-6157] synthesizing module 'CSC_switch_FIFO__parameterized2' [C:/Users/bless/Downloads/BoooC CNN-Accelerator-Based-on-Eyeriss-v2 master FPGA_design-src/CSC_encoder/CSC_encoderr_FIFO.v:1]
	Parameter DATA_WIDTH bound to: 13 - type: integer 
INFO: [Synth 8-6155] done synthesizing module 'CSC_switch_FIFO__parameterized2' (0#1) [C:/Users/bless/Downloads/BoooC CNN-Accelerator-Based-on-Eyeriss-v2 master FPGA_design-src/CSC_encoder/CSC_encoderr_FIFO.v:1]
INFO: [Synth 8-6155] done synthesizing module 'CSC_Encoder__parameterized0' (0#1) [C:/Users/bless/Downloads/BoooC CNN-Accelerator-Based-on-Eyeriss-v2 master FPGA_design-src/CSC_encoder/CSC_encoderr.v:17]
INFO: [Synth 8-6157] synthesizing module 'psum_rearrange' [C:/Users/bless/Downloads/BoooC CNN-Accelerator-Based-on-Eyeriss-v2 master FPGA_design-src/TOP/Psum_rearrange.v:8]
INFO: [Synth 8-6157] synthesizing module 'Psum_Rearrange_BRAM' [C:/Users/bless/Downloads/BoooC CNN-Accelerator-Based-on-Eyeriss-v2 master FPGA_design-src/TOP/Psum_rearrange.v:58]
INFO: [Synth 8-6155] done synthesizing module 'Psum_Rearrange_BRAM' (0#1) [C:/Users/bless/Downloads/BoooC CNN-Accelerator-Based-on-Eyeriss-v2 master FPGA_design-src/TOP/Psum_rearrange.v:58]
INFO: [Synth 8-6155] done synthesizing module 'psum_rearrange' (0#1) [C:/Users/bless/Downloads/BoooC CNN-Accelerator-Based-on-Eyeriss-v2 master FPGA_design-src/TOP/Psum_rearrange.v:8]
INFO: [Synth 8-6157] synthesizing module 'Psum_Requantizer' [C:/Users/bless/Downloads/BoooC CNN-Accelerator-Based-on-Eyeriss-v2 master FPGA_design-src/Quantizer/Psum_Requantizer.v:13]
INFO: [Synth 8-6155] done synthesizing module 'Psum_Requantizer' (0#1) [C:/Users/bless/Downloads/BoooC CNN-Accelerator-Based-on-Eyeriss-v2 master FPGA_design-src/Quantizer/Psum_Requantizer.v:13]
INFO: [Synth 8-6157] synthesizing module 'ReLU' [C:/Users/bless/Downloads/BoooC CNN-Accelerator-Based-on-Eyeriss-v2 master FPGA_design-src/Activation/ReLU.v:9]
INFO: [Synth 8-6155] done synthesizing module 'ReLU' (0#1) [C:/Users/bless/Downloads/BoooC CNN-Accelerator-Based-on-Eyeriss-v2 master FPGA_design-src/Activation/ReLU.v:9]
INFO: [Synth 8-6157] synthesizing module 'Max_pooling' [C:/Users/bless/Downloads/BoooC CNN-Accelerator-Based-on-Eyeriss-v2 master FPGA_design-src/Pooling/Max_pooling.v:14]
	Parameter stride bound to: 2 - type: integer 
INFO: [Synth 8-6155] done synthesizing module 'Max_pooling' (0#1) [C:/Users/bless/Downloads/BoooC CNN-Accelerator-Based-on-Eyeriss-v2 master FPGA_design-src/Pooling/Max_pooling.v:14]
INFO: [Synth 8-6157] synthesizing module 'psum_SRAM_out_acc' [C:/Users/bless/Downloads/BoooC CNN-Accelerator-Based-on-Eyeriss-v2 master FPGA_design-src/TOP/Psum_SRAM_out_acc.v:1]
	Parameter BATCHES bound to: 4 - type: integer 
	Parameter CHANNELS bound to: 3 - type: integer 
INFO: [Synth 8-6155] done synthesizing module 'psum_SRAM_out_acc' (0#1) [C:/Users/bless/Downloads/BoooC CNN-Accelerator-Based-on-Eyeriss-v2 master FPGA_design-src/TOP/Psum_SRAM_out_acc.v:1]
INFO: [Synth 8-6157] synthesizing module 'softmax' [C:/Users/bless/Downloads/BoooC CNN-Accelerator-Based-on-Eyeriss-v2 master FPGA_design-src/Activation/Softmax.v:10]
INFO: [Synth 8-6155] done synthesizing module 'softmax' (0#1) [C:/Users/bless/Downloads/BoooC CNN-Accelerator-Based-on-Eyeriss-v2 master FPGA_design-src/Activation/Softmax.v:10]
INFO: [Synth 8-6157] synthesizing module 'TOP_controller' [C:/Users/bless/Downloads/BoooC CNN-Accelerator-Based-on-Eyeriss-v2 master FPGA_design-src/TOP/TOP_controller.v:12]
	Parameter WEIGHT_DATA_3_END bound to: 25874 - type: integer 
	Parameter WEIGHT_DATA_4_END bound to: 33758 - type: integer 
	Parameter WEIGHT_DATA_5_END bound to: 34506 - type: integer 
INFO: [Synth 8-6155] done synthesizing module 'TOP_controller' (0#1) [C:/Users/bless/Downloads/BoooC CNN-Accelerator-Based-on-Eyeriss-v2 master FPGA_design-src/TOP/TOP_controller.v:12]
INFO: [Synth 8-6155] done synthesizing module 'TOP' (0#1) [C:/Users/bless/Downloads/BoooC CNN-Accelerator-Based-on-Eyeriss-v2 master FPGA_design-src/TOP/TOP.v:1]
INFO: [Synth 8-6157] synthesizing module 'ROM_sparse_weight' [C:/Users/bless/Downloads/BoooC CNN-Accelerator-Based-on-Eyeriss-v2 master FPGA_design-src/TOP/TOP_interface.v:149]
INFO: [Synth 8-6155] done synthesizing module 'ROM_sparse_weight' (0#1) [C:/Users/bless/Downloads/BoooC CNN-Accelerator-Based-on-Eyeriss-v2 master FPGA_design-src/TOP/TOP_interface.v:149]
INFO: [Synth 8-6155] done synthesizing module 'TOP_interface' (0#1) [C:/Users/bless/Downloads/BoooC CNN-Accelerator-Based-on-Eyeriss-v2 master FPGA_design-src/TOP/TOP_interface.v:1]
INFO: [Synth 8-6157] synthesizing module 'uart_module' [C:/Users/bless/Downloads/BoooC CNN-Accelerator-Based-on-Eyeriss-v2 master FPGA_design-src/UART/uart_module.v:1]
INFO: [Synth 8-6157] synthesizing module 'IP_ifmap_BRAM' [C:/Users/bless/Downloads/BoooC CNN-Accelerator-Based-on-Eyeriss-v2 master FPGA_design-src/UART/uart_module.v:69]
INFO: [Synth 8-6155] done synthesizing module 'IP_ifmap_BRAM' (0#1) [C:/Users/bless/Downloads/BoooC CNN-Accelerator-Based-on-Eyeriss-v2 master FPGA_design-src/UART/uart_module.v:69]
INFO: [Synth 8-6157] synthesizing module 'uart_rx_module' [C:/Users/bless/Downloads/BoooC CNN-Accelerator-Based-on-Eyeriss-v2 master FPGA_design-src/UART/RX/uart_rx_module.v:1]
INFO: [Synth 8-6157] synthesizing module 'H2L_detect' [C:/Users/bless/Downloads/BoooC CNN-Accelerator-Based-on-Eyeriss-v2 master FPGA_design-src/UART/start_en_detect.v:1]
INFO: [Synth 8-6155] done synthesizing module 'H2L_detect' (0#1) [C:/Users/bless/Downloads/BoooC CNN-Accelerator-Based-on-Eyeriss-v2 master FPGA_design-src/UART/start_en_detect.v:1]
INFO: [Synth 8-6157] synthesizing module 'uart_rx_band_gen' [C:/Users/bless/Downloads/BoooC CNN-Accelerator-Based-on-Eyeriss-v2 master FPGA_design-src/UART/RX/uart_rx_band_gen.v:1]
INFO: [Synth 8-6155] done synthesizing module 'uart_rx_band_gen' (0#1) [C:/Users/bless/Downloads/BoooC CNN-Accelerator-Based-on-Eyeriss-v2 master FPGA_design-src/UART/RX/uart_rx_band_gen.v:1]
INFO: [Synth 8-6157] synthesizing module 'uart_rx_ctrl' [C:/Users/bless/Downloads/BoooC CNN-Accelerator-Based-on-Eyeriss-v2 master FPGA_design-src/UART/RX/uart_rx_ctl.v:1]
INFO: [Synth 8-155] case statement is not full and has no default [C:/Users/bless/Downloads/BoooC CNN-Accelerator-Based-on-Eyeriss-v2 master FPGA_design-src/UART/RX/uart_rx_ctl.v:48]
INFO: [Synth 8-155] case statement is not full and has no default [C:/Users/bless/Downloads/BoooC CNN-Accelerator-Based-on-Eyeriss-v2 master FPGA_design-src/UART/RX/uart_rx_ctl.v:61]
INFO: [Synth 8-155] case statement is not full and has no default [C:/Users/bless/Downloads/BoooC CNN-Accelerator-Based-on-Eyeriss-v2 master FPGA_design-src/UART/RX/uart_rx_ctl.v:74]
INFO: [Synth 8-6155] done synthesizing module 'uart_rx_ctrl' (0#1) [C:/Users/bless/Downloads/BoooC CNN-Accelerator-Based-on-Eyeriss-v2 master FPGA_design-src/UART/RX/uart_rx_ctl.v:1]
INFO: [Synth 8-6155] done synthesizing module 'uart_rx_module' (0#1) [C:/Users/bless/Downloads/BoooC CNN-Accelerator-Based-on-Eyeriss-v2 master FPGA_design-src/UART/RX/uart_rx_module.v:1]
INFO: [Synth 8-6155] done synthesizing module 'uart_module' (0#1) [C:/Users/bless/Downloads/BoooC CNN-Accelerator-Based-on-Eyeriss-v2 master FPGA_design-src/UART/uart_module.v:1]
INFO: [Synth 8-6157] synthesizing module 'interrupt_gen' [C:/Users/bless/Downloads/BoooC CNN-Accelerator-Based-on-Eyeriss-v2 master FPGA_design-src/IO_processing/interrupt_gen.v:1]
INFO: [Synth 8-6155] done synthesizing module 'interrupt_gen' (0#1) [C:/Users/bless/Downloads/BoooC CNN-Accelerator-Based-on-Eyeriss-v2 master FPGA_design-src/IO_processing/interrupt_gen.v:1]
INFO: [Synth 8-6157] synthesizing module 'clock_gen' [C:/Users/bless/Downloads/BoooC CNN-Accelerator-Based-on-Eyeriss-v2 master FPGA_design-src/IO_processing/clock_gen.v:1]
INFO: [Synth 8-6155] done synthesizing module 'clock_gen' (0#1) [C:/Users/bless/Downloads/BoooC CNN-Accelerator-Based-on-Eyeriss-v2 master FPGA_design-src/IO_processing/clock_gen.v:1]
INFO: [Synth 8-6155] done synthesizing module 'TOP_integration_uart' (0#1) [C:/Users/bless/Downloads/BoooC CNN-Accelerator-Based-on-Eyeriss-v2 master FPGA_design-src/TOP/TOP_integration_uart.v:1]
WARNING: [Synth 8-6014] Unused sequential element buffer_reg[0] was removed.  [C:/Users/bless/Downloads/BoooC CNN-Accelerator-Based-on-Eyeriss-v2 master FPGA_design-src/PE_Cluster/PE/PE_psum_FIFO.v:53]
WARNING: [Synth 8-6014] Unused sequential element buffer_reg[1] was removed.  [C:/Users/bless/Downloads/BoooC CNN-Accelerator-Based-on-Eyeriss-v2 master FPGA_design-src/PE_Cluster/PE/PE_psum_FIFO.v:53]
WARNING: [Synth 8-6014] Unused sequential element buffer_reg[2] was removed.  [C:/Users/bless/Downloads/BoooC CNN-Accelerator-Based-on-Eyeriss-v2 master FPGA_design-src/PE_Cluster/PE/PE_psum_FIFO.v:53]
WARNING: [Synth 8-6014] Unused sequential element buffer_reg[3] was removed.  [C:/Users/bless/Downloads/BoooC CNN-Accelerator-Based-on-Eyeriss-v2 master FPGA_design-src/PE_Cluster/PE/PE_psum_FIFO.v:53]
WARNING: [Synth 8-3848] Net rom_mem in module/entity ROM_sparse_weight does not have driver. [C:/Users/bless/Downloads/BoooC CNN-Accelerator-Based-on-Eyeriss-v2 master FPGA_design-src/TOP/TOP_interface.v:159]
WARNING: [Synth 8-7129] Port addra[15] in module ROM_sparse_weight is either unconnected or has no load
WARNING: [Synth 8-7129] Port addra[14] in module ROM_sparse_weight is either unconnected or has no load
WARNING: [Synth 8-7129] Port addra[13] in module ROM_sparse_weight is either unconnected or has no load
WARNING: [Synth 8-7129] Port addra[12] in module ROM_sparse_weight is either unconnected or has no load
WARNING: [Synth 8-7129] Port addra[11] in module ROM_sparse_weight is either unconnected or has no load
WARNING: [Synth 8-7129] Port addra[10] in module ROM_sparse_weight is either unconnected or has no load
WARNING: [Synth 8-7129] Port addra[9] in module ROM_sparse_weight is either unconnected or has no load
WARNING: [Synth 8-7129] Port addra[8] in module ROM_sparse_weight is either unconnected or has no load
WARNING: [Synth 8-7129] Port addra[7] in module ROM_sparse_weight is either unconnected or has no load
WARNING: [Synth 8-7129] Port addra[6] in module ROM_sparse_weight is either unconnected or has no load
WARNING: [Synth 8-7129] Port addra[5] in module ROM_sparse_weight is either unconnected or has no load
WARNING: [Synth 8-7129] Port addra[4] in module ROM_sparse_weight is either unconnected or has no load
WARNING: [Synth 8-7129] Port addra[3] in module ROM_sparse_weight is either unconnected or has no load
WARNING: [Synth 8-7129] Port addra[2] in module ROM_sparse_weight is either unconnected or has no load
WARNING: [Synth 8-7129] Port addra[1] in module ROM_sparse_weight is either unconnected or has no load
WARNING: [Synth 8-7129] Port addra[0] in module ROM_sparse_weight is either unconnected or has no load
WARNING: [Synth 8-7129] Port CSC_encoder_weight_one_vector_done in module TOP_controller is either unconnected or has no load
WARNING: [Synth 8-7129] Port data_in[20] in module Psum_Requantizer is either unconnected or has no load
WARNING: [Synth 8-7129] Port data_in[19] in module Psum_Requantizer is either unconnected or has no load
WARNING: [Synth 8-7129] Port data_in[18] in module Psum_Requantizer is either unconnected or has no load
WARNING: [Synth 8-7129] Port data_in[9] in module Psum_Requantizer is either unconnected or has no load
WARNING: [Synth 8-7129] Port data_in[8] in module Psum_Requantizer is either unconnected or has no load
WARNING: [Synth 8-7129] Port data_in[7] in module Psum_Requantizer is either unconnected or has no load
WARNING: [Synth 8-7129] Port data_in[6] in module Psum_Requantizer is either unconnected or has no load
WARNING: [Synth 8-7129] Port data_in[5] in module Psum_Requantizer is either unconnected or has no load
WARNING: [Synth 8-7129] Port data_in[4] in module Psum_Requantizer is either unconnected or has no load
WARNING: [Synth 8-7129] Port data_in[3] in module Psum_Requantizer is either unconnected or has no load
WARNING: [Synth 8-7129] Port data_in[2] in module Psum_Requantizer is either unconnected or has no load
WARNING: [Synth 8-7129] Port data_in[1] in module Psum_Requantizer is either unconnected or has no load
WARNING: [Synth 8-7129] Port data_in[0] in module Psum_Requantizer is either unconnected or has no load
WARNING: [Synth 8-7129] Port GLB_in[20] in module Psum_Router is either unconnected or has no load
WARNING: [Synth 8-7129] Port GLB_in[19] in module Psum_Router is either unconnected or has no load
WARNING: [Synth 8-7129] Port GLB_in[18] in module Psum_Router is either unconnected or has no load
WARNING: [Synth 8-7129] Port GLB_in[17] in module Psum_Router is either unconnected or has no load
WARNING: [Synth 8-7129] Port GLB_in[16] in module Psum_Router is either unconnected or has no load
WARNING: [Synth 8-7129] Port GLB_in[15] in module Psum_Router is either unconnected or has no load
WARNING: [Synth 8-7129] Port GLB_in[14] in module Psum_Router is either unconnected or has no load
WARNING: [Synth 8-7129] Port GLB_in[13] in module Psum_Router is either unconnected or has no load
WARNING: [Synth 8-7129] Port GLB_in[12] in module Psum_Router is either unconnected or has no load
WARNING: [Synth 8-7129] Port GLB_in[11] in module Psum_Router is either unconnected or has no load
WARNING: [Synth 8-7129] Port GLB_in[10] in module Psum_Router is either unconnected or has no load
WARNING: [Synth 8-7129] Port GLB_in[9] in module Psum_Router is either unconnected or has no load
WARNING: [Synth 8-7129] Port GLB_in[8] in module Psum_Router is either unconnected or has no load
WARNING: [Synth 8-7129] Port GLB_in[7] in module Psum_Router is either unconnected or has no load
WARNING: [Synth 8-7129] Port GLB_in[6] in module Psum_Router is either unconnected or has no load
WARNING: [Synth 8-7129] Port GLB_in[5] in module Psum_Router is either unconnected or has no load
WARNING: [Synth 8-7129] Port GLB_in[4] in module Psum_Router is either unconnected or has no load
WARNING: [Synth 8-7129] Port GLB_in[3] in module Psum_Router is either unconnected or has no load
WARNING: [Synth 8-7129] Port GLB_in[2] in module Psum_Router is either unconnected or has no load
WARNING: [Synth 8-7129] Port GLB_in[1] in module Psum_Router is either unconnected or has no load
WARNING: [Synth 8-7129] Port north_in[20] in module Psum_Router is either unconnected or has no load
WARNING: [Synth 8-7129] Port north_in[19] in module Psum_Router is either unconnected or has no load
WARNING: [Synth 8-7129] Port north_in[18] in module Psum_Router is either unconnected or has no load
WARNING: [Synth 8-7129] Port north_in[17] in module Psum_Router is either unconnected or has no load
WARNING: [Synth 8-7129] Port north_in[16] in module Psum_Router is either unconnected or has no load
WARNING: [Synth 8-7129] Port north_in[15] in module Psum_Router is either unconnected or has no load
WARNING: [Synth 8-7129] Port north_in[14] in module Psum_Router is either unconnected or has no load
WARNING: [Synth 8-7129] Port north_in[13] in module Psum_Router is either unconnected or has no load
WARNING: [Synth 8-7129] Port north_in[12] in module Psum_Router is either unconnected or has no load
WARNING: [Synth 8-7129] Port north_in[11] in module Psum_Router is either unconnected or has no load
WARNING: [Synth 8-7129] Port north_in[10] in module Psum_Router is either unconnected or has no load
WARNING: [Synth 8-7129] Port north_in[9] in module Psum_Router is either unconnected or has no load
WARNING: [Synth 8-7129] Port north_in[8] in module Psum_Router is either unconnected or has no load
WARNING: [Synth 8-7129] Port north_in[7] in module Psum_Router is either unconnected or has no load
WARNING: [Synth 8-7129] Port north_in[6] in module Psum_Router is either unconnected or has no load
WARNING: [Synth 8-7129] Port north_in[5] in module Psum_Router is either unconnected or has no load
WARNING: [Synth 8-7129] Port north_in[4] in module Psum_Router is either unconnected or has no load
WARNING: [Synth 8-7129] Port north_in[3] in module Psum_Router is either unconnected or has no load
WARNING: [Synth 8-7129] Port north_in[2] in module Psum_Router is either unconnected or has no load
WARNING: [Synth 8-7129] Port north_in[1] in module Psum_Router is either unconnected or has no load
WARNING: [Synth 8-7129] Port psum_write_addr[9] in module Psum_SRAM_Bank is either unconnected or has no load
WARNING: [Synth 8-7129] Port psum_read_addr[9] in module Psum_SRAM_Bank is either unconnected or has no load
WARNING: [Synth 8-7129] Port read_addr[9] in module lact_data_SRAM is either unconnected or has no load
WARNING: [Synth 8-7129] Port read_addr[8] in module lact_data_SRAM is either unconnected or has no load
WARNING: [Synth 8-7129] Port read_addr[7] in module lact_data_SRAM is either unconnected or has no load
WARNING: [Synth 8-7129] Port read_addr[6] in module lact_data_SRAM is either unconnected or has no load
WARNING: [Synth 8-7129] Port read_addr[5] in module lact_data_SRAM is either unconnected or has no load
WARNING: [Synth 8-7129] Port read_addr[9] in module iact_addr_SRAM is either unconnected or has no load
WARNING: [Synth 8-7129] Port read_addr[8] in module iact_addr_SRAM is either unconnected or has no load
WARNING: [Synth 8-7129] Port read_addr[7] in module iact_addr_SRAM is either unconnected or has no load
WARNING: [Synth 8-7129] Port read_addr[6] in module iact_addr_SRAM is either unconnected or has no load
WARNING: [Synth 8-7129] Port read_addr[5] in module iact_addr_SRAM is either unconnected or has no load
WARNING: [Synth 8-7129] Port GLB_psum_0_data_in_valid in module ClusterGroup is either unconnected or has no load
WARNING: [Synth 8-7129] Port GLB_psum_0_data_in[20] in module ClusterGroup is either unconnected or has no load
WARNING: [Synth 8-7129] Port GLB_psum_0_data_in[19] in module ClusterGroup is either unconnected or has no load
WARNING: [Synth 8-7129] Port GLB_psum_0_data_in[18] in module ClusterGroup is either unconnected or has no load
WARNING: [Synth 8-7129] Port GLB_psum_0_data_in[17] in module ClusterGroup is either unconnected or has no load
WARNING: [Synth 8-7129] Port GLB_psum_0_data_in[16] in module ClusterGroup is either unconnected or has no load
WARNING: [Synth 8-7129] Port GLB_psum_0_data_in[15] in module ClusterGroup is either unconnected or has no load
WARNING: [Synth 8-7129] Port GLB_psum_0_data_in[14] in module ClusterGroup is either unconnected or has no load
WARNING: [Synth 8-7129] Port GLB_psum_0_data_in[13] in module ClusterGroup is either unconnected or has no load
WARNING: [Synth 8-7129] Port GLB_psum_0_data_in[12] in module ClusterGroup is either unconnected or has no load
WARNING: [Synth 8-7129] Port GLB_psum_0_data_in[11] in module ClusterGroup is either unconnected or has no load
WARNING: [Synth 8-7129] Port GLB_psum_0_data_in[10] in module ClusterGroup is either unconnected or has no load
WARNING: [Synth 8-7129] Port GLB_psum_0_data_in[9] in module ClusterGroup is either unconnected or has no load
WARNING: [Synth 8-7129] Port GLB_psum_0_data_in[8] in module ClusterGroup is either unconnected or has no load
WARNING: [Synth 8-7129] Port GLB_psum_0_data_in[7] in module ClusterGroup is either unconnected or has no load
WARNING: [Synth 8-7129] Port GLB_psum_0_data_in[6] in module ClusterGroup is either unconnected or has no load
WARNING: [Synth 8-7129] Port GLB_psum_0_data_in[5] in module ClusterGroup is either unconnected or has no load
WARNING: [Synth 8-7129] Port GLB_psum_0_data_in[4] in module ClusterGroup is either unconnected or has no load
INFO: [Common 17-14] Message 'Synth 8-7129' appears 100 times and further instances of the messages will be disabled. Use the Tcl command set_msg_config to change the current settings.
---------------------------------------------------------------------------------
Finished RTL Elaboration : Time (s): cpu = 00:00:24 ; elapsed = 00:00:31 . Memory (MB): peak = 1977.855 ; gain = 436.160
---------------------------------------------------------------------------------
---------------------------------------------------------------------------------
Start Handling Custom Attributes
---------------------------------------------------------------------------------
---------------------------------------------------------------------------------
Finished Handling Custom Attributes : Time (s): cpu = 00:00:25 ; elapsed = 00:00:31 . Memory (MB): peak = 1977.855 ; gain = 436.160
---------------------------------------------------------------------------------
---------------------------------------------------------------------------------
Finished RTL Optimization Phase 1 : Time (s): cpu = 00:00:25 ; elapsed = 00:00:31 . Memory (MB): peak = 1977.855 ; gain = 436.160
---------------------------------------------------------------------------------
Netlist sorting complete. Time (s): cpu = 00:00:03 ; elapsed = 00:00:03 . Memory (MB): peak = 1977.855 ; gain = 0.000
INFO: [Project 1-570] Preparing netlist for logic optimization

Processing XDC Constraints
Initializing timing engine
Parsing XDC File [C:/Users/bless/Downloads/constraints.xdc]
create_clock: Time (s): cpu = 00:00:14 ; elapsed = 00:00:16 . Memory (MB): peak = 2119.141 ; gain = 35.750
WARNING: [Vivado 12-507] No nets matched 'reset_IBUF'. [C:/Users/bless/Downloads/constraints.xdc:7]
CRITICAL WARNING: [Common 17-55] 'set_property' expects at least one object. [C:/Users/bless/Downloads/constraints.xdc:7]
Resolution: If [get_<value>] was used to populate the object, check to make sure this command returns at least one valid object.
Finished Parsing XDC File [C:/Users/bless/Downloads/constraints.xdc]
INFO: [Project 1-236] Implementation specific constraints were found while reading constraint file [C:/Users/bless/Downloads/constraints.xdc]. These constraints will be ignored for synthesis but will be used in implementation. Impacted constraints are listed in the file [.Xil/TOP_integration_uart_propImpl.xdc].
Resolution: To avoid this warning, move constraints listed in [.Xil/TOP_integration_uart_propImpl.xdc] to another XDC file and exclude this new file from synthesis with the used_in_synthesis property (File Properties dialog in GUI) and re-run elaboration/synthesis.
Parsing XDC File [C:/Users/bless/Downloads/pynq_z2_example.xdc]
Finished Parsing XDC File [C:/Users/bless/Downloads/pynq_z2_example.xdc]
INFO: [Project 1-236] Implementation specific constraints were found while reading constraint file [C:/Users/bless/Downloads/pynq_z2_example.xdc]. These constraints will be ignored for synthesis but will be used in implementation. Impacted constraints are listed in the file [.Xil/TOP_integration_uart_propImpl.xdc].
Resolution: To avoid this warning, move constraints listed in [.Xil/TOP_integration_uart_propImpl.xdc] to another XDC file and exclude this new file from synthesis with the used_in_synthesis property (File Properties dialog in GUI) and re-run elaboration/synthesis.
Parsing XDC File [C:/Users/bless/Downloads/uart2.xdc]
WARNING: [Constraints 18-619] A clock with name 'clock' already exists, overwriting the previous clock with the same name. [C:/Users/bless/Downloads/uart2.xdc:4]
CRITICAL WARNING: [Constraints 18-1056] Clock 'clock' completely overrides clock 'sys_clk_pin'.
New: create_clock -period 20.000 -name clock -waveform {0.000 10.000} [get_ports clock], [C:/Users/bless/Downloads/uart2.xdc:4]
Previous: create_clock -period 8.000 -name sys_clk_pin -waveform {0.000 4.000} -add [get_ports clock], [C:/Users/bless/Downloads/pynq_z2_example.xdc:5]
Resolution: Review the constraint files and remove the redundant clock definition(s). If the clock constraints are not saved in a file, you can first save the constraints to an XDC file and reload the design once the constraints have been corrected.
WARNING: [Vivado 12-584] No ports matched 'led_tri_io[0]'. [C:/Users/bless/Downloads/uart2.xdc:8]
CRITICAL WARNING: [Common 17-55] 'set_property' expects at least one object. [C:/Users/bless/Downloads/uart2.xdc:8]
Resolution: If [get_<value>] was used to populate the object, check to make sure this command returns at least one valid object.
WARNING: [Vivado 12-584] No ports matched 'led_tri_io[1]'. [C:/Users/bless/Downloads/uart2.xdc:9]
CRITICAL WARNING: [Common 17-55] 'set_property' expects at least one object. [C:/Users/bless/Downloads/uart2.xdc:9]
Resolution: If [get_<value>] was used to populate the object, check to make sure this command returns at least one valid object.
WARNING: [Vivado 12-584] No ports matched 'led_tri_io[2]'. [C:/Users/bless/Downloads/uart2.xdc:10]
CRITICAL WARNING: [Common 17-55] 'set_property' expects at least one object. [C:/Users/bless/Downloads/uart2.xdc:10]
Resolution: If [get_<value>] was used to populate the object, check to make sure this command returns at least one valid object.
WARNING: [Vivado 12-584] No ports matched 'led_tri_io[3]'. [C:/Users/bless/Downloads/uart2.xdc:11]
CRITICAL WARNING: [Common 17-55] 'set_property' expects at least one object. [C:/Users/bless/Downloads/uart2.xdc:11]
Resolution: If [get_<value>] was used to populate the object, check to make sure this command returns at least one valid object.
WARNING: [Vivado 12-584] No ports matched 'uart_rtl_rxd'. [C:/Users/bless/Downloads/uart2.xdc:14]
CRITICAL WARNING: [Common 17-55] 'set_property' expects at least one object. [C:/Users/bless/Downloads/uart2.xdc:14]
Resolution: If [get_<value>] was used to populate the object, check to make sure this command returns at least one valid object.
Finished Parsing XDC File [C:/Users/bless/Downloads/uart2.xdc]
INFO: [Project 1-236] Implementation specific constraints were found while reading constraint file [C:/Users/bless/Downloads/uart2.xdc]. These constraints will be ignored for synthesis but will be used in implementation. Impacted constraints are listed in the file [.Xil/TOP_integration_uart_propImpl.xdc].
Resolution: To avoid this warning, move constraints listed in [.Xil/TOP_integration_uart_propImpl.xdc] to another XDC file and exclude this new file from synthesis with the used_in_synthesis property (File Properties dialog in GUI) and re-run elaboration/synthesis.
Parsing XDC File [C:/Users/bless/Downloads/uart.xdc]
WARNING: [Constraints 18-619] A clock with name 'clock' already exists, overwriting the previous clock with the same name. [C:/Users/bless/Downloads/uart.xdc:4]
WARNING: [Vivado 12-584] No ports matched 'btn1'. [C:/Users/bless/Downloads/uart.xdc:8]
CRITICAL WARNING: [Common 17-55] 'set_property' expects at least one object. [C:/Users/bless/Downloads/uart.xdc:8]
Resolution: If [get_<value>] was used to populate the object, check to make sure this command returns at least one valid object.
WARNING: [Vivado 12-584] No ports matched 'btn2'. [C:/Users/bless/Downloads/uart.xdc:9]
CRITICAL WARNING: [Common 17-55] 'set_property' expects at least one object. [C:/Users/bless/Downloads/uart.xdc:9]
Resolution: If [get_<value>] was used to populate the object, check to make sure this command returns at least one valid object.
WARNING: [Vivado 12-584] No ports matched 'btn3'. [C:/Users/bless/Downloads/uart.xdc:10]
CRITICAL WARNING: [Common 17-55] 'set_property' expects at least one object. [C:/Users/bless/Downloads/uart.xdc:10]
Resolution: If [get_<value>] was used to populate the object, check to make sure this command returns at least one valid object.
Finished Parsing XDC File [C:/Users/bless/Downloads/uart.xdc]
INFO: [Project 1-236] Implementation specific constraints were found while reading constraint file [C:/Users/bless/Downloads/uart.xdc]. These constraints will be ignored for synthesis but will be used in implementation. Impacted constraints are listed in the file [.Xil/TOP_integration_uart_propImpl.xdc].
Resolution: To avoid this warning, move constraints listed in [.Xil/TOP_integration_uart_propImpl.xdc] to another XDC file and exclude this new file from synthesis with the used_in_synthesis property (File Properties dialog in GUI) and re-run elaboration/synthesis.
Completed Processing XDC Constraints

Netlist sorting complete. Time (s): cpu = 00:00:00 ; elapsed = 00:00:00.094 . Memory (MB): peak = 2119.141 ; gain = 0.000
INFO: [Project 1-111] Unisim Transformation Summary:
No Unisim elements were transformed.

Constraint Validation Runtime : Time (s): cpu = 00:00:01 ; elapsed = 00:00:00.828 . Memory (MB): peak = 2119.141 ; gain = 0.000
INFO: [Designutils 20-5440] No compile time benefit to using incremental synthesis; A full resynthesis will be run
INFO: [Designutils 20-4379] Flow is switching to default flow due to incremental criteria not met. If you would like to alter this behaviour and have the flow terminate instead, please set the following parameter config_implementation {autoIncr.Synth.RejectBehavior Terminate}
---------------------------------------------------------------------------------
Finished Constraint Validation : Time (s): cpu = 00:01:27 ; elapsed = 00:01:40 . Memory (MB): peak = 2119.141 ; gain = 577.445
---------------------------------------------------------------------------------
---------------------------------------------------------------------------------
Start Loading Part and Timing Information
---------------------------------------------------------------------------------
Loading part: xck26-sfvc784-2LV-c
INFO: [Synth 8-6742] Reading net delay rules and data
---------------------------------------------------------------------------------
Finished Loading Part and Timing Information : Time (s): cpu = 00:01:27 ; elapsed = 00:01:41 . Memory (MB): peak = 2119.141 ; gain = 577.445
---------------------------------------------------------------------------------
---------------------------------------------------------------------------------
Start Applying 'set_property' XDC Constraints
---------------------------------------------------------------------------------
---------------------------------------------------------------------------------
Finished applying 'set_property' XDC Constraints : Time (s): cpu = 00:01:27 ; elapsed = 00:01:41 . Memory (MB): peak = 2119.141 ; gain = 577.445
---------------------------------------------------------------------------------
INFO: [Synth 8-802] inferred FSM for state register 'PE_state_reg' in module 'Processing_Element_Controller'
INFO: [Synth 8-802] inferred FSM for state register 'PE_state_reg' in module 'Processing_Element_core'
INFO: [Synth 8-802] inferred FSM for state register 'read_zero_state_reg' in module 'iact_addr_SRAM'
INFO: [Synth 8-802] inferred FSM for state register 'write_zero_state_reg' in module 'iact_addr_SRAM'
INFO: [Synth 8-802] inferred FSM for state register 'read_zero_state_reg' in module 'lact_data_SRAM'
INFO: [Synth 8-802] inferred FSM for state register 'write_zero_state_reg' in module 'lact_data_SRAM'
INFO: [Synth 8-802] inferred FSM for state register 'iact_read_state_reg' in module 'Iact_SRAM_Bank'
INFO: [Synth 8-802] inferred FSM for state register 'iact_write_state_reg' in module 'Iact_SRAM_Bank'
INFO: [Synth 8-802] inferred FSM for state register 'CG_state_reg' in module 'Cluster_Group_Controller'
INFO: [Synth 8-802] inferred FSM for state register 'pos_reg' in module 'uart_rx_ctrl'
---------------------------------------------------------------------------------------------------
                   State |                     New Encoding |                Previous Encoding 
---------------------------------------------------------------------------------------------------
                    IDLE |                              001 |                               00
                    LOAD |                              010 |                               01
                     CAL |                              100 |                               10
---------------------------------------------------------------------------------------------------
INFO: [Synth 8-3354] encoded FSM with state register 'PE_state_reg' using encoding 'one-hot' in module 'Processing_Element_Controller'
INFO: [Synth 8-6904] The RAM "Psum_DATA_Spad_BRAM:/mem_reg" of size (depth=32 x width=21) is automatically implemented using LUTRAM. BRAM implementation would be inefficient 
INFO: [Synth 8-6904] The RAM "Iact_DATA_Spad_BRAM:/mem_reg" of size (depth=200 x width=13) is automatically implemented using LUTRAM. BRAM implementation would be inefficient 
INFO: [Synth 8-6904] The RAM "Weight_DATA_Spad_BRAM:/mem_reg" of size (depth=100 x width=12) is automatically implemented using LUTRAM. BRAM implementation would be inefficient 
INFO: [Synth 8-6904] The RAM "Iact_Addr_SRAM_BRAM:/mem_reg" of size (depth=512 x width=7) is automatically implemented using LUTRAM. BRAM implementation would be inefficient 
---------------------------------------------------------------------------------------------------
                   State |                     New Encoding |                Previous Encoding 
---------------------------------------------------------------------------------------------------
                  NOZERO |                              001 |                               00
                 ONEZERO |                              010 |                               01
                 TWOZERO |                              100 |                               10
---------------------------------------------------------------------------------------------------
INFO: [Synth 8-3354] encoded FSM with state register 'write_zero_state_reg' using encoding 'one-hot' in module 'iact_addr_SRAM'
---------------------------------------------------------------------------------------------------
                   State |                     New Encoding |                Previous Encoding 
---------------------------------------------------------------------------------------------------
                  NOZERO |                               00 |                               00
                 ONEZERO |                               01 |                               01
                 TWOZERO |                               10 |                               10
---------------------------------------------------------------------------------------------------
INFO: [Synth 8-3354] encoded FSM with state register 'read_zero_state_reg' using encoding 'sequential' in module 'iact_addr_SRAM'
---------------------------------------------------------------------------------------------------
                   State |                     New Encoding |                Previous Encoding 
---------------------------------------------------------------------------------------------------
                  NOZERO |                              001 |                               00
                 ONEZERO |                              010 |                               01
                  iSTATE |                              100 |                               10
*
---------------------------------------------------------------------------------------------------
INFO: [Synth 8-3354] encoded FSM with state register 'write_zero_state_reg' using encoding 'one-hot' in module 'lact_data_SRAM'
---------------------------------------------------------------------------------------------------
                   State |                     New Encoding |                Previous Encoding 
---------------------------------------------------------------------------------------------------
                  NOZERO |                               00 |                               00
                 ONEZERO |                               01 |                               01
                  iSTATE |                               10 |                               10
*
---------------------------------------------------------------------------------------------------
INFO: [Synth 8-3354] encoded FSM with state register 'read_zero_state_reg' using encoding 'sequential' in module 'lact_data_SRAM'
---------------------------------------------------------------------------------------------------
                   State |                     New Encoding |                Previous Encoding 
---------------------------------------------------------------------------------------------------
                    IDLE |                               01 |                               00
                    WORK |                               11 |                               01
               WAIT_DATA |                               00 |                               11
               WAIT_ADDR |                               10 |                               10
---------------------------------------------------------------------------------------------------
INFO: [Synth 8-3354] encoded FSM with state register 'iact_write_state_reg' using encoding 'sequential' in module 'Iact_SRAM_Bank'
---------------------------------------------------------------------------------------------------
                   State |                     New Encoding |                Previous Encoding 
---------------------------------------------------------------------------------------------------
                    IDLE |                               01 |                               00
                    WORK |                               11 |                               01
               WAIT_DATA |                               00 |                               11
               WAIT_ADDR |                               10 |                               10
---------------------------------------------------------------------------------------------------
INFO: [Synth 8-3354] encoded FSM with state register 'iact_read_state_reg' using encoding 'sequential' in module 'Iact_SRAM_Bank'
---------------------------------------------------------------------------------------------------
                   State |                     New Encoding |                Previous Encoding 
---------------------------------------------------------------------------------------------------
                 CG_IDLE |                            00001 |                              000
             CG_LOAD_GLB |                            10000 |                              001
              CG_LOAD_PE |                            01000 |                              010
               CG_PE_CAL |                            00100 |                              011
            CG_READ_PSUM |                            00010 |                              100
---------------------------------------------------------------------------------------------------
INFO: [Synth 8-3354] encoded FSM with state register 'CG_state_reg' using encoding 'one-hot' in module 'Cluster_Group_Controller'
---------------------------------------------------------------------------------------------------
                   State |                     New Encoding |                Previous Encoding 
---------------------------------------------------------------------------------------------------
                    IDLE |                     000000000001 |                             0000
                   BEGIN |                     000000000010 |                             0001
                   DATA0 |                     000000000100 |                             0010
                   DATA1 |                     000000001000 |                             0011
                   DATA2 |                     000000010000 |                             0100
                   DATA3 |                     000000100000 |                             0101
                   DATA4 |                     000001000000 |                             0110
                   DATA5 |                     000010000000 |                             0111
                   DATA6 |                     000100000000 |                             1000
                   DATA7 |                     001000000000 |                             1001
                     END |                     010000000000 |                             1010
                   BFREE |                     100000000000 |                             1011
---------------------------------------------------------------------------------------------------
INFO: [Synth 8-3354] encoded FSM with state register 'pos_reg' using encoding 'one-hot' in module 'uart_rx_ctrl'
---------------------------------------------------------------------------------
Finished RTL Optimization Phase 2 : Time (s): cpu = 00:01:39 ; elapsed = 00:01:56 . Memory (MB): peak = 2119.141 ; gain = 577.445
---------------------------------------------------------------------------------
---------------------------------------------------------------------------------
Start RTL Component Statistics 
---------------------------------------------------------------------------------
Detailed RTL Component Info : 
+---Adders : 
	   2 Input   32 Bit       Adders := 3     
	   2 Input   21 Bit       Adders := 36    
	   3 Input   21 Bit       Adders := 1     
	   2 Input   16 Bit       Adders := 2     
	   2 Input   14 Bit       Adders := 1     
	   2 Input   12 Bit       Adders := 7     
	   2 Input   11 Bit       Adders := 144   
	   2 Input   10 Bit       Adders := 133   
	   3 Input   10 Bit       Adders := 13    
	   2 Input    9 Bit       Adders := 72    
	   2 Input    8 Bit       Adders := 110   
	   2 Input    7 Bit       Adders := 145   
	   2 Input    6 Bit       Adders := 7     
	   2 Input    5 Bit       Adders := 221   
	   2 Input    4 Bit       Adders := 77    
	   3 Input    4 Bit       Adders := 36    
	   2 Input    3 Bit       Adders := 13    
	   2 Input    2 Bit       Adders := 411   
	   2 Input    1 Bit       Adders := 2     
+---Registers : 
	               21 Bit    Registers := 134   
	               17 Bit    Registers := 36    
	               16 Bit    Registers := 2     
	               14 Bit    Registers := 1     
	               13 Bit    Registers := 180   
	               12 Bit    Registers := 219   
	               11 Bit    Registers := 1260  
	               10 Bit    Registers := 1276  
	                8 Bit    Registers := 658   
	                7 Bit    Registers := 1513  
	                6 Bit    Registers := 3     
	                5 Bit    Registers := 169   
	                4 Bit    Registers := 116   
	                3 Bit    Registers := 50    
	                2 Bit    Registers := 471   
	                1 Bit    Registers := 995   
+---RAMs : 
	              32K Bit	(4096 X 8 bit)          RAMs := 1     
	              24K Bit	(2048 X 12 bit)          RAMs := 36    
	              10K Bit	(512 X 21 bit)          RAMs := 12    
	               8K Bit	(1024 X 8 bit)          RAMs := 1     
	               3K Bit	(512 X 7 bit)          RAMs := 36    
	               2K Bit	(200 X 13 bit)          RAMs := 36    
	               1K Bit	(100 X 12 bit)          RAMs := 36    
	              672 Bit	(32 X 21 bit)          RAMs := 36    
+---Muxes : 
	   2 Input   21 Bit        Muxes := 171   
	   5 Input   21 Bit        Muxes := 1     
	   2 Input   16 Bit        Muxes := 36    
	   2 Input   13 Bit        Muxes := 114   
	   4 Input   13 Bit        Muxes := 40    
	   4 Input   12 Bit        Muxes := 72    
	   2 Input   12 Bit        Muxes := 108   
	  12 Input   12 Bit        Muxes := 1     
	   2 Input   10 Bit        Muxes := 102   
	   7 Input   10 Bit        Muxes := 1     
	   6 Input   10 Bit        Muxes := 1     
	   2 Input    9 Bit        Muxes := 36    
	   2 Input    8 Bit        Muxes := 279   
	   4 Input    8 Bit        Muxes := 40    
	  10 Input    8 Bit        Muxes := 2     
	   2 Input    7 Bit        Muxes := 294   
	   4 Input    7 Bit        Muxes := 72    
	   2 Input    6 Bit        Muxes := 9     
	   6 Input    6 Bit        Muxes := 1     
	   2 Input    5 Bit        Muxes := 215   
	   5 Input    5 Bit        Muxes := 4     
	   3 Input    5 Bit        Muxes := 1     
	   4 Input    5 Bit        Muxes := 1     
	   2 Input    4 Bit        Muxes := 10    
	   3 Input    4 Bit        Muxes := 1     
	   3 Input    3 Bit        Muxes := 110   
	   2 Input    3 Bit        Muxes := 379   
	   2 Input    2 Bit        Muxes := 725   
	   3 Input    2 Bit        Muxes := 72    
	   4 Input    2 Bit        Muxes := 72    
	   2 Input    1 Bit        Muxes := 5564  
	   3 Input    1 Bit        Muxes := 14    
	   4 Input    1 Bit        Muxes := 303   
	   5 Input    1 Bit        Muxes := 1     
---------------------------------------------------------------------------------
Finished RTL Component Statistics 
---------------------------------------------------------------------------------
---------------------------------------------------------------------------------
Start Part Resource Summary
---------------------------------------------------------------------------------
Part Resources:
DSPs: 1248 (col length:96)
BRAMs: 288 (col length: RAMB18 96 RAMB36 48)
---------------------------------------------------------------------------------
Finished Part Resource Summary
---------------------------------------------------------------------------------
---------------------------------------------------------------------------------
Start Cross Boundary and Area Optimization
---------------------------------------------------------------------------------
WARNING: [Synth 8-7080] Parallel synthesis criteria is not met
INFO: [Synth 8-6904] The RAM "ClusterGroup__GBM0:/PE_Cluster_inst/pe00/Processing_Element_core_inst/Former_Data_Spad_inst/Iact_DATA_Spad_BRAM_inst/mem_reg" of size (depth=200 x width=13) is automatically implemented using LUTRAM. BRAM implementation would be inefficient 
INFO: [Synth 8-6904] The RAM "ClusterGroup__GBM0:/PE_Cluster_inst/pe00/Processing_Element_core_inst/Later_Data_Spad_inst/Weight_DATA_Spad_BRAM_inst/mem_reg" of size (depth=100 x width=12) is automatically implemented using LUTRAM. BRAM implementation would be inefficient 
INFO: [Synth 8-6904] The RAM "ClusterGroup__GBM0:/PE_Cluster_inst/pe00/Processing_Element_core_inst/Psum_Spad_inst/Psum_DATA_Spad_BRAM_inst/mem_reg" of size (depth=32 x width=21) is automatically implemented using LUTRAM. BRAM implementation would be inefficient 
INFO: [Synth 8-6904] The RAM "ClusterGroup__GBM0:/PE_Cluster_inst/pe01/Processing_Element_core_inst/Former_Data_Spad_inst/Iact_DATA_Spad_BRAM_inst/mem_reg" of size (depth=200 x width=13) is automatically implemented using LUTRAM. BRAM implementation would be inefficient 
INFO: [Synth 8-6904] The RAM "ClusterGroup__GBM0:/PE_Cluster_inst/pe01/Processing_Element_core_inst/Later_Data_Spad_inst/Weight_DATA_Spad_BRAM_inst/mem_reg" of size (depth=100 x width=12) is automatically implemented using LUTRAM. BRAM implementation would be inefficient 
INFO: [Synth 8-6904] The RAM "ClusterGroup__GBM0:/PE_Cluster_inst/pe01/Processing_Element_core_inst/Psum_Spad_inst/Psum_DATA_Spad_BRAM_inst/mem_reg" of size (depth=32 x width=21) is automatically implemented using LUTRAM. BRAM implementation would be inefficient 
INFO: [Synth 8-6904] The RAM "ClusterGroup__GBM0:/PE_Cluster_inst/pe02/Processing_Element_core_inst/Former_Data_Spad_inst/Iact_DATA_Spad_BRAM_inst/mem_reg" of size (depth=200 x width=13) is automatically implemented using LUTRAM. BRAM implementation would be inefficient 
INFO: [Synth 8-6904] The RAM "ClusterGroup__GBM0:/PE_Cluster_inst/pe02/Processing_Element_core_inst/Later_Data_Spad_inst/Weight_DATA_Spad_BRAM_inst/mem_reg" of size (depth=100 x width=12) is automatically implemented using LUTRAM. BRAM implementation would be inefficient 
INFO: [Synth 8-6904] The RAM "ClusterGroup__GBM0:/PE_Cluster_inst/pe02/Processing_Element_core_inst/Psum_Spad_inst/Psum_DATA_Spad_BRAM_inst/mem_reg" of size (depth=32 x width=21) is automatically implemented using LUTRAM. BRAM implementation would be inefficient 
INFO: [Synth 8-6904] The RAM "ClusterGroup__GBM0:/PE_Cluster_inst/pe10/Processing_Element_core_inst/Former_Data_Spad_inst/Iact_DATA_Spad_BRAM_inst/mem_reg" of size (depth=200 x width=13) is automatically implemented using LUTRAM. BRAM implementation would be inefficient 
INFO: [Synth 8-6904] The RAM "ClusterGroup__GBM0:/PE_Cluster_inst/pe10/Processing_Element_core_inst/Later_Data_Spad_inst/Weight_DATA_Spad_BRAM_inst/mem_reg" of size (depth=100 x width=12) is automatically implemented using LUTRAM. BRAM implementation would be inefficient 
INFO: [Synth 8-6904] The RAM "ClusterGroup__GBM0:/PE_Cluster_inst/pe10/Processing_Element_core_inst/Psum_Spad_inst/Psum_DATA_Spad_BRAM_inst/mem_reg" of size (depth=32 x width=21) is automatically implemented using LUTRAM. BRAM implementation would be inefficient 
INFO: [Synth 8-6904] The RAM "ClusterGroup__GBM0:/PE_Cluster_inst/pe11/Processing_Element_core_inst/Former_Data_Spad_inst/Iact_DATA_Spad_BRAM_inst/mem_reg" of size (depth=200 x width=13) is automatically implemented using LUTRAM. BRAM implementation would be inefficient 
INFO: [Synth 8-6904] The RAM "ClusterGroup__GBM0:/PE_Cluster_inst/pe11/Processing_Element_core_inst/Later_Data_Spad_inst/Weight_DATA_Spad_BRAM_inst/mem_reg" of size (depth=100 x width=12) is automatically implemented using LUTRAM. BRAM implementation would be inefficient 
INFO: [Synth 8-6904] The RAM "ClusterGroup__GBM0:/PE_Cluster_inst/pe11/Processing_Element_core_inst/Psum_Spad_inst/Psum_DATA_Spad_BRAM_inst/mem_reg" of size (depth=32 x width=21) is automatically implemented using LUTRAM. BRAM implementation would be inefficient 
INFO: [Synth 8-6904] The RAM "ClusterGroup__GBM0:/PE_Cluster_inst/pe12/Processing_Element_core_inst/Former_Data_Spad_inst/Iact_DATA_Spad_BRAM_inst/mem_reg" of size (depth=200 x width=13) is automatically implemented using LUTRAM. BRAM implementation would be inefficient 
INFO: [Synth 8-6904] The RAM "ClusterGroup__GBM0:/PE_Cluster_inst/pe12/Processing_Element_core_inst/Later_Data_Spad_inst/Weight_DATA_Spad_BRAM_inst/mem_reg" of size (depth=100 x width=12) is automatically implemented using LUTRAM. BRAM implementation would be inefficient 
INFO: [Synth 8-6904] The RAM "ClusterGroup__GBM0:/PE_Cluster_inst/pe12/Processing_Element_core_inst/Psum_Spad_inst/Psum_DATA_Spad_BRAM_inst/mem_reg" of size (depth=32 x width=21) is automatically implemented using LUTRAM. BRAM implementation would be inefficient 
INFO: [Synth 8-6904] The RAM "ClusterGroup__GBM0:/PE_Cluster_inst/pe20/Processing_Element_core_inst/Former_Data_Spad_inst/Iact_DATA_Spad_BRAM_inst/mem_reg" of size (depth=200 x width=13) is automatically implemented using LUTRAM. BRAM implementation would be inefficient 
INFO: [Synth 8-6904] The RAM "ClusterGroup__GBM0:/PE_Cluster_inst/pe20/Processing_Element_core_inst/Later_Data_Spad_inst/Weight_DATA_Spad_BRAM_inst/mem_reg" of size (depth=100 x width=12) is automatically implemented using LUTRAM. BRAM implementation would be inefficient 
INFO: [Synth 8-6904] The RAM "ClusterGroup__GBM0:/PE_Cluster_inst/pe20/Processing_Element_core_inst/Psum_Spad_inst/Psum_DATA_Spad_BRAM_inst/mem_reg" of size (depth=32 x width=21) is automatically implemented using LUTRAM. BRAM implementation would be inefficient 
INFO: [Synth 8-6904] The RAM "ClusterGroup__GBM0:/PE_Cluster_inst/pe21/Processing_Element_core_inst/Former_Data_Spad_inst/Iact_DATA_Spad_BRAM_inst/mem_reg" of size (depth=200 x width=13) is automatically implemented using LUTRAM. BRAM implementation would be inefficient 
INFO: [Synth 8-6904] The RAM "ClusterGroup__GBM0:/PE_Cluster_inst/pe21/Processing_Element_core_inst/Later_Data_Spad_inst/Weight_DATA_Spad_BRAM_inst/mem_reg" of size (depth=100 x width=12) is automatically implemented using LUTRAM. BRAM implementation would be inefficient 
INFO: [Synth 8-6904] The RAM "ClusterGroup__GBM0:/PE_Cluster_inst/pe21/Processing_Element_core_inst/Psum_Spad_inst/Psum_DATA_Spad_BRAM_inst/mem_reg" of size (depth=32 x width=21) is automatically implemented using LUTRAM. BRAM implementation would be inefficient 
INFO: [Synth 8-6904] The RAM "ClusterGroup__GBM0:/PE_Cluster_inst/pe22/Processing_Element_core_inst/Former_Data_Spad_inst/Iact_DATA_Spad_BRAM_inst/mem_reg" of size (depth=200 x width=13) is automatically implemented using LUTRAM. BRAM implementation would be inefficient 
INFO: [Synth 8-6904] The RAM "ClusterGroup__GBM0:/PE_Cluster_inst/pe22/Processing_Element_core_inst/Later_Data_Spad_inst/Weight_DATA_Spad_BRAM_inst/mem_reg" of size (depth=100 x width=12) is automatically implemented using LUTRAM. BRAM implementation would be inefficient 
INFO: [Synth 8-6904] The RAM "ClusterGroup__GBM0:/PE_Cluster_inst/pe22/Processing_Element_core_inst/Psum_Spad_inst/Psum_DATA_Spad_BRAM_inst/mem_reg" of size (depth=32 x width=21) is automatically implemented using LUTRAM. BRAM implementation would be inefficient 
INFO: [Synth 8-6904] The RAM "ClusterGroup__GBM1:/GLB_Cluster_inst/inActSRAM_0_0/iact_addr_SRAM_inst/Iact_Addr_SRAM_BRAM_inst/mem_reg" of size (depth=512 x width=7) is automatically implemented using LUTRAM. BRAM implementation would be inefficient 
INFO: [Synth 8-6904] The RAM "ClusterGroup__GBM1:/GLB_Cluster_inst/inActSRAM_0_1/iact_addr_SRAM_inst/Iact_Addr_SRAM_BRAM_inst/mem_reg" of size (depth=512 x width=7) is automatically implemented using LUTRAM. BRAM implementation would be inefficient 
INFO: [Synth 8-6904] The RAM "ClusterGroup__GBM1:/GLB_Cluster_inst/inActSRAM_0_2/iact_addr_SRAM_inst/Iact_Addr_SRAM_BRAM_inst/mem_reg" of size (depth=512 x width=7) is automatically implemented using LUTRAM. BRAM implementation would be inefficient 
INFO: [Synth 8-6904] The RAM "ClusterGroup__GBM1:/GLB_Cluster_inst/inActSRAM_1_0/iact_addr_SRAM_inst/Iact_Addr_SRAM_BRAM_inst/mem_reg" of size (depth=512 x width=7) is automatically implemented using LUTRAM. BRAM implementation would be inefficient 
INFO: [Synth 8-6904] The RAM "ClusterGroup__GBM1:/GLB_Cluster_inst/inActSRAM_1_1/iact_addr_SRAM_inst/Iact_Addr_SRAM_BRAM_inst/mem_reg" of size (depth=512 x width=7) is automatically implemented using LUTRAM. BRAM implementation would be inefficient 
INFO: [Synth 8-6904] The RAM "ClusterGroup__GBM1:/GLB_Cluster_inst/inActSRAM_1_2/iact_addr_SRAM_inst/Iact_Addr_SRAM_BRAM_inst/mem_reg" of size (depth=512 x width=7) is automatically implemented using LUTRAM. BRAM implementation would be inefficient 
INFO: [Synth 8-6904] The RAM "ClusterGroup__GBM1:/GLB_Cluster_inst/inActSRAM_2_0/iact_addr_SRAM_inst/Iact_Addr_SRAM_BRAM_inst/mem_reg" of size (depth=512 x width=7) is automatically implemented using LUTRAM. BRAM implementation would be inefficient 
INFO: [Synth 8-6904] The RAM "ClusterGroup__GBM1:/GLB_Cluster_inst/inActSRAM_2_1/iact_addr_SRAM_inst/Iact_Addr_SRAM_BRAM_inst/mem_reg" of size (depth=512 x width=7) is automatically implemented using LUTRAM. BRAM implementation would be inefficient 
INFO: [Synth 8-6904] The RAM "ClusterGroup__GBM1:/GLB_Cluster_inst/inActSRAM_2_2/iact_addr_SRAM_inst/Iact_Addr_SRAM_BRAM_inst/mem_reg" of size (depth=512 x width=7) is automatically implemented using LUTRAM. BRAM implementation would be inefficient 
WARNING: [Synth 8-3936] Found unconnected internal register 'ROM_weight_inst/douta_reg' and it is trimmed from '16' to '13' bits. [C:/Users/bless/Downloads/BoooC CNN-Accelerator-Based-on-Eyeriss-v2 master FPGA_design-src/TOP/TOP_interface.v:163]
INFO: [Synth 8-6904] The RAM "ClusterGroup__GBM0:/PE_Cluster_inst/pe00/Processing_Element_core_inst/Former_Data_Spad_inst/Iact_DATA_Spad_BRAM_inst/mem_reg" of size (depth=200 x width=13) is automatically implemented using LUTRAM. BRAM implementation would be inefficient 
INFO: [Synth 8-6904] The RAM "ClusterGroup__GBM0:/PE_Cluster_inst/pe00/Processing_Element_core_inst/Later_Data_Spad_inst/Weight_DATA_Spad_BRAM_inst/mem_reg" of size (depth=100 x width=12) is automatically implemented using LUTRAM. BRAM implementation would be inefficient 
INFO: [Synth 8-6904] The RAM "ClusterGroup__GBM0:/PE_Cluster_inst/pe00/Processing_Element_core_inst/Psum_Spad_inst/Psum_DATA_Spad_BRAM_inst/mem_reg" of size (depth=32 x width=21) is automatically implemented using LUTRAM. BRAM implementation would be inefficient 
INFO: [Synth 8-6904] The RAM "ClusterGroup__GBM0:/PE_Cluster_inst/pe01/Processing_Element_core_inst/Former_Data_Spad_inst/Iact_DATA_Spad_BRAM_inst/mem_reg" of size (depth=200 x width=13) is automatically implemented using LUTRAM. BRAM implementation would be inefficient 
INFO: [Synth 8-6904] The RAM "ClusterGroup__GBM0:/PE_Cluster_inst/pe01/Processing_Element_core_inst/Later_Data_Spad_inst/Weight_DATA_Spad_BRAM_inst/mem_reg" of size (depth=100 x width=12) is automatically implemented using LUTRAM. BRAM implementation would be inefficient 
INFO: [Synth 8-6904] The RAM "ClusterGroup__GBM0:/PE_Cluster_inst/pe01/Processing_Element_core_inst/Psum_Spad_inst/Psum_DATA_Spad_BRAM_inst/mem_reg" of size (depth=32 x width=21) is automatically implemented using LUTRAM. BRAM implementation would be inefficient 
INFO: [Synth 8-6904] The RAM "ClusterGroup__GBM0:/PE_Cluster_inst/pe02/Processing_Element_core_inst/Former_Data_Spad_inst/Iact_DATA_Spad_BRAM_inst/mem_reg" of size (depth=200 x width=13) is automatically implemented using LUTRAM. BRAM implementation would be inefficient 
INFO: [Synth 8-6904] The RAM "ClusterGroup__GBM0:/PE_Cluster_inst/pe02/Processing_Element_core_inst/Later_Data_Spad_inst/Weight_DATA_Spad_BRAM_inst/mem_reg" of size (depth=100 x width=12) is automatically implemented using LUTRAM. BRAM implementation would be inefficient 
INFO: [Synth 8-6904] The RAM "ClusterGroup__GBM0:/PE_Cluster_inst/pe02/Processing_Element_core_inst/Psum_Spad_inst/Psum_DATA_Spad_BRAM_inst/mem_reg" of size (depth=32 x width=21) is automatically implemented using LUTRAM. BRAM implementation would be inefficient 
INFO: [Synth 8-6904] The RAM "ClusterGroup__GBM0:/PE_Cluster_inst/pe10/Processing_Element_core_inst/Former_Data_Spad_inst/Iact_DATA_Spad_BRAM_inst/mem_reg" of size (depth=200 x width=13) is automatically implemented using LUTRAM. BRAM implementation would be inefficient 
INFO: [Synth 8-6904] The RAM "ClusterGroup__GBM0:/PE_Cluster_inst/pe10/Processing_Element_core_inst/Later_Data_Spad_inst/Weight_DATA_Spad_BRAM_inst/mem_reg" of size (depth=100 x width=12) is automatically implemented using LUTRAM. BRAM implementation would be inefficient 
INFO: [Synth 8-6904] The RAM "ClusterGroup__GBM0:/PE_Cluster_inst/pe10/Processing_Element_core_inst/Psum_Spad_inst/Psum_DATA_Spad_BRAM_inst/mem_reg" of size (depth=32 x width=21) is automatically implemented using LUTRAM. BRAM implementation would be inefficient 
INFO: [Synth 8-6904] The RAM "ClusterGroup__GBM0:/PE_Cluster_inst/pe11/Processing_Element_core_inst/Former_Data_Spad_inst/Iact_DATA_Spad_BRAM_inst/mem_reg" of size (depth=200 x width=13) is automatically implemented using LUTRAM. BRAM implementation would be inefficient 
INFO: [Synth 8-6904] The RAM "ClusterGroup__GBM0:/PE_Cluster_inst/pe11/Processing_Element_core_inst/Later_Data_Spad_inst/Weight_DATA_Spad_BRAM_inst/mem_reg" of size (depth=100 x width=12) is automatically implemented using LUTRAM. BRAM implementation would be inefficient 
INFO: [Synth 8-6904] The RAM "ClusterGroup__GBM0:/PE_Cluster_inst/pe11/Processing_Element_core_inst/Psum_Spad_inst/Psum_DATA_Spad_BRAM_inst/mem_reg" of size (depth=32 x width=21) is automatically implemented using LUTRAM. BRAM implementation would be inefficient 
INFO: [Synth 8-6904] The RAM "ClusterGroup__GBM0:/PE_Cluster_inst/pe12/Processing_Element_core_inst/Former_Data_Spad_inst/Iact_DATA_Spad_BRAM_inst/mem_reg" of size (depth=200 x width=13) is automatically implemented using LUTRAM. BRAM implementation would be inefficient 
INFO: [Synth 8-6904] The RAM "ClusterGroup__GBM0:/PE_Cluster_inst/pe12/Processing_Element_core_inst/Later_Data_Spad_inst/Weight_DATA_Spad_BRAM_inst/mem_reg" of size (depth=100 x width=12) is automatically implemented using LUTRAM. BRAM implementation would be inefficient 
INFO: [Synth 8-6904] The RAM "ClusterGroup__GBM0:/PE_Cluster_inst/pe12/Processing_Element_core_inst/Psum_Spad_inst/Psum_DATA_Spad_BRAM_inst/mem_reg" of size (depth=32 x width=21) is automatically implemented using LUTRAM. BRAM implementation would be inefficient 
INFO: [Synth 8-6904] The RAM "ClusterGroup__GBM0:/PE_Cluster_inst/pe20/Processing_Element_core_inst/Former_Data_Spad_inst/Iact_DATA_Spad_BRAM_inst/mem_reg" of size (depth=200 x width=13) is automatically implemented using LUTRAM. BRAM implementation would be inefficient 
INFO: [Synth 8-6904] The RAM "ClusterGroup__GBM0:/PE_Cluster_inst/pe20/Processing_Element_core_inst/Later_Data_Spad_inst/Weight_DATA_Spad_BRAM_inst/mem_reg" of size (depth=100 x width=12) is automatically implemented using LUTRAM. BRAM implementation would be inefficient 
INFO: [Synth 8-6904] The RAM "ClusterGroup__GBM0:/PE_Cluster_inst/pe20/Processing_Element_core_inst/Psum_Spad_inst/Psum_DATA_Spad_BRAM_inst/mem_reg" of size (depth=32 x width=21) is automatically implemented using LUTRAM. BRAM implementation would be inefficient 
INFO: [Synth 8-6904] The RAM "ClusterGroup__GBM0:/PE_Cluster_inst/pe21/Processing_Element_core_inst/Former_Data_Spad_inst/Iact_DATA_Spad_BRAM_inst/mem_reg" of size (depth=200 x width=13) is automatically implemented using LUTRAM. BRAM implementation would be inefficient 
INFO: [Synth 8-6904] The RAM "ClusterGroup__GBM0:/PE_Cluster_inst/pe21/Processing_Element_core_inst/Later_Data_Spad_inst/Weight_DATA_Spad_BRAM_inst/mem_reg" of size (depth=100 x width=12) is automatically implemented using LUTRAM. BRAM implementation would be inefficient 
INFO: [Synth 8-6904] The RAM "ClusterGroup__GBM0:/PE_Cluster_inst/pe21/Processing_Element_core_inst/Psum_Spad_inst/Psum_DATA_Spad_BRAM_inst/mem_reg" of size (depth=32 x width=21) is automatically implemented using LUTRAM. BRAM implementation would be inefficient 
INFO: [Synth 8-6904] The RAM "ClusterGroup__GBM0:/PE_Cluster_inst/pe22/Processing_Element_core_inst/Former_Data_Spad_inst/Iact_DATA_Spad_BRAM_inst/mem_reg" of size (depth=200 x width=13) is automatically implemented using LUTRAM. BRAM implementation would be inefficient 
INFO: [Synth 8-6904] The RAM "ClusterGroup__GBM0:/PE_Cluster_inst/pe22/Processing_Element_core_inst/Later_Data_Spad_inst/Weight_DATA_Spad_BRAM_inst/mem_reg" of size (depth=100 x width=12) is automatically implemented using LUTRAM. BRAM implementation would be inefficient 
INFO: [Synth 8-6904] The RAM "ClusterGroup__GBM0:/PE_Cluster_inst/pe22/Processing_Element_core_inst/Psum_Spad_inst/Psum_DATA_Spad_BRAM_inst/mem_reg" of size (depth=32 x width=21) is automatically implemented using LUTRAM. BRAM implementation would be inefficient 
INFO: [Synth 8-7124] RAM ("ClusterGroup__GBM1:/GLB_Cluster_inst/inActSRAM_0_0/iact_data_SRAM_inst/Iact_Data_SRAM_BRAM_inst/mem_reg") is implemented using BRAM instead of URAM. Memory would be severely underutilized if URAMs are used
INFO: [Synth 8-6904] The RAM "ClusterGroup__GBM1:/GLB_Cluster_inst/inActSRAM_0_0/iact_addr_SRAM_inst/Iact_Addr_SRAM_BRAM_inst/mem_reg" of size (depth=512 x width=7) is automatically implemented using LUTRAM. BRAM implementation would be inefficient 
INFO: [Synth 8-7124] RAM ("ClusterGroup__GBM1:/GLB_Cluster_inst/inActSRAM_0_1/iact_data_SRAM_inst/Iact_Data_SRAM_BRAM_inst/mem_reg") is implemented using BRAM instead of URAM. Memory would be severely underutilized if URAMs are used
INFO: [Synth 8-6904] The RAM "ClusterGroup__GBM1:/GLB_Cluster_inst/inActSRAM_0_1/iact_addr_SRAM_inst/Iact_Addr_SRAM_BRAM_inst/mem_reg" of size (depth=512 x width=7) is automatically implemented using LUTRAM. BRAM implementation would be inefficient 
INFO: [Synth 8-7124] RAM ("ClusterGroup__GBM1:/GLB_Cluster_inst/inActSRAM_0_2/iact_data_SRAM_inst/Iact_Data_SRAM_BRAM_inst/mem_reg") is implemented using BRAM instead of URAM. Memory would be severely underutilized if URAMs are used
INFO: [Synth 8-6904] The RAM "ClusterGroup__GBM1:/GLB_Cluster_inst/inActSRAM_0_2/iact_addr_SRAM_inst/Iact_Addr_SRAM_BRAM_inst/mem_reg" of size (depth=512 x width=7) is automatically implemented using LUTRAM. BRAM implementation would be inefficient 
INFO: [Synth 8-7124] RAM ("ClusterGroup__GBM1:/GLB_Cluster_inst/inActSRAM_1_0/iact_data_SRAM_inst/Iact_Data_SRAM_BRAM_inst/mem_reg") is implemented using BRAM instead of URAM. Memory would be severely underutilized if URAMs are used
INFO: [Synth 8-6904] The RAM "ClusterGroup__GBM1:/GLB_Cluster_inst/inActSRAM_1_0/iact_addr_SRAM_inst/Iact_Addr_SRAM_BRAM_inst/mem_reg" of size (depth=512 x width=7) is automatically implemented using LUTRAM. BRAM implementation would be inefficient 
INFO: [Synth 8-7124] RAM ("ClusterGroup__GBM1:/GLB_Cluster_inst/inActSRAM_1_1/iact_data_SRAM_inst/Iact_Data_SRAM_BRAM_inst/mem_reg") is implemented using BRAM instead of URAM. Memory would be severely underutilized if URAMs are used
INFO: [Synth 8-6904] The RAM "ClusterGroup__GBM1:/GLB_Cluster_inst/inActSRAM_1_1/iact_addr_SRAM_inst/Iact_Addr_SRAM_BRAM_inst/mem_reg" of size (depth=512 x width=7) is automatically implemented using LUTRAM. BRAM implementation would be inefficient 
INFO: [Synth 8-7124] RAM ("ClusterGroup__GBM1:/GLB_Cluster_inst/inActSRAM_1_2/iact_data_SRAM_inst/Iact_Data_SRAM_BRAM_inst/mem_reg") is implemented using BRAM instead of URAM. Memory would be severely underutilized if URAMs are used
INFO: [Synth 8-6904] The RAM "ClusterGroup__GBM1:/GLB_Cluster_inst/inActSRAM_1_2/iact_addr_SRAM_inst/Iact_Addr_SRAM_BRAM_inst/mem_reg" of size (depth=512 x width=7) is automatically implemented using LUTRAM. BRAM implementation would be inefficient 
INFO: [Synth 8-7124] RAM ("ClusterGroup__GBM1:/GLB_Cluster_inst/inActSRAM_2_0/iact_data_SRAM_inst/Iact_Data_SRAM_BRAM_inst/mem_reg") is implemented using BRAM instead of URAM. Memory would be severely underutilized if URAMs are used
INFO: [Synth 8-6904] The RAM "ClusterGroup__GBM1:/GLB_Cluster_inst/inActSRAM_2_0/iact_addr_SRAM_inst/Iact_Addr_SRAM_BRAM_inst/mem_reg" of size (depth=512 x width=7) is automatically implemented using LUTRAM. BRAM implementation would be inefficient 
INFO: [Synth 8-7124] RAM ("ClusterGroup__GBM1:/GLB_Cluster_inst/inActSRAM_2_1/iact_data_SRAM_inst/Iact_Data_SRAM_BRAM_inst/mem_reg") is implemented using BRAM instead of URAM. Memory would be severely underutilized if URAMs are used
INFO: [Synth 8-6904] The RAM "ClusterGroup__GBM1:/GLB_Cluster_inst/inActSRAM_2_1/iact_addr_SRAM_inst/Iact_Addr_SRAM_BRAM_inst/mem_reg" of size (depth=512 x width=7) is automatically implemented using LUTRAM. BRAM implementation would be inefficient 
INFO: [Synth 8-7124] RAM ("ClusterGroup__GBM1:/GLB_Cluster_inst/inActSRAM_2_2/iact_data_SRAM_inst/Iact_Data_SRAM_BRAM_inst/mem_reg") is implemented using BRAM instead of URAM. Memory would be severely underutilized if URAMs are used
INFO: [Synth 8-6904] The RAM "ClusterGroup__GBM1:/GLB_Cluster_inst/inActSRAM_2_2/iact_addr_SRAM_inst/Iact_Addr_SRAM_BRAM_inst/mem_reg" of size (depth=512 x width=7) is automatically implemented using LUTRAM. BRAM implementation would be inefficient 
RAM ("ClusterGroup__GBM1:/GLB_Cluster_inst/pSumSRAM0/Psum_Data_SRAM_BRAM_inst/mem_reg") is too shallow (depth = 512) to use URAM. Choosing BRAM instead of URAM 
RAM ("ClusterGroup__GBM1:/GLB_Cluster_inst/pSumSRAM1/Psum_Data_SRAM_BRAM_inst/mem_reg") is too shallow (depth = 512) to use URAM. Choosing BRAM instead of URAM 
RAM ("ClusterGroup__GBM1:/GLB_Cluster_inst/pSumSRAM2/Psum_Data_SRAM_BRAM_inst/mem_reg") is too shallow (depth = 512) to use URAM. Choosing BRAM instead of URAM 
INFO: [Synth 8-7124] RAM ("TOP_insti_10/psum_rearrange/Psum_Rearrange_BRAM_inst/mem_reg") is implemented using BRAM instead of URAM. Memory would be severely underutilized if URAMs are used
RAM ("TOP_integration_uart/uart_module_inst/u0/bram_mem_reg") is too shallow (depth = 1024) to use URAM. Choosing BRAM instead of URAM 
---------------------------------------------------------------------------------
Finished Cross Boundary and Area Optimization : Time (s): cpu = 00:32:10 ; elapsed = 00:36:18 . Memory (MB): peak = 6958.875 ; gain = 5417.180
---------------------------------------------------------------------------------
---------------------------------------------------------------------------------
Start ROM, RAM, DSP, Shift Register and Retiming Reporting
---------------------------------------------------------------------------------

Block RAM: Preliminary Mapping Report (see note below)
+---------------------------------------------------+------------------------------------------------------+------------------------+---+---+------------------------+---+---+------------------+--------+--------+-----------------+
|Module Name                                        | RTL Object                                           | PORT A (Depth x Width) | W | R | PORT B (Depth x Width) | W | R | Ports driving FF | RAMB18 | RAMB36 | Cascade Heights | 
+---------------------------------------------------+------------------------------------------------------+------------------------+---+---+------------------------+---+---+------------------+--------+--------+-----------------+
|ClusterGroup__GBM1:/GLB_Cluster_inst/inActSRAM_0_0 | iact_data_SRAM_inst/Iact_Data_SRAM_BRAM_inst/mem_reg | 2 K x 12(READ_FIRST)   | W |   | 2 K x 12(WRITE_FIRST)  |   | R | Port A and B     | 0      | 1      | 1               | 
|ClusterGroup__GBM1:/GLB_Cluster_inst/inActSRAM_0_1 | iact_data_SRAM_inst/Iact_Data_SRAM_BRAM_inst/mem_reg | 2 K x 12(READ_FIRST)   | W |   | 2 K x 12(WRITE_FIRST)  |   | R | Port A and B     | 0      | 1      | 1               | 
|ClusterGroup__GBM1:/GLB_Cluster_inst/inActSRAM_0_2 | iact_data_SRAM_inst/Iact_Data_SRAM_BRAM_inst/mem_reg | 2 K x 12(READ_FIRST)   | W |   | 2 K x 12(WRITE_FIRST)  |   | R | Port A and B     | 0      | 1      | 1               | 
|ClusterGroup__GBM1:/GLB_Cluster_inst/inActSRAM_1_0 | iact_data_SRAM_inst/Iact_Data_SRAM_BRAM_inst/mem_reg | 2 K x 12(READ_FIRST)   | W |   | 2 K x 12(WRITE_FIRST)  |   | R | Port A and B     | 0      | 1      | 1               | 
|ClusterGroup__GBM1:/GLB_Cluster_inst/inActSRAM_1_1 | iact_data_SRAM_inst/Iact_Data_SRAM_BRAM_inst/mem_reg | 2 K x 12(READ_FIRST)   | W |   | 2 K x 12(WRITE_FIRST)  |   | R | Port A and B     | 0      | 1      | 1               | 
|ClusterGroup__GBM1:/GLB_Cluster_inst/inActSRAM_1_2 | iact_data_SRAM_inst/Iact_Data_SRAM_BRAM_inst/mem_reg | 2 K x 12(READ_FIRST)   | W |   | 2 K x 12(WRITE_FIRST)  |   | R | Port A and B     | 0      | 1      | 1               | 
|ClusterGroup__GBM1:/GLB_Cluster_inst/inActSRAM_2_0 | iact_data_SRAM_inst/Iact_Data_SRAM_BRAM_inst/mem_reg | 2 K x 12(READ_FIRST)   | W |   | 2 K x 12(WRITE_FIRST)  |   | R | Port A and B     | 0      | 1      | 1               | 
|ClusterGroup__GBM1:/GLB_Cluster_inst/inActSRAM_2_1 | iact_data_SRAM_inst/Iact_Data_SRAM_BRAM_inst/mem_reg | 2 K x 12(READ_FIRST)   | W |   | 2 K x 12(WRITE_FIRST)  |   | R | Port A and B     | 0      | 1      | 1               | 
|ClusterGroup__GBM1:/GLB_Cluster_inst/inActSRAM_2_2 | iact_data_SRAM_inst/Iact_Data_SRAM_BRAM_inst/mem_reg | 2 K x 12(READ_FIRST)   | W |   | 2 K x 12(WRITE_FIRST)  |   | R | Port A and B     | 0      | 1      | 1               | 
|ClusterGroup__GBM1:/GLB_Cluster_inst/pSumSRAM0     | Psum_Data_SRAM_BRAM_inst/mem_reg                     | 512 x 21(READ_FIRST)   | W |   | 512 x 21(WRITE_FIRST)  |   | R | Port A and B     | 1      | 0      |                 | 
|ClusterGroup__GBM1:/GLB_Cluster_inst/pSumSRAM1     | Psum_Data_SRAM_BRAM_inst/mem_reg                     | 512 x 21(READ_FIRST)   | W |   | 512 x 21(WRITE_FIRST)  |   | R | Port A and B     | 1      | 0      |                 | 
|ClusterGroup__GBM1:/GLB_Cluster_inst/pSumSRAM2     | Psum_Data_SRAM_BRAM_inst/mem_reg                     | 512 x 21(READ_FIRST)   | W |   | 512 x 21(WRITE_FIRST)  |   | R | Port A and B     | 1      | 0      |                 | 
|ClusterGroup__GBM1:/GLB_Cluster_inst/inActSRAM_0_0 | iact_data_SRAM_inst/Iact_Data_SRAM_BRAM_inst/mem_reg | 2 K x 12(READ_FIRST)   | W |   | 2 K x 12(WRITE_FIRST)  |   | R | Port A and B     | 0      | 1      | 1               | 
|ClusterGroup__GBM1:/GLB_Cluster_inst/inActSRAM_0_1 | iact_data_SRAM_inst/Iact_Data_SRAM_BRAM_inst/mem_reg | 2 K x 12(READ_FIRST)   | W |   | 2 K x 12(WRITE_FIRST)  |   | R | Port A and B     | 0      | 1      | 1               | 
|ClusterGroup__GBM1:/GLB_Cluster_inst/inActSRAM_0_2 | iact_data_SRAM_inst/Iact_Data_SRAM_BRAM_inst/mem_reg | 2 K x 12(READ_FIRST)   | W |   | 2 K x 12(WRITE_FIRST)  |   | R | Port A and B     | 0      | 1      | 1               | 
|ClusterGroup__GBM1:/GLB_Cluster_inst/inActSRAM_1_0 | iact_data_SRAM_inst/Iact_Data_SRAM_BRAM_inst/mem_reg | 2 K x 12(READ_FIRST)   | W |   | 2 K x 12(WRITE_FIRST)  |   | R | Port A and B     | 0      | 1      | 1               | 
|ClusterGroup__GBM1:/GLB_Cluster_inst/inActSRAM_1_1 | iact_data_SRAM_inst/Iact_Data_SRAM_BRAM_inst/mem_reg | 2 K x 12(READ_FIRST)   | W |   | 2 K x 12(WRITE_FIRST)  |   | R | Port A and B     | 0      | 1      | 1               | 
|ClusterGroup__GBM1:/GLB_Cluster_inst/inActSRAM_1_2 | iact_data_SRAM_inst/Iact_Data_SRAM_BRAM_inst/mem_reg | 2 K x 12(READ_FIRST)   | W |   | 2 K x 12(WRITE_FIRST)  |   | R | Port A and B     | 0      | 1      | 1               | 
|ClusterGroup__GBM1:/GLB_Cluster_inst/inActSRAM_2_0 | iact_data_SRAM_inst/Iact_Data_SRAM_BRAM_inst/mem_reg | 2 K x 12(READ_FIRST)   | W |   | 2 K x 12(WRITE_FIRST)  |   | R | Port A and B     | 0      | 1      | 1               | 
|ClusterGroup__GBM1:/GLB_Cluster_inst/inActSRAM_2_1 | iact_data_SRAM_inst/Iact_Data_SRAM_BRAM_inst/mem_reg | 2 K x 12(READ_FIRST)   | W |   | 2 K x 12(WRITE_FIRST)  |   | R | Port A and B     | 0      | 1      | 1               | 
|ClusterGroup__GBM1:/GLB_Cluster_inst/inActSRAM_2_2 | iact_data_SRAM_inst/Iact_Data_SRAM_BRAM_inst/mem_reg | 2 K x 12(READ_FIRST)   | W |   | 2 K x 12(WRITE_FIRST)  |   | R | Port A and B     | 0      | 1      | 1               | 
|ClusterGroup__GBM1:/GLB_Cluster_inst/pSumSRAM0     | Psum_Data_SRAM_BRAM_inst/mem_reg                     | 512 x 21(READ_FIRST)   | W |   | 512 x 21(WRITE_FIRST)  |   | R | Port A and B     | 1      | 0      |                 | 
|ClusterGroup__GBM1:/GLB_Cluster_inst/pSumSRAM1     | Psum_Data_SRAM_BRAM_inst/mem_reg                     | 512 x 21(READ_FIRST)   | W |   | 512 x 21(WRITE_FIRST)  |   | R | Port A and B     | 1      | 0      |                 | 
|ClusterGroup__GBM1:/GLB_Cluster_inst/pSumSRAM2     | Psum_Data_SRAM_BRAM_inst/mem_reg                     | 512 x 21(READ_FIRST)   | W |   | 512 x 21(WRITE_FIRST)  |   | R | Port A and B     | 1      | 0      |                 | 
|ClusterGroup__GBM1:/GLB_Cluster_inst/inActSRAM_0_0 | iact_data_SRAM_inst/Iact_Data_SRAM_BRAM_inst/mem_reg | 2 K x 12(READ_FIRST)   | W |   | 2 K x 12(WRITE_FIRST)  |   | R | Port A and B     | 0      | 1      | 1               | 
|ClusterGroup__GBM1:/GLB_Cluster_inst/inActSRAM_0_1 | iact_data_SRAM_inst/Iact_Data_SRAM_BRAM_inst/mem_reg | 2 K x 12(READ_FIRST)   | W |   | 2 K x 12(WRITE_FIRST)  |   | R | Port A and B     | 0      | 1      | 1               | 
|ClusterGroup__GBM1:/GLB_Cluster_inst/inActSRAM_0_2 | iact_data_SRAM_inst/Iact_Data_SRAM_BRAM_inst/mem_reg | 2 K x 12(READ_FIRST)   | W |   | 2 K x 12(WRITE_FIRST)  |   | R | Port A and B     | 0      | 1      | 1               | 
|ClusterGroup__GBM1:/GLB_Cluster_inst/inActSRAM_1_0 | iact_data_SRAM_inst/Iact_Data_SRAM_BRAM_inst/mem_reg | 2 K x 12(READ_FIRST)   | W |   | 2 K x 12(WRITE_FIRST)  |   | R | Port A and B     | 0      | 1      | 1               | 
|ClusterGroup__GBM1:/GLB_Cluster_inst/inActSRAM_1_1 | iact_data_SRAM_inst/Iact_Data_SRAM_BRAM_inst/mem_reg | 2 K x 12(READ_FIRST)   | W |   | 2 K x 12(WRITE_FIRST)  |   | R | Port A and B     | 0      | 1      | 1               | 
|ClusterGroup__GBM1:/GLB_Cluster_inst/inActSRAM_1_2 | iact_data_SRAM_inst/Iact_Data_SRAM_BRAM_inst/mem_reg | 2 K x 12(READ_FIRST)   | W |   | 2 K x 12(WRITE_FIRST)  |   | R | Port A and B     | 0      | 1      | 1               | 
|ClusterGroup__GBM1:/GLB_Cluster_inst/inActSRAM_2_0 | iact_data_SRAM_inst/Iact_Data_SRAM_BRAM_inst/mem_reg | 2 K x 12(READ_FIRST)   | W |   | 2 K x 12(WRITE_FIRST)  |   | R | Port A and B     | 0      | 1      | 1               | 
|ClusterGroup__GBM1:/GLB_Cluster_inst/inActSRAM_2_1 | iact_data_SRAM_inst/Iact_Data_SRAM_BRAM_inst/mem_reg | 2 K x 12(READ_FIRST)   | W |   | 2 K x 12(WRITE_FIRST)  |   | R | Port A and B     | 0      | 1      | 1               | 
|ClusterGroup__GBM1:/GLB_Cluster_inst/inActSRAM_2_2 | iact_data_SRAM_inst/Iact_Data_SRAM_BRAM_inst/mem_reg | 2 K x 12(READ_FIRST)   | W |   | 2 K x 12(WRITE_FIRST)  |   | R | Port A and B     | 0      | 1      | 1               | 
|ClusterGroup__GBM1:/GLB_Cluster_inst/pSumSRAM0     | Psum_Data_SRAM_BRAM_inst/mem_reg                     | 512 x 21(READ_FIRST)   | W |   | 512 x 21(WRITE_FIRST)  |   | R | Port A and B     | 1      | 0      |                 | 
|ClusterGroup__GBM1:/GLB_Cluster_inst/pSumSRAM1     | Psum_Data_SRAM_BRAM_inst/mem_reg                     | 512 x 21(READ_FIRST)   | W |   | 512 x 21(WRITE_FIRST)  |   | R | Port A and B     | 1      | 0      |                 | 
|ClusterGroup__GBM1:/GLB_Cluster_inst/pSumSRAM2     | Psum_Data_SRAM_BRAM_inst/mem_reg                     | 512 x 21(READ_FIRST)   | W |   | 512 x 21(WRITE_FIRST)  |   | R | Port A and B     | 1      | 0      |                 | 
|ClusterGroup__GBM1:/GLB_Cluster_inst/inActSRAM_0_0 | iact_data_SRAM_inst/Iact_Data_SRAM_BRAM_inst/mem_reg | 2 K x 12(READ_FIRST)   | W |   | 2 K x 12(WRITE_FIRST)  |   | R | Port A and B     | 0      | 1      | 1               | 
|ClusterGroup__GBM1:/GLB_Cluster_inst/inActSRAM_0_1 | iact_data_SRAM_inst/Iact_Data_SRAM_BRAM_inst/mem_reg | 2 K x 12(READ_FIRST)   | W |   | 2 K x 12(WRITE_FIRST)  |   | R | Port A and B     | 0      | 1      | 1               | 
|ClusterGroup__GBM1:/GLB_Cluster_inst/inActSRAM_0_2 | iact_data_SRAM_inst/Iact_Data_SRAM_BRAM_inst/mem_reg | 2 K x 12(READ_FIRST)   | W |   | 2 K x 12(WRITE_FIRST)  |   | R | Port A and B     | 0      | 1      | 1               | 
|ClusterGroup__GBM1:/GLB_Cluster_inst/inActSRAM_1_0 | iact_data_SRAM_inst/Iact_Data_SRAM_BRAM_inst/mem_reg | 2 K x 12(READ_FIRST)   | W |   | 2 K x 12(WRITE_FIRST)  |   | R | Port A and B     | 0      | 1      | 1               | 
|ClusterGroup__GBM1:/GLB_Cluster_inst/inActSRAM_1_1 | iact_data_SRAM_inst/Iact_Data_SRAM_BRAM_inst/mem_reg | 2 K x 12(READ_FIRST)   | W |   | 2 K x 12(WRITE_FIRST)  |   | R | Port A and B     | 0      | 1      | 1               | 
|ClusterGroup__GBM1:/GLB_Cluster_inst/inActSRAM_1_2 | iact_data_SRAM_inst/Iact_Data_SRAM_BRAM_inst/mem_reg | 2 K x 12(READ_FIRST)   | W |   | 2 K x 12(WRITE_FIRST)  |   | R | Port A and B     | 0      | 1      | 1               | 
|ClusterGroup__GBM1:/GLB_Cluster_inst/inActSRAM_2_0 | iact_data_SRAM_inst/Iact_Data_SRAM_BRAM_inst/mem_reg | 2 K x 12(READ_FIRST)   | W |   | 2 K x 12(WRITE_FIRST)  |   | R | Port A and B     | 0      | 1      | 1               | 
|ClusterGroup__GBM1:/GLB_Cluster_inst/inActSRAM_2_1 | iact_data_SRAM_inst/Iact_Data_SRAM_BRAM_inst/mem_reg | 2 K x 12(READ_FIRST)   | W |   | 2 K x 12(WRITE_FIRST)  |   | R | Port A and B     | 0      | 1      | 1               | 
|ClusterGroup__GBM1:/GLB_Cluster_inst/inActSRAM_2_2 | iact_data_SRAM_inst/Iact_Data_SRAM_BRAM_inst/mem_reg | 2 K x 12(READ_FIRST)   | W |   | 2 K x 12(WRITE_FIRST)  |   | R | Port A and B     | 0      | 1      | 1               | 
|ClusterGroup__GBM1:/GLB_Cluster_inst/pSumSRAM0     | Psum_Data_SRAM_BRAM_inst/mem_reg                     | 512 x 21(READ_FIRST)   | W |   | 512 x 21(WRITE_FIRST)  |   | R | Port A and B     | 1      | 0      |                 | 
|ClusterGroup__GBM1:/GLB_Cluster_inst/pSumSRAM1     | Psum_Data_SRAM_BRAM_inst/mem_reg                     | 512 x 21(READ_FIRST)   | W |   | 512 x 21(WRITE_FIRST)  |   | R | Port A and B     | 1      | 0      |                 | 
|ClusterGroup__GBM1:/GLB_Cluster_inst/pSumSRAM2     | Psum_Data_SRAM_BRAM_inst/mem_reg                     | 512 x 21(READ_FIRST)   | W |   | 512 x 21(WRITE_FIRST)  |   | R | Port A and B     | 1      | 0      |                 | 
|TOP_insti_10/psum_rearrange                        | Psum_Rearrange_BRAM_inst/mem_reg                     | 4 K x 8(READ_FIRST)    | W |   | 4 K x 8(WRITE_FIRST)   |   | R | Port A and B     | 0      | 1      | 1               | 
|TOP_integration_uart                               | uart_module_inst/u0/bram_mem_reg                     | 1 K x 8(READ_FIRST)    | W | R |                        |   |   | Port A           | 1      | 0      | 1               | 
+---------------------------------------------------+------------------------------------------------------+------------------------+---+---+------------------------+---+---+------------------+--------+--------+-----------------+

Note: The table above is a preliminary report that shows the Block RAMs at the current stage of the synthesis flow. Some Block RAMs may be reimplemented as non Block RAM primitives later in the synthesis flow. Multiple instantiated Block RAMs are reported only once. 

Distributed RAM: Preliminary Mapping Report (see note below)
+---------------------------------------------------+--------------------------------------------------------------------------------------+-----------+----------------------+---------------+
|Module Name                                        | RTL Object                                                                           | Inference | Size (Depth x Width) | Primitives    | 
+---------------------------------------------------+--------------------------------------------------------------------------------------+-----------+----------------------+---------------+
|ClusterGroup__GBM0:/PE_Cluster_inst/pe00           | Processing_Element_core_inst/Former_Data_Spad_inst/Iact_DATA_Spad_BRAM_inst/mem_reg  | Implied   | 256 x 13             | RAM64M8 x 8   | 
|ClusterGroup__GBM0:/PE_Cluster_inst/pe00           | Processing_Element_core_inst/Later_Data_Spad_inst/Weight_DATA_Spad_BRAM_inst/mem_reg | Implied   | 128 x 12             | RAM64M8 x 4   | 
|ClusterGroup__GBM0:/PE_Cluster_inst/pe00           | Processing_Element_core_inst/Psum_Spad_inst/Psum_DATA_Spad_BRAM_inst/mem_reg         | Implied   | 32 x 21              | RAM32M16 x 2  | 
|ClusterGroup__GBM0:/PE_Cluster_inst/pe01           | Processing_Element_core_inst/Former_Data_Spad_inst/Iact_DATA_Spad_BRAM_inst/mem_reg  | Implied   | 256 x 13             | RAM64M8 x 8   | 
|ClusterGroup__GBM0:/PE_Cluster_inst/pe01           | Processing_Element_core_inst/Later_Data_Spad_inst/Weight_DATA_Spad_BRAM_inst/mem_reg | Implied   | 128 x 12             | RAM64M8 x 4   | 
|ClusterGroup__GBM0:/PE_Cluster_inst/pe01           | Processing_Element_core_inst/Psum_Spad_inst/Psum_DATA_Spad_BRAM_inst/mem_reg         | Implied   | 32 x 21              | RAM32M16 x 2  | 
|ClusterGroup__GBM0:/PE_Cluster_inst/pe02           | Processing_Element_core_inst/Former_Data_Spad_inst/Iact_DATA_Spad_BRAM_inst/mem_reg  | Implied   | 256 x 13             | RAM64M8 x 8   | 
|ClusterGroup__GBM0:/PE_Cluster_inst/pe02           | Processing_Element_core_inst/Later_Data_Spad_inst/Weight_DATA_Spad_BRAM_inst/mem_reg | Implied   | 128 x 12             | RAM64M8 x 4   | 
|ClusterGroup__GBM0:/PE_Cluster_inst/pe02           | Processing_Element_core_inst/Psum_Spad_inst/Psum_DATA_Spad_BRAM_inst/mem_reg         | Implied   | 32 x 21              | RAM32M16 x 2  | 
|ClusterGroup__GBM0:/PE_Cluster_inst/pe10           | Processing_Element_core_inst/Former_Data_Spad_inst/Iact_DATA_Spad_BRAM_inst/mem_reg  | Implied   | 256 x 13             | RAM64M8 x 8   | 
|ClusterGroup__GBM0:/PE_Cluster_inst/pe10           | Processing_Element_core_inst/Later_Data_Spad_inst/Weight_DATA_Spad_BRAM_inst/mem_reg | Implied   | 128 x 12             | RAM64M8 x 4   | 
|ClusterGroup__GBM0:/PE_Cluster_inst/pe10           | Processing_Element_core_inst/Psum_Spad_inst/Psum_DATA_Spad_BRAM_inst/mem_reg         | Implied   | 32 x 21              | RAM32M16 x 2  | 
|ClusterGroup__GBM0:/PE_Cluster_inst/pe11           | Processing_Element_core_inst/Former_Data_Spad_inst/Iact_DATA_Spad_BRAM_inst/mem_reg  | Implied   | 256 x 13             | RAM64M8 x 8   | 
|ClusterGroup__GBM0:/PE_Cluster_inst/pe11           | Processing_Element_core_inst/Later_Data_Spad_inst/Weight_DATA_Spad_BRAM_inst/mem_reg | Implied   | 128 x 12             | RAM64M8 x 4   | 
|ClusterGroup__GBM0:/PE_Cluster_inst/pe11           | Processing_Element_core_inst/Psum_Spad_inst/Psum_DATA_Spad_BRAM_inst/mem_reg         | Implied   | 32 x 21              | RAM32M16 x 2  | 
|ClusterGroup__GBM0:/PE_Cluster_inst/pe12           | Processing_Element_core_inst/Former_Data_Spad_inst/Iact_DATA_Spad_BRAM_inst/mem_reg  | Implied   | 256 x 13             | RAM64M8 x 8   | 
|ClusterGroup__GBM0:/PE_Cluster_inst/pe12           | Processing_Element_core_inst/Later_Data_Spad_inst/Weight_DATA_Spad_BRAM_inst/mem_reg | Implied   | 128 x 12             | RAM64M8 x 4   | 
|ClusterGroup__GBM0:/PE_Cluster_inst/pe12           | Processing_Element_core_inst/Psum_Spad_inst/Psum_DATA_Spad_BRAM_inst/mem_reg         | Implied   | 32 x 21              | RAM32M16 x 2  | 
|ClusterGroup__GBM0:/PE_Cluster_inst/pe20           | Processing_Element_core_inst/Former_Data_Spad_inst/Iact_DATA_Spad_BRAM_inst/mem_reg  | Implied   | 256 x 13             | RAM64M8 x 8   | 
|ClusterGroup__GBM0:/PE_Cluster_inst/pe20           | Processing_Element_core_inst/Later_Data_Spad_inst/Weight_DATA_Spad_BRAM_inst/mem_reg | Implied   | 128 x 12             | RAM64M8 x 4   | 
|ClusterGroup__GBM0:/PE_Cluster_inst/pe20           | Processing_Element_core_inst/Psum_Spad_inst/Psum_DATA_Spad_BRAM_inst/mem_reg         | Implied   | 32 x 21              | RAM32M16 x 2  | 
|ClusterGroup__GBM0:/PE_Cluster_inst/pe21           | Processing_Element_core_inst/Former_Data_Spad_inst/Iact_DATA_Spad_BRAM_inst/mem_reg  | Implied   | 256 x 13             | RAM64M8 x 8   | 
|ClusterGroup__GBM0:/PE_Cluster_inst/pe21           | Processing_Element_core_inst/Later_Data_Spad_inst/Weight_DATA_Spad_BRAM_inst/mem_reg | Implied   | 128 x 12             | RAM64M8 x 4   | 
|ClusterGroup__GBM0:/PE_Cluster_inst/pe21           | Processing_Element_core_inst/Psum_Spad_inst/Psum_DATA_Spad_BRAM_inst/mem_reg         | Implied   | 32 x 21              | RAM32M16 x 2  | 
|ClusterGroup__GBM0:/PE_Cluster_inst/pe22           | Processing_Element_core_inst/Former_Data_Spad_inst/Iact_DATA_Spad_BRAM_inst/mem_reg  | Implied   | 256 x 13             | RAM64M8 x 8   | 
|ClusterGroup__GBM0:/PE_Cluster_inst/pe22           | Processing_Element_core_inst/Later_Data_Spad_inst/Weight_DATA_Spad_BRAM_inst/mem_reg | Implied   | 128 x 12             | RAM64M8 x 4   | 
|ClusterGroup__GBM0:/PE_Cluster_inst/pe22           | Processing_Element_core_inst/Psum_Spad_inst/Psum_DATA_Spad_BRAM_inst/mem_reg         | Implied   | 32 x 21              | RAM32M16 x 2  | 
|ClusterGroup__GBM1:/GLB_Cluster_inst/inActSRAM_0_0 | iact_addr_SRAM_inst/Iact_Addr_SRAM_BRAM_inst/mem_reg                                 | Implied   | 512 x 7              | RAM64M8 x 8   | 
|ClusterGroup__GBM1:/GLB_Cluster_inst/inActSRAM_0_1 | iact_addr_SRAM_inst/Iact_Addr_SRAM_BRAM_inst/mem_reg                                 | Implied   | 512 x 7              | RAM64M8 x 8   | 
|ClusterGroup__GBM1:/GLB_Cluster_inst/inActSRAM_0_2 | iact_addr_SRAM_inst/Iact_Addr_SRAM_BRAM_inst/mem_reg                                 | Implied   | 512 x 7              | RAM64M8 x 8   | 
|ClusterGroup__GBM1:/GLB_Cluster_inst/inActSRAM_1_0 | iact_addr_SRAM_inst/Iact_Addr_SRAM_BRAM_inst/mem_reg                                 | Implied   | 512 x 7              | RAM64M8 x 8   | 
|ClusterGroup__GBM1:/GLB_Cluster_inst/inActSRAM_1_1 | iact_addr_SRAM_inst/Iact_Addr_SRAM_BRAM_inst/mem_reg                                 | Implied   | 512 x 7              | RAM64M8 x 8   | 
|ClusterGroup__GBM1:/GLB_Cluster_inst/inActSRAM_1_2 | iact_addr_SRAM_inst/Iact_Addr_SRAM_BRAM_inst/mem_reg                                 | Implied   | 512 x 7              | RAM64M8 x 8   | 
|ClusterGroup__GBM1:/GLB_Cluster_inst/inActSRAM_2_0 | iact_addr_SRAM_inst/Iact_Addr_SRAM_BRAM_inst/mem_reg                                 | Implied   | 512 x 7              | RAM64M8 x 8   | 
|ClusterGroup__GBM1:/GLB_Cluster_inst/inActSRAM_2_1 | iact_addr_SRAM_inst/Iact_Addr_SRAM_BRAM_inst/mem_reg                                 | Implied   | 512 x 7              | RAM64M8 x 8   | 
|ClusterGroup__GBM1:/GLB_Cluster_inst/inActSRAM_2_2 | iact_addr_SRAM_inst/Iact_Addr_SRAM_BRAM_inst/mem_reg                                 | Implied   | 512 x 7              | RAM64M8 x 8   | 
|ClusterGroup__GBM0:/PE_Cluster_inst/pe00           | Processing_Element_core_inst/Former_Data_Spad_inst/Iact_DATA_Spad_BRAM_inst/mem_reg  | Implied   | 256 x 13             | RAM64M8 x 8   | 
|ClusterGroup__GBM0:/PE_Cluster_inst/pe00           | Processing_Element_core_inst/Later_Data_Spad_inst/Weight_DATA_Spad_BRAM_inst/mem_reg | Implied   | 128 x 12             | RAM64M8 x 4   | 
|ClusterGroup__GBM0:/PE_Cluster_inst/pe00           | Processing_Element_core_inst/Psum_Spad_inst/Psum_DATA_Spad_BRAM_inst/mem_reg         | Implied   | 32 x 21              | RAM32M16 x 2  | 
|ClusterGroup__GBM0:/PE_Cluster_inst/pe01           | Processing_Element_core_inst/Former_Data_Spad_inst/Iact_DATA_Spad_BRAM_inst/mem_reg  | Implied   | 256 x 13             | RAM64M8 x 8   | 
|ClusterGroup__GBM0:/PE_Cluster_inst/pe01           | Processing_Element_core_inst/Later_Data_Spad_inst/Weight_DATA_Spad_BRAM_inst/mem_reg | Implied   | 128 x 12             | RAM64M8 x 4   | 
|ClusterGroup__GBM0:/PE_Cluster_inst/pe01           | Processing_Element_core_inst/Psum_Spad_inst/Psum_DATA_Spad_BRAM_inst/mem_reg         | Implied   | 32 x 21              | RAM32M16 x 2  | 
|ClusterGroup__GBM0:/PE_Cluster_inst/pe02           | Processing_Element_core_inst/Former_Data_Spad_inst/Iact_DATA_Spad_BRAM_inst/mem_reg  | Implied   | 256 x 13             | RAM64M8 x 8   | 
|ClusterGroup__GBM0:/PE_Cluster_inst/pe02           | Processing_Element_core_inst/Later_Data_Spad_inst/Weight_DATA_Spad_BRAM_inst/mem_reg | Implied   | 128 x 12             | RAM64M8 x 4   | 
|ClusterGroup__GBM0:/PE_Cluster_inst/pe02           | Processing_Element_core_inst/Psum_Spad_inst/Psum_DATA_Spad_BRAM_inst/mem_reg         | Implied   | 32 x 21              | RAM32M16 x 2  | 
|ClusterGroup__GBM0:/PE_Cluster_inst/pe10           | Processing_Element_core_inst/Former_Data_Spad_inst/Iact_DATA_Spad_BRAM_inst/mem_reg  | Implied   | 256 x 13             | RAM64M8 x 8   | 
|ClusterGroup__GBM0:/PE_Cluster_inst/pe10           | Processing_Element_core_inst/Later_Data_Spad_inst/Weight_DATA_Spad_BRAM_inst/mem_reg | Implied   | 128 x 12             | RAM64M8 x 4   | 
|ClusterGroup__GBM0:/PE_Cluster_inst/pe10           | Processing_Element_core_inst/Psum_Spad_inst/Psum_DATA_Spad_BRAM_inst/mem_reg         | Implied   | 32 x 21              | RAM32M16 x 2  | 
|ClusterGroup__GBM0:/PE_Cluster_inst/pe11           | Processing_Element_core_inst/Former_Data_Spad_inst/Iact_DATA_Spad_BRAM_inst/mem_reg  | Implied   | 256 x 13             | RAM64M8 x 8   | 
|ClusterGroup__GBM0:/PE_Cluster_inst/pe11           | Processing_Element_core_inst/Later_Data_Spad_inst/Weight_DATA_Spad_BRAM_inst/mem_reg | Implied   | 128 x 12             | RAM64M8 x 4   | 
|ClusterGroup__GBM0:/PE_Cluster_inst/pe11           | Processing_Element_core_inst/Psum_Spad_inst/Psum_DATA_Spad_BRAM_inst/mem_reg         | Implied   | 32 x 21              | RAM32M16 x 2  | 
|ClusterGroup__GBM0:/PE_Cluster_inst/pe12           | Processing_Element_core_inst/Former_Data_Spad_inst/Iact_DATA_Spad_BRAM_inst/mem_reg  | Implied   | 256 x 13             | RAM64M8 x 8   | 
|ClusterGroup__GBM0:/PE_Cluster_inst/pe12           | Processing_Element_core_inst/Later_Data_Spad_inst/Weight_DATA_Spad_BRAM_inst/mem_reg | Implied   | 128 x 12             | RAM64M8 x 4   | 
|ClusterGroup__GBM0:/PE_Cluster_inst/pe12           | Processing_Element_core_inst/Psum_Spad_inst/Psum_DATA_Spad_BRAM_inst/mem_reg         | Implied   | 32 x 21              | RAM32M16 x 2  | 
|ClusterGroup__GBM0:/PE_Cluster_inst/pe20           | Processing_Element_core_inst/Former_Data_Spad_inst/Iact_DATA_Spad_BRAM_inst/mem_reg  | Implied   | 256 x 13             | RAM64M8 x 8   | 
|ClusterGroup__GBM0:/PE_Cluster_inst/pe20           | Processing_Element_core_inst/Later_Data_Spad_inst/Weight_DATA_Spad_BRAM_inst/mem_reg | Implied   | 128 x 12             | RAM64M8 x 4   | 
|ClusterGroup__GBM0:/PE_Cluster_inst/pe20           | Processing_Element_core_inst/Psum_Spad_inst/Psum_DATA_Spad_BRAM_inst/mem_reg         | Implied   | 32 x 21              | RAM32M16 x 2  | 
|ClusterGroup__GBM0:/PE_Cluster_inst/pe21           | Processing_Element_core_inst/Former_Data_Spad_inst/Iact_DATA_Spad_BRAM_inst/mem_reg  | Implied   | 256 x 13             | RAM64M8 x 8   | 
|ClusterGroup__GBM0:/PE_Cluster_inst/pe21           | Processing_Element_core_inst/Later_Data_Spad_inst/Weight_DATA_Spad_BRAM_inst/mem_reg | Implied   | 128 x 12             | RAM64M8 x 4   | 
|ClusterGroup__GBM0:/PE_Cluster_inst/pe21           | Processing_Element_core_inst/Psum_Spad_inst/Psum_DATA_Spad_BRAM_inst/mem_reg         | Implied   | 32 x 21              | RAM32M16 x 2  | 
|ClusterGroup__GBM0:/PE_Cluster_inst/pe22           | Processing_Element_core_inst/Former_Data_Spad_inst/Iact_DATA_Spad_BRAM_inst/mem_reg  | Implied   | 256 x 13             | RAM64M8 x 8   | 
|ClusterGroup__GBM0:/PE_Cluster_inst/pe22           | Processing_Element_core_inst/Later_Data_Spad_inst/Weight_DATA_Spad_BRAM_inst/mem_reg | Implied   | 128 x 12             | RAM64M8 x 4   | 
|ClusterGroup__GBM0:/PE_Cluster_inst/pe22           | Processing_Element_core_inst/Psum_Spad_inst/Psum_DATA_Spad_BRAM_inst/mem_reg         | Implied   | 32 x 21              | RAM32M16 x 2  | 
|ClusterGroup__GBM1:/GLB_Cluster_inst/inActSRAM_0_0 | iact_addr_SRAM_inst/Iact_Addr_SRAM_BRAM_inst/mem_reg                                 | Implied   | 512 x 7              | RAM64M8 x 8   | 
|ClusterGroup__GBM1:/GLB_Cluster_inst/inActSRAM_0_1 | iact_addr_SRAM_inst/Iact_Addr_SRAM_BRAM_inst/mem_reg                                 | Implied   | 512 x 7              | RAM64M8 x 8   | 
|ClusterGroup__GBM1:/GLB_Cluster_inst/inActSRAM_0_2 | iact_addr_SRAM_inst/Iact_Addr_SRAM_BRAM_inst/mem_reg                                 | Implied   | 512 x 7              | RAM64M8 x 8   | 
|ClusterGroup__GBM1:/GLB_Cluster_inst/inActSRAM_1_0 | iact_addr_SRAM_inst/Iact_Addr_SRAM_BRAM_inst/mem_reg                                 | Implied   | 512 x 7              | RAM64M8 x 8   | 
|ClusterGroup__GBM1:/GLB_Cluster_inst/inActSRAM_1_1 | iact_addr_SRAM_inst/Iact_Addr_SRAM_BRAM_inst/mem_reg                                 | Implied   | 512 x 7              | RAM64M8 x 8   | 
|ClusterGroup__GBM1:/GLB_Cluster_inst/inActSRAM_1_2 | iact_addr_SRAM_inst/Iact_Addr_SRAM_BRAM_inst/mem_reg                                 | Implied   | 512 x 7              | RAM64M8 x 8   | 
|ClusterGroup__GBM1:/GLB_Cluster_inst/inActSRAM_2_0 | iact_addr_SRAM_inst/Iact_Addr_SRAM_BRAM_inst/mem_reg                                 | Implied   | 512 x 7              | RAM64M8 x 8   | 
|ClusterGroup__GBM1:/GLB_Cluster_inst/inActSRAM_2_1 | iact_addr_SRAM_inst/Iact_Addr_SRAM_BRAM_inst/mem_reg                                 | Implied   | 512 x 7              | RAM64M8 x 8   | 
|ClusterGroup__GBM1:/GLB_Cluster_inst/inActSRAM_2_2 | iact_addr_SRAM_inst/Iact_Addr_SRAM_BRAM_inst/mem_reg                                 | Implied   | 512 x 7              | RAM64M8 x 8   | 
|ClusterGroup__GBM0:/PE_Cluster_inst/pe00           | Processing_Element_core_inst/Former_Data_Spad_inst/Iact_DATA_Spad_BRAM_inst/mem_reg  | Implied   | 256 x 13             | RAM64M8 x 8   | 
|ClusterGroup__GBM0:/PE_Cluster_inst/pe00           | Processing_Element_core_inst/Later_Data_Spad_inst/Weight_DATA_Spad_BRAM_inst/mem_reg | Implied   | 128 x 12             | RAM64M8 x 4   | 
|ClusterGroup__GBM0:/PE_Cluster_inst/pe00           | Processing_Element_core_inst/Psum_Spad_inst/Psum_DATA_Spad_BRAM_inst/mem_reg         | Implied   | 32 x 21              | RAM32M16 x 2  | 
|ClusterGroup__GBM0:/PE_Cluster_inst/pe01           | Processing_Element_core_inst/Former_Data_Spad_inst/Iact_DATA_Spad_BRAM_inst/mem_reg  | Implied   | 256 x 13             | RAM64M8 x 8   | 
|ClusterGroup__GBM0:/PE_Cluster_inst/pe01           | Processing_Element_core_inst/Later_Data_Spad_inst/Weight_DATA_Spad_BRAM_inst/mem_reg | Implied   | 128 x 12             | RAM64M8 x 4   | 
|ClusterGroup__GBM0:/PE_Cluster_inst/pe01           | Processing_Element_core_inst/Psum_Spad_inst/Psum_DATA_Spad_BRAM_inst/mem_reg         | Implied   | 32 x 21              | RAM32M16 x 2  | 
|ClusterGroup__GBM0:/PE_Cluster_inst/pe02           | Processing_Element_core_inst/Former_Data_Spad_inst/Iact_DATA_Spad_BRAM_inst/mem_reg  | Implied   | 256 x 13             | RAM64M8 x 8   | 
|ClusterGroup__GBM0:/PE_Cluster_inst/pe02           | Processing_Element_core_inst/Later_Data_Spad_inst/Weight_DATA_Spad_BRAM_inst/mem_reg | Implied   | 128 x 12             | RAM64M8 x 4   | 
|ClusterGroup__GBM0:/PE_Cluster_inst/pe02           | Processing_Element_core_inst/Psum_Spad_inst/Psum_DATA_Spad_BRAM_inst/mem_reg         | Implied   | 32 x 21              | RAM32M16 x 2  | 
|ClusterGroup__GBM0:/PE_Cluster_inst/pe10           | Processing_Element_core_inst/Former_Data_Spad_inst/Iact_DATA_Spad_BRAM_inst/mem_reg  | Implied   | 256 x 13             | RAM64M8 x 8   | 
|ClusterGroup__GBM0:/PE_Cluster_inst/pe10           | Processing_Element_core_inst/Later_Data_Spad_inst/Weight_DATA_Spad_BRAM_inst/mem_reg | Implied   | 128 x 12             | RAM64M8 x 4   | 
|ClusterGroup__GBM0:/PE_Cluster_inst/pe10           | Processing_Element_core_inst/Psum_Spad_inst/Psum_DATA_Spad_BRAM_inst/mem_reg         | Implied   | 32 x 21              | RAM32M16 x 2  | 
|ClusterGroup__GBM0:/PE_Cluster_inst/pe11           | Processing_Element_core_inst/Former_Data_Spad_inst/Iact_DATA_Spad_BRAM_inst/mem_reg  | Implied   | 256 x 13             | RAM64M8 x 8   | 
|ClusterGroup__GBM0:/PE_Cluster_inst/pe11           | Processing_Element_core_inst/Later_Data_Spad_inst/Weight_DATA_Spad_BRAM_inst/mem_reg | Implied   | 128 x 12             | RAM64M8 x 4   | 
|ClusterGroup__GBM0:/PE_Cluster_inst/pe11           | Processing_Element_core_inst/Psum_Spad_inst/Psum_DATA_Spad_BRAM_inst/mem_reg         | Implied   | 32 x 21              | RAM32M16 x 2  | 
|ClusterGroup__GBM0:/PE_Cluster_inst/pe12           | Processing_Element_core_inst/Former_Data_Spad_inst/Iact_DATA_Spad_BRAM_inst/mem_reg  | Implied   | 256 x 13             | RAM64M8 x 8   | 
|ClusterGroup__GBM0:/PE_Cluster_inst/pe12           | Processing_Element_core_inst/Later_Data_Spad_inst/Weight_DATA_Spad_BRAM_inst/mem_reg | Implied   | 128 x 12             | RAM64M8 x 4   | 
|ClusterGroup__GBM0:/PE_Cluster_inst/pe12           | Processing_Element_core_inst/Psum_Spad_inst/Psum_DATA_Spad_BRAM_inst/mem_reg         | Implied   | 32 x 21              | RAM32M16 x 2  | 
|ClusterGroup__GBM0:/PE_Cluster_inst/pe20           | Processing_Element_core_inst/Former_Data_Spad_inst/Iact_DATA_Spad_BRAM_inst/mem_reg  | Implied   | 256 x 13             | RAM64M8 x 8   | 
|ClusterGroup__GBM0:/PE_Cluster_inst/pe20           | Processing_Element_core_inst/Later_Data_Spad_inst/Weight_DATA_Spad_BRAM_inst/mem_reg | Implied   | 128 x 12             | RAM64M8 x 4   | 
|ClusterGroup__GBM0:/PE_Cluster_inst/pe20           | Processing_Element_core_inst/Psum_Spad_inst/Psum_DATA_Spad_BRAM_inst/mem_reg         | Implied   | 32 x 21              | RAM32M16 x 2  | 
|ClusterGroup__GBM0:/PE_Cluster_inst/pe21           | Processing_Element_core_inst/Former_Data_Spad_inst/Iact_DATA_Spad_BRAM_inst/mem_reg  | Implied   | 256 x 13             | RAM64M8 x 8   | 
|ClusterGroup__GBM0:/PE_Cluster_inst/pe21           | Processing_Element_core_inst/Later_Data_Spad_inst/Weight_DATA_Spad_BRAM_inst/mem_reg | Implied   | 128 x 12             | RAM64M8 x 4   | 
|ClusterGroup__GBM0:/PE_Cluster_inst/pe21           | Processing_Element_core_inst/Psum_Spad_inst/Psum_DATA_Spad_BRAM_inst/mem_reg         | Implied   | 32 x 21              | RAM32M16 x 2  | 
|ClusterGroup__GBM0:/PE_Cluster_inst/pe22           | Processing_Element_core_inst/Former_Data_Spad_inst/Iact_DATA_Spad_BRAM_inst/mem_reg  | Implied   | 256 x 13             | RAM64M8 x 8   | 
|ClusterGroup__GBM0:/PE_Cluster_inst/pe22           | Processing_Element_core_inst/Later_Data_Spad_inst/Weight_DATA_Spad_BRAM_inst/mem_reg | Implied   | 128 x 12             | RAM64M8 x 4   | 
|ClusterGroup__GBM0:/PE_Cluster_inst/pe22           | Processing_Element_core_inst/Psum_Spad_inst/Psum_DATA_Spad_BRAM_inst/mem_reg         | Implied   | 32 x 21              | RAM32M16 x 2  | 
|ClusterGroup__GBM1:/GLB_Cluster_inst/inActSRAM_0_0 | iact_addr_SRAM_inst/Iact_Addr_SRAM_BRAM_inst/mem_reg                                 | Implied   | 512 x 7              | RAM64M8 x 8   | 
|ClusterGroup__GBM1:/GLB_Cluster_inst/inActSRAM_0_1 | iact_addr_SRAM_inst/Iact_Addr_SRAM_BRAM_inst/mem_reg                                 | Implied   | 512 x 7              | RAM64M8 x 8   | 
|ClusterGroup__GBM1:/GLB_Cluster_inst/inActSRAM_0_2 | iact_addr_SRAM_inst/Iact_Addr_SRAM_BRAM_inst/mem_reg                                 | Implied   | 512 x 7              | RAM64M8 x 8   | 
|ClusterGroup__GBM1:/GLB_Cluster_inst/inActSRAM_1_0 | iact_addr_SRAM_inst/Iact_Addr_SRAM_BRAM_inst/mem_reg                                 | Implied   | 512 x 7              | RAM64M8 x 8   | 
|ClusterGroup__GBM1:/GLB_Cluster_inst/inActSRAM_1_1 | iact_addr_SRAM_inst/Iact_Addr_SRAM_BRAM_inst/mem_reg                                 | Implied   | 512 x 7              | RAM64M8 x 8   | 
|ClusterGroup__GBM1:/GLB_Cluster_inst/inActSRAM_1_2 | iact_addr_SRAM_inst/Iact_Addr_SRAM_BRAM_inst/mem_reg                                 | Implied   | 512 x 7              | RAM64M8 x 8   | 
|ClusterGroup__GBM1:/GLB_Cluster_inst/inActSRAM_2_0 | iact_addr_SRAM_inst/Iact_Addr_SRAM_BRAM_inst/mem_reg                                 | Implied   | 512 x 7              | RAM64M8 x 8   | 
|ClusterGroup__GBM1:/GLB_Cluster_inst/inActSRAM_2_1 | iact_addr_SRAM_inst/Iact_Addr_SRAM_BRAM_inst/mem_reg                                 | Implied   | 512 x 7              | RAM64M8 x 8   | 
|ClusterGroup__GBM1:/GLB_Cluster_inst/inActSRAM_2_2 | iact_addr_SRAM_inst/Iact_Addr_SRAM_BRAM_inst/mem_reg                                 | Implied   | 512 x 7              | RAM64M8 x 8   | 
|ClusterGroup__GBM0:/PE_Cluster_inst/pe00           | Processing_Element_core_inst/Former_Data_Spad_inst/Iact_DATA_Spad_BRAM_inst/mem_reg  | Implied   | 256 x 13             | RAM64M8 x 8   | 
|ClusterGroup__GBM0:/PE_Cluster_inst/pe00           | Processing_Element_core_inst/Later_Data_Spad_inst/Weight_DATA_Spad_BRAM_inst/mem_reg | Implied   | 128 x 12             | RAM64M8 x 4   | 
|ClusterGroup__GBM0:/PE_Cluster_inst/pe00           | Processing_Element_core_inst/Psum_Spad_inst/Psum_DATA_Spad_BRAM_inst/mem_reg         | Implied   | 32 x 21              | RAM32M16 x 2  | 
|ClusterGroup__GBM0:/PE_Cluster_inst/pe01           | Processing_Element_core_inst/Former_Data_Spad_inst/Iact_DATA_Spad_BRAM_inst/mem_reg  | Implied   | 256 x 13             | RAM64M8 x 8   | 
|ClusterGroup__GBM0:/PE_Cluster_inst/pe01           | Processing_Element_core_inst/Later_Data_Spad_inst/Weight_DATA_Spad_BRAM_inst/mem_reg | Implied   | 128 x 12             | RAM64M8 x 4   | 
|ClusterGroup__GBM0:/PE_Cluster_inst/pe01           | Processing_Element_core_inst/Psum_Spad_inst/Psum_DATA_Spad_BRAM_inst/mem_reg         | Implied   | 32 x 21              | RAM32M16 x 2  | 
|ClusterGroup__GBM0:/PE_Cluster_inst/pe02           | Processing_Element_core_inst/Former_Data_Spad_inst/Iact_DATA_Spad_BRAM_inst/mem_reg  | Implied   | 256 x 13             | RAM64M8 x 8   | 
|ClusterGroup__GBM0:/PE_Cluster_inst/pe02           | Processing_Element_core_inst/Later_Data_Spad_inst/Weight_DATA_Spad_BRAM_inst/mem_reg | Implied   | 128 x 12             | RAM64M8 x 4   | 
|ClusterGroup__GBM0:/PE_Cluster_inst/pe02           | Processing_Element_core_inst/Psum_Spad_inst/Psum_DATA_Spad_BRAM_inst/mem_reg         | Implied   | 32 x 21              | RAM32M16 x 2  | 
|ClusterGroup__GBM0:/PE_Cluster_inst/pe10           | Processing_Element_core_inst/Former_Data_Spad_inst/Iact_DATA_Spad_BRAM_inst/mem_reg  | Implied   | 256 x 13             | RAM64M8 x 8   | 
|ClusterGroup__GBM0:/PE_Cluster_inst/pe10           | Processing_Element_core_inst/Later_Data_Spad_inst/Weight_DATA_Spad_BRAM_inst/mem_reg | Implied   | 128 x 12             | RAM64M8 x 4   | 
|ClusterGroup__GBM0:/PE_Cluster_inst/pe10           | Processing_Element_core_inst/Psum_Spad_inst/Psum_DATA_Spad_BRAM_inst/mem_reg         | Implied   | 32 x 21              | RAM32M16 x 2  | 
|ClusterGroup__GBM0:/PE_Cluster_inst/pe11           | Processing_Element_core_inst/Former_Data_Spad_inst/Iact_DATA_Spad_BRAM_inst/mem_reg  | Implied   | 256 x 13             | RAM64M8 x 8   | 
|ClusterGroup__GBM0:/PE_Cluster_inst/pe11           | Processing_Element_core_inst/Later_Data_Spad_inst/Weight_DATA_Spad_BRAM_inst/mem_reg | Implied   | 128 x 12             | RAM64M8 x 4   | 
|ClusterGroup__GBM0:/PE_Cluster_inst/pe11           | Processing_Element_core_inst/Psum_Spad_inst/Psum_DATA_Spad_BRAM_inst/mem_reg         | Implied   | 32 x 21              | RAM32M16 x 2  | 
|ClusterGroup__GBM0:/PE_Cluster_inst/pe12           | Processing_Element_core_inst/Former_Data_Spad_inst/Iact_DATA_Spad_BRAM_inst/mem_reg  | Implied   | 256 x 13             | RAM64M8 x 8   | 
|ClusterGroup__GBM0:/PE_Cluster_inst/pe12           | Processing_Element_core_inst/Later_Data_Spad_inst/Weight_DATA_Spad_BRAM_inst/mem_reg | Implied   | 128 x 12             | RAM64M8 x 4   | 
|ClusterGroup__GBM0:/PE_Cluster_inst/pe12           | Processing_Element_core_inst/Psum_Spad_inst/Psum_DATA_Spad_BRAM_inst/mem_reg         | Implied   | 32 x 21              | RAM32M16 x 2  | 
|ClusterGroup__GBM0:/PE_Cluster_inst/pe20           | Processing_Element_core_inst/Former_Data_Spad_inst/Iact_DATA_Spad_BRAM_inst/mem_reg  | Implied   | 256 x 13             | RAM64M8 x 8   | 
|ClusterGroup__GBM0:/PE_Cluster_inst/pe20           | Processing_Element_core_inst/Later_Data_Spad_inst/Weight_DATA_Spad_BRAM_inst/mem_reg | Implied   | 128 x 12             | RAM64M8 x 4   | 
|ClusterGroup__GBM0:/PE_Cluster_inst/pe20           | Processing_Element_core_inst/Psum_Spad_inst/Psum_DATA_Spad_BRAM_inst/mem_reg         | Implied   | 32 x 21              | RAM32M16 x 2  | 
|ClusterGroup__GBM0:/PE_Cluster_inst/pe21           | Processing_Element_core_inst/Former_Data_Spad_inst/Iact_DATA_Spad_BRAM_inst/mem_reg  | Implied   | 256 x 13             | RAM64M8 x 8   | 
|ClusterGroup__GBM0:/PE_Cluster_inst/pe21           | Processing_Element_core_inst/Later_Data_Spad_inst/Weight_DATA_Spad_BRAM_inst/mem_reg | Implied   | 128 x 12             | RAM64M8 x 4   | 
|ClusterGroup__GBM0:/PE_Cluster_inst/pe21           | Processing_Element_core_inst/Psum_Spad_inst/Psum_DATA_Spad_BRAM_inst/mem_reg         | Implied   | 32 x 21              | RAM32M16 x 2  | 
|ClusterGroup__GBM0:/PE_Cluster_inst/pe22           | Processing_Element_core_inst/Former_Data_Spad_inst/Iact_DATA_Spad_BRAM_inst/mem_reg  | Implied   | 256 x 13             | RAM64M8 x 8   | 
|ClusterGroup__GBM0:/PE_Cluster_inst/pe22           | Processing_Element_core_inst/Later_Data_Spad_inst/Weight_DATA_Spad_BRAM_inst/mem_reg | Implied   | 128 x 12             | RAM64M8 x 4   | 
|ClusterGroup__GBM0:/PE_Cluster_inst/pe22           | Processing_Element_core_inst/Psum_Spad_inst/Psum_DATA_Spad_BRAM_inst/mem_reg         | Implied   | 32 x 21              | RAM32M16 x 2  | 
|ClusterGroup__GBM1:/GLB_Cluster_inst/inActSRAM_0_0 | iact_addr_SRAM_inst/Iact_Addr_SRAM_BRAM_inst/mem_reg                                 | Implied   | 512 x 7              | RAM64M8 x 8   | 
|ClusterGroup__GBM1:/GLB_Cluster_inst/inActSRAM_0_1 | iact_addr_SRAM_inst/Iact_Addr_SRAM_BRAM_inst/mem_reg                                 | Implied   | 512 x 7              | RAM64M8 x 8   | 
|ClusterGroup__GBM1:/GLB_Cluster_inst/inActSRAM_0_2 | iact_addr_SRAM_inst/Iact_Addr_SRAM_BRAM_inst/mem_reg                                 | Implied   | 512 x 7              | RAM64M8 x 8   | 
|ClusterGroup__GBM1:/GLB_Cluster_inst/inActSRAM_1_0 | iact_addr_SRAM_inst/Iact_Addr_SRAM_BRAM_inst/mem_reg                                 | Implied   | 512 x 7              | RAM64M8 x 8   | 
|ClusterGroup__GBM1:/GLB_Cluster_inst/inActSRAM_1_1 | iact_addr_SRAM_inst/Iact_Addr_SRAM_BRAM_inst/mem_reg                                 | Implied   | 512 x 7              | RAM64M8 x 8   | 
|ClusterGroup__GBM1:/GLB_Cluster_inst/inActSRAM_1_2 | iact_addr_SRAM_inst/Iact_Addr_SRAM_BRAM_inst/mem_reg                                 | Implied   | 512 x 7              | RAM64M8 x 8   | 
|ClusterGroup__GBM1:/GLB_Cluster_inst/inActSRAM_2_0 | iact_addr_SRAM_inst/Iact_Addr_SRAM_BRAM_inst/mem_reg                                 | Implied   | 512 x 7              | RAM64M8 x 8   | 
|ClusterGroup__GBM1:/GLB_Cluster_inst/inActSRAM_2_1 | iact_addr_SRAM_inst/Iact_Addr_SRAM_BRAM_inst/mem_reg                                 | Implied   | 512 x 7              | RAM64M8 x 8   | 
|ClusterGroup__GBM1:/GLB_Cluster_inst/inActSRAM_2_2 | iact_addr_SRAM_inst/Iact_Addr_SRAM_BRAM_inst/mem_reg                                 | Implied   | 512 x 7              | RAM64M8 x 8   | 
+---------------------------------------------------+--------------------------------------------------------------------------------------+-----------+----------------------+---------------+

Note: The table above is a preliminary report that shows the Distributed RAMs at the current stage of the synthesis flow. Some Distributed RAMs may be reimplemented as non Distributed RAM primitives later in the synthesis flow. Multiple instantiated RAMs are reported only once.
---------------------------------------------------------------------------------
Finished ROM, RAM, DSP, Shift Register and Retiming Reporting
---------------------------------------------------------------------------------
---------------------------------------------------------------------------------
Start Applying XDC Timing Constraints
---------------------------------------------------------------------------------
WARNING: [Synth 8-565] redefining clock 'clock'
WARNING: [Synth 8-565] redefining clock 'clock'
---------------------------------------------------------------------------------
Finished Applying XDC Timing Constraints : Time (s): cpu = 00:32:54 ; elapsed = 00:37:31 . Memory (MB): peak = 6958.875 ; gain = 5417.180
---------------------------------------------------------------------------------
---------------------------------------------------------------------------------
Start Timing Optimization
---------------------------------------------------------------------------------
---------------------------------------------------------------------------------
Finished Timing Optimization : Time (s): cpu = 00:33:19 ; elapsed = 00:38:04 . Memory (MB): peak = 6958.875 ; gain = 5417.180
---------------------------------------------------------------------------------
---------------------------------------------------------------------------------
Start ROM, RAM, DSP, Shift Register and Retiming Reporting
---------------------------------------------------------------------------------

Block RAM: Final Mapping Report
+---------------------------------------------------+------------------------------------------------------+------------------------+---+---+------------------------+---+---+------------------+--------+--------+-----------------+
|Module Name                                        | RTL Object                                           | PORT A (Depth x Width) | W | R | PORT B (Depth x Width) | W | R | Ports driving FF | RAMB18 | RAMB36 | Cascade Heights | 
+---------------------------------------------------+------------------------------------------------------+------------------------+---+---+------------------------+---+---+------------------+--------+--------+-----------------+
|ClusterGroup__GBM1:/GLB_Cluster_inst/inActSRAM_0_0 | iact_data_SRAM_inst/Iact_Data_SRAM_BRAM_inst/mem_reg | 2 K x 12(READ_FIRST)   | W |   | 2 K x 12(WRITE_FIRST)  |   | R | Port A and B     | 0      | 1      | 1               | 
|ClusterGroup__GBM1:/GLB_Cluster_inst/inActSRAM_0_1 | iact_data_SRAM_inst/Iact_Data_SRAM_BRAM_inst/mem_reg | 2 K x 12(READ_FIRST)   | W |   | 2 K x 12(WRITE_FIRST)  |   | R | Port A and B     | 0      | 1      | 1               | 
|ClusterGroup__GBM1:/GLB_Cluster_inst/inActSRAM_0_2 | iact_data_SRAM_inst/Iact_Data_SRAM_BRAM_inst/mem_reg | 2 K x 12(READ_FIRST)   | W |   | 2 K x 12(WRITE_FIRST)  |   | R | Port A and B     | 0      | 1      | 1               | 
|ClusterGroup__GBM1:/GLB_Cluster_inst/inActSRAM_1_0 | iact_data_SRAM_inst/Iact_Data_SRAM_BRAM_inst/mem_reg | 2 K x 12(READ_FIRST)   | W |   | 2 K x 12(WRITE_FIRST)  |   | R | Port A and B     | 0      | 1      | 1               | 
|ClusterGroup__GBM1:/GLB_Cluster_inst/inActSRAM_1_1 | iact_data_SRAM_inst/Iact_Data_SRAM_BRAM_inst/mem_reg | 2 K x 12(READ_FIRST)   | W |   | 2 K x 12(WRITE_FIRST)  |   | R | Port A and B     | 0      | 1      | 1               | 
|ClusterGroup__GBM1:/GLB_Cluster_inst/inActSRAM_1_2 | iact_data_SRAM_inst/Iact_Data_SRAM_BRAM_inst/mem_reg | 2 K x 12(READ_FIRST)   | W |   | 2 K x 12(WRITE_FIRST)  |   | R | Port A and B     | 0      | 1      | 1               | 
|ClusterGroup__GBM1:/GLB_Cluster_inst/inActSRAM_2_0 | iact_data_SRAM_inst/Iact_Data_SRAM_BRAM_inst/mem_reg | 2 K x 12(READ_FIRST)   | W |   | 2 K x 12(WRITE_FIRST)  |   | R | Port A and B     | 0      | 1      | 1               | 
|ClusterGroup__GBM1:/GLB_Cluster_inst/inActSRAM_2_1 | iact_data_SRAM_inst/Iact_Data_SRAM_BRAM_inst/mem_reg | 2 K x 12(READ_FIRST)   | W |   | 2 K x 12(WRITE_FIRST)  |   | R | Port A and B     | 0      | 1      | 1               | 
|ClusterGroup__GBM1:/GLB_Cluster_inst/inActSRAM_2_2 | iact_data_SRAM_inst/Iact_Data_SRAM_BRAM_inst/mem_reg | 2 K x 12(READ_FIRST)   | W |   | 2 K x 12(WRITE_FIRST)  |   | R | Port A and B     | 0      | 1      | 1               | 
|ClusterGroup__GBM1:/GLB_Cluster_inst/pSumSRAM0     | Psum_Data_SRAM_BRAM_inst/mem_reg                     | 512 x 21(READ_FIRST)   | W |   | 512 x 21(WRITE_FIRST)  |   | R | Port A and B     | 1      | 0      |                 | 
|ClusterGroup__GBM1:/GLB_Cluster_inst/pSumSRAM1     | Psum_Data_SRAM_BRAM_inst/mem_reg                     | 512 x 21(READ_FIRST)   | W |   | 512 x 21(WRITE_FIRST)  |   | R | Port A and B     | 1      | 0      |                 | 
|ClusterGroup__GBM1:/GLB_Cluster_inst/pSumSRAM2     | Psum_Data_SRAM_BRAM_inst/mem_reg                     | 512 x 21(READ_FIRST)   | W |   | 512 x 21(WRITE_FIRST)  |   | R | Port A and B     | 1      | 0      |                 | 
|ClusterGroup__GBM1:/GLB_Cluster_inst/inActSRAM_0_0 | iact_data_SRAM_inst/Iact_Data_SRAM_BRAM_inst/mem_reg | 2 K x 12(READ_FIRST)   | W |   | 2 K x 12(WRITE_FIRST)  |   | R | Port A and B     | 0      | 1      | 1               | 
|ClusterGroup__GBM1:/GLB_Cluster_inst/inActSRAM_0_1 | iact_data_SRAM_inst/Iact_Data_SRAM_BRAM_inst/mem_reg | 2 K x 12(READ_FIRST)   | W |   | 2 K x 12(WRITE_FIRST)  |   | R | Port A and B     | 0      | 1      | 1               | 
|ClusterGroup__GBM1:/GLB_Cluster_inst/inActSRAM_0_2 | iact_data_SRAM_inst/Iact_Data_SRAM_BRAM_inst/mem_reg | 2 K x 12(READ_FIRST)   | W |   | 2 K x 12(WRITE_FIRST)  |   | R | Port A and B     | 0      | 1      | 1               | 
|ClusterGroup__GBM1:/GLB_Cluster_inst/inActSRAM_1_0 | iact_data_SRAM_inst/Iact_Data_SRAM_BRAM_inst/mem_reg | 2 K x 12(READ_FIRST)   | W |   | 2 K x 12(WRITE_FIRST)  |   | R | Port A and B     | 0      | 1      | 1               | 
|ClusterGroup__GBM1:/GLB_Cluster_inst/inActSRAM_1_1 | iact_data_SRAM_inst/Iact_Data_SRAM_BRAM_inst/mem_reg | 2 K x 12(READ_FIRST)   | W |   | 2 K x 12(WRITE_FIRST)  |   | R | Port A and B     | 0      | 1      | 1               | 
|ClusterGroup__GBM1:/GLB_Cluster_inst/inActSRAM_1_2 | iact_data_SRAM_inst/Iact_Data_SRAM_BRAM_inst/mem_reg | 2 K x 12(READ_FIRST)   | W |   | 2 K x 12(WRITE_FIRST)  |   | R | Port A and B     | 0      | 1      | 1               | 
|ClusterGroup__GBM1:/GLB_Cluster_inst/inActSRAM_2_0 | iact_data_SRAM_inst/Iact_Data_SRAM_BRAM_inst/mem_reg | 2 K x 12(READ_FIRST)   | W |   | 2 K x 12(WRITE_FIRST)  |   | R | Port A and B     | 0      | 1      | 1               | 
|ClusterGroup__GBM1:/GLB_Cluster_inst/inActSRAM_2_1 | iact_data_SRAM_inst/Iact_Data_SRAM_BRAM_inst/mem_reg | 2 K x 12(READ_FIRST)   | W |   | 2 K x 12(WRITE_FIRST)  |   | R | Port A and B     | 0      | 1      | 1               | 
|ClusterGroup__GBM1:/GLB_Cluster_inst/inActSRAM_2_2 | iact_data_SRAM_inst/Iact_Data_SRAM_BRAM_inst/mem_reg | 2 K x 12(READ_FIRST)   | W |   | 2 K x 12(WRITE_FIRST)  |   | R | Port A and B     | 0      | 1      | 1               | 
|ClusterGroup__GBM1:/GLB_Cluster_inst/pSumSRAM0     | Psum_Data_SRAM_BRAM_inst/mem_reg                     | 512 x 21(READ_FIRST)   | W |   | 512 x 21(WRITE_FIRST)  |   | R | Port A and B     | 1      | 0      |                 | 
|ClusterGroup__GBM1:/GLB_Cluster_inst/pSumSRAM1     | Psum_Data_SRAM_BRAM_inst/mem_reg                     | 512 x 21(READ_FIRST)   | W |   | 512 x 21(WRITE_FIRST)  |   | R | Port A and B     | 1      | 0      |                 | 
|ClusterGroup__GBM1:/GLB_Cluster_inst/pSumSRAM2     | Psum_Data_SRAM_BRAM_inst/mem_reg                     | 512 x 21(READ_FIRST)   | W |   | 512 x 21(WRITE_FIRST)  |   | R | Port A and B     | 1      | 0      |                 | 
|ClusterGroup__GBM1:/GLB_Cluster_inst/inActSRAM_0_0 | iact_data_SRAM_inst/Iact_Data_SRAM_BRAM_inst/mem_reg | 2 K x 12(READ_FIRST)   | W |   | 2 K x 12(WRITE_FIRST)  |   | R | Port A and B     | 0      | 1      | 1               | 
|ClusterGroup__GBM1:/GLB_Cluster_inst/inActSRAM_0_1 | iact_data_SRAM_inst/Iact_Data_SRAM_BRAM_inst/mem_reg | 2 K x 12(READ_FIRST)   | W |   | 2 K x 12(WRITE_FIRST)  |   | R | Port A and B     | 0      | 1      | 1               | 
|ClusterGroup__GBM1:/GLB_Cluster_inst/inActSRAM_0_2 | iact_data_SRAM_inst/Iact_Data_SRAM_BRAM_inst/mem_reg | 2 K x 12(READ_FIRST)   | W |   | 2 K x 12(WRITE_FIRST)  |   | R | Port A and B     | 0      | 1      | 1               | 
|ClusterGroup__GBM1:/GLB_Cluster_inst/inActSRAM_1_0 | iact_data_SRAM_inst/Iact_Data_SRAM_BRAM_inst/mem_reg | 2 K x 12(READ_FIRST)   | W |   | 2 K x 12(WRITE_FIRST)  |   | R | Port A and B     | 0      | 1      | 1               | 
|ClusterGroup__GBM1:/GLB_Cluster_inst/inActSRAM_1_1 | iact_data_SRAM_inst/Iact_Data_SRAM_BRAM_inst/mem_reg | 2 K x 12(READ_FIRST)   | W |   | 2 K x 12(WRITE_FIRST)  |   | R | Port A and B     | 0      | 1      | 1               | 
|ClusterGroup__GBM1:/GLB_Cluster_inst/inActSRAM_1_2 | iact_data_SRAM_inst/Iact_Data_SRAM_BRAM_inst/mem_reg | 2 K x 12(READ_FIRST)   | W |   | 2 K x 12(WRITE_FIRST)  |   | R | Port A and B     | 0      | 1      | 1               | 
|ClusterGroup__GBM1:/GLB_Cluster_inst/inActSRAM_2_0 | iact_data_SRAM_inst/Iact_Data_SRAM_BRAM_inst/mem_reg | 2 K x 12(READ_FIRST)   | W |   | 2 K x 12(WRITE_FIRST)  |   | R | Port A and B     | 0      | 1      | 1               | 
|ClusterGroup__GBM1:/GLB_Cluster_inst/inActSRAM_2_1 | iact_data_SRAM_inst/Iact_Data_SRAM_BRAM_inst/mem_reg | 2 K x 12(READ_FIRST)   | W |   | 2 K x 12(WRITE_FIRST)  |   | R | Port A and B     | 0      | 1      | 1               | 
|ClusterGroup__GBM1:/GLB_Cluster_inst/inActSRAM_2_2 | iact_data_SRAM_inst/Iact_Data_SRAM_BRAM_inst/mem_reg | 2 K x 12(READ_FIRST)   | W |   | 2 K x 12(WRITE_FIRST)  |   | R | Port A and B     | 0      | 1      | 1               | 
|ClusterGroup__GBM1:/GLB_Cluster_inst/pSumSRAM0     | Psum_Data_SRAM_BRAM_inst/mem_reg                     | 512 x 21(READ_FIRST)   | W |   | 512 x 21(WRITE_FIRST)  |   | R | Port A and B     | 1      | 0      |                 | 
|ClusterGroup__GBM1:/GLB_Cluster_inst/pSumSRAM1     | Psum_Data_SRAM_BRAM_inst/mem_reg                     | 512 x 21(READ_FIRST)   | W |   | 512 x 21(WRITE_FIRST)  |   | R | Port A and B     | 1      | 0      |                 | 
|ClusterGroup__GBM1:/GLB_Cluster_inst/pSumSRAM2     | Psum_Data_SRAM_BRAM_inst/mem_reg                     | 512 x 21(READ_FIRST)   | W |   | 512 x 21(WRITE_FIRST)  |   | R | Port A and B     | 1      | 0      |                 | 
|ClusterGroup__GBM1:/GLB_Cluster_inst/inActSRAM_0_0 | iact_data_SRAM_inst/Iact_Data_SRAM_BRAM_inst/mem_reg | 2 K x 12(READ_FIRST)   | W |   | 2 K x 12(WRITE_FIRST)  |   | R | Port A and B     | 0      | 1      | 1               | 
|ClusterGroup__GBM1:/GLB_Cluster_inst/inActSRAM_0_1 | iact_data_SRAM_inst/Iact_Data_SRAM_BRAM_inst/mem_reg | 2 K x 12(READ_FIRST)   | W |   | 2 K x 12(WRITE_FIRST)  |   | R | Port A and B     | 0      | 1      | 1               | 
|ClusterGroup__GBM1:/GLB_Cluster_inst/inActSRAM_0_2 | iact_data_SRAM_inst/Iact_Data_SRAM_BRAM_inst/mem_reg | 2 K x 12(READ_FIRST)   | W |   | 2 K x 12(WRITE_FIRST)  |   | R | Port A and B     | 0      | 1      | 1               | 
|ClusterGroup__GBM1:/GLB_Cluster_inst/inActSRAM_1_0 | iact_data_SRAM_inst/Iact_Data_SRAM_BRAM_inst/mem_reg | 2 K x 12(READ_FIRST)   | W |   | 2 K x 12(WRITE_FIRST)  |   | R | Port A and B     | 0      | 1      | 1               | 
|ClusterGroup__GBM1:/GLB_Cluster_inst/inActSRAM_1_1 | iact_data_SRAM_inst/Iact_Data_SRAM_BRAM_inst/mem_reg | 2 K x 12(READ_FIRST)   | W |   | 2 K x 12(WRITE_FIRST)  |   | R | Port A and B     | 0      | 1      | 1               | 
|ClusterGroup__GBM1:/GLB_Cluster_inst/inActSRAM_1_2 | iact_data_SRAM_inst/Iact_Data_SRAM_BRAM_inst/mem_reg | 2 K x 12(READ_FIRST)   | W |   | 2 K x 12(WRITE_FIRST)  |   | R | Port A and B     | 0      | 1      | 1               | 
|ClusterGroup__GBM1:/GLB_Cluster_inst/inActSRAM_2_0 | iact_data_SRAM_inst/Iact_Data_SRAM_BRAM_inst/mem_reg | 2 K x 12(READ_FIRST)   | W |   | 2 K x 12(WRITE_FIRST)  |   | R | Port A and B     | 0      | 1      | 1               | 
|ClusterGroup__GBM1:/GLB_Cluster_inst/inActSRAM_2_1 | iact_data_SRAM_inst/Iact_Data_SRAM_BRAM_inst/mem_reg | 2 K x 12(READ_FIRST)   | W |   | 2 K x 12(WRITE_FIRST)  |   | R | Port A and B     | 0      | 1      | 1               | 
|ClusterGroup__GBM1:/GLB_Cluster_inst/inActSRAM_2_2 | iact_data_SRAM_inst/Iact_Data_SRAM_BRAM_inst/mem_reg | 2 K x 12(READ_FIRST)   | W |   | 2 K x 12(WRITE_FIRST)  |   | R | Port A and B     | 0      | 1      | 1               | 
|ClusterGroup__GBM1:/GLB_Cluster_inst/pSumSRAM0     | Psum_Data_SRAM_BRAM_inst/mem_reg                     | 512 x 21(READ_FIRST)   | W |   | 512 x 21(WRITE_FIRST)  |   | R | Port A and B     | 1      | 0      |                 | 
|ClusterGroup__GBM1:/GLB_Cluster_inst/pSumSRAM1     | Psum_Data_SRAM_BRAM_inst/mem_reg                     | 512 x 21(READ_FIRST)   | W |   | 512 x 21(WRITE_FIRST)  |   | R | Port A and B     | 1      | 0      |                 | 
|ClusterGroup__GBM1:/GLB_Cluster_inst/pSumSRAM2     | Psum_Data_SRAM_BRAM_inst/mem_reg                     | 512 x 21(READ_FIRST)   | W |   | 512 x 21(WRITE_FIRST)  |   | R | Port A and B     | 1      | 0      |                 | 
|TOP_insti_10/psum_rearrange                        | Psum_Rearrange_BRAM_inst/mem_reg                     | 4 K x 8(READ_FIRST)    | W |   | 4 K x 8(WRITE_FIRST)   |   | R | Port A and B     | 0      | 1      | 1               | 
|TOP_integration_uart                               | uart_module_inst/u0/bram_mem_reg                     | 1 K x 8(READ_FIRST)    | W | R |                        |   |   | Port A           | 1      | 0      | 1               | 
+---------------------------------------------------+------------------------------------------------------+------------------------+---+---+------------------------+---+---+------------------+--------+--------+-----------------+


Distributed RAM: Final Mapping Report
+---------------------------------------------------+--------------------------------------------------------------------------------------+-----------+----------------------+---------------+
|Module Name                                        | RTL Object                                                                           | Inference | Size (Depth x Width) | Primitives    | 
+---------------------------------------------------+--------------------------------------------------------------------------------------+-----------+----------------------+---------------+
|ClusterGroup__GBM0:/PE_Cluster_inst/pe00           | Processing_Element_core_inst/Former_Data_Spad_inst/Iact_DATA_Spad_BRAM_inst/mem_reg  | Implied   | 256 x 13             | RAM64M8 x 8   | 
|ClusterGroup__GBM0:/PE_Cluster_inst/pe00           | Processing_Element_core_inst/Later_Data_Spad_inst/Weight_DATA_Spad_BRAM_inst/mem_reg | Implied   | 128 x 12             | RAM64M8 x 4   | 
|ClusterGroup__GBM0:/PE_Cluster_inst/pe00           | Processing_Element_core_inst/Psum_Spad_inst/Psum_DATA_Spad_BRAM_inst/mem_reg         | Implied   | 32 x 21              | RAM32M16 x 2  | 
|ClusterGroup__GBM0:/PE_Cluster_inst/pe01           | Processing_Element_core_inst/Former_Data_Spad_inst/Iact_DATA_Spad_BRAM_inst/mem_reg  | Implied   | 256 x 13             | RAM64M8 x 8   | 
|ClusterGroup__GBM0:/PE_Cluster_inst/pe01           | Processing_Element_core_inst/Later_Data_Spad_inst/Weight_DATA_Spad_BRAM_inst/mem_reg | Implied   | 128 x 12             | RAM64M8 x 4   | 
|ClusterGroup__GBM0:/PE_Cluster_inst/pe01           | Processing_Element_core_inst/Psum_Spad_inst/Psum_DATA_Spad_BRAM_inst/mem_reg         | Implied   | 32 x 21              | RAM32M16 x 2  | 
|ClusterGroup__GBM0:/PE_Cluster_inst/pe02           | Processing_Element_core_inst/Former_Data_Spad_inst/Iact_DATA_Spad_BRAM_inst/mem_reg  | Implied   | 256 x 13             | RAM64M8 x 8   | 
|ClusterGroup__GBM0:/PE_Cluster_inst/pe02           | Processing_Element_core_inst/Later_Data_Spad_inst/Weight_DATA_Spad_BRAM_inst/mem_reg | Implied   | 128 x 12             | RAM64M8 x 4   | 
|ClusterGroup__GBM0:/PE_Cluster_inst/pe02           | Processing_Element_core_inst/Psum_Spad_inst/Psum_DATA_Spad_BRAM_inst/mem_reg         | Implied   | 32 x 21              | RAM32M16 x 2  | 
|ClusterGroup__GBM0:/PE_Cluster_inst/pe10           | Processing_Element_core_inst/Former_Data_Spad_inst/Iact_DATA_Spad_BRAM_inst/mem_reg  | Implied   | 256 x 13             | RAM64M8 x 8   | 
|ClusterGroup__GBM0:/PE_Cluster_inst/pe10           | Processing_Element_core_inst/Later_Data_Spad_inst/Weight_DATA_Spad_BRAM_inst/mem_reg | Implied   | 128 x 12             | RAM64M8 x 4   | 
|ClusterGroup__GBM0:/PE_Cluster_inst/pe10           | Processing_Element_core_inst/Psum_Spad_inst/Psum_DATA_Spad_BRAM_inst/mem_reg         | Implied   | 32 x 21              | RAM32M16 x 2  | 
|ClusterGroup__GBM0:/PE_Cluster_inst/pe11           | Processing_Element_core_inst/Former_Data_Spad_inst/Iact_DATA_Spad_BRAM_inst/mem_reg  | Implied   | 256 x 13             | RAM64M8 x 8   | 
|ClusterGroup__GBM0:/PE_Cluster_inst/pe11           | Processing_Element_core_inst/Later_Data_Spad_inst/Weight_DATA_Spad_BRAM_inst/mem_reg | Implied   | 128 x 12             | RAM64M8 x 4   | 
|ClusterGroup__GBM0:/PE_Cluster_inst/pe11           | Processing_Element_core_inst/Psum_Spad_inst/Psum_DATA_Spad_BRAM_inst/mem_reg         | Implied   | 32 x 21              | RAM32M16 x 2  | 
|ClusterGroup__GBM0:/PE_Cluster_inst/pe12           | Processing_Element_core_inst/Former_Data_Spad_inst/Iact_DATA_Spad_BRAM_inst/mem_reg  | Implied   | 256 x 13             | RAM64M8 x 8   | 
|ClusterGroup__GBM0:/PE_Cluster_inst/pe12           | Processing_Element_core_inst/Later_Data_Spad_inst/Weight_DATA_Spad_BRAM_inst/mem_reg | Implied   | 128 x 12             | RAM64M8 x 4   | 
|ClusterGroup__GBM0:/PE_Cluster_inst/pe12           | Processing_Element_core_inst/Psum_Spad_inst/Psum_DATA_Spad_BRAM_inst/mem_reg         | Implied   | 32 x 21              | RAM32M16 x 2  | 
|ClusterGroup__GBM0:/PE_Cluster_inst/pe20           | Processing_Element_core_inst/Former_Data_Spad_inst/Iact_DATA_Spad_BRAM_inst/mem_reg  | Implied   | 256 x 13             | RAM64M8 x 8   | 
|ClusterGroup__GBM0:/PE_Cluster_inst/pe20           | Processing_Element_core_inst/Later_Data_Spad_inst/Weight_DATA_Spad_BRAM_inst/mem_reg | Implied   | 128 x 12             | RAM64M8 x 4   | 
|ClusterGroup__GBM0:/PE_Cluster_inst/pe20           | Processing_Element_core_inst/Psum_Spad_inst/Psum_DATA_Spad_BRAM_inst/mem_reg         | Implied   | 32 x 21              | RAM32M16 x 2  | 
|ClusterGroup__GBM0:/PE_Cluster_inst/pe21           | Processing_Element_core_inst/Former_Data_Spad_inst/Iact_DATA_Spad_BRAM_inst/mem_reg  | Implied   | 256 x 13             | RAM64M8 x 8   | 
|ClusterGroup__GBM0:/PE_Cluster_inst/pe21           | Processing_Element_core_inst/Later_Data_Spad_inst/Weight_DATA_Spad_BRAM_inst/mem_reg | Implied   | 128 x 12             | RAM64M8 x 4   | 
|ClusterGroup__GBM0:/PE_Cluster_inst/pe21           | Processing_Element_core_inst/Psum_Spad_inst/Psum_DATA_Spad_BRAM_inst/mem_reg         | Implied   | 32 x 21              | RAM32M16 x 2  | 
|ClusterGroup__GBM0:/PE_Cluster_inst/pe22           | Processing_Element_core_inst/Former_Data_Spad_inst/Iact_DATA_Spad_BRAM_inst/mem_reg  | Implied   | 256 x 13             | RAM64M8 x 8   | 
|ClusterGroup__GBM0:/PE_Cluster_inst/pe22           | Processing_Element_core_inst/Later_Data_Spad_inst/Weight_DATA_Spad_BRAM_inst/mem_reg | Implied   | 128 x 12             | RAM64M8 x 4   | 
|ClusterGroup__GBM0:/PE_Cluster_inst/pe22           | Processing_Element_core_inst/Psum_Spad_inst/Psum_DATA_Spad_BRAM_inst/mem_reg         | Implied   | 32 x 21              | RAM32M16 x 2  | 
|ClusterGroup__GBM1:/GLB_Cluster_inst/inActSRAM_0_0 | iact_addr_SRAM_inst/Iact_Addr_SRAM_BRAM_inst/mem_reg                                 | Implied   | 512 x 7              | RAM64M8 x 8   | 
|ClusterGroup__GBM1:/GLB_Cluster_inst/inActSRAM_0_1 | iact_addr_SRAM_inst/Iact_Addr_SRAM_BRAM_inst/mem_reg                                 | Implied   | 512 x 7              | RAM64M8 x 8   | 
|ClusterGroup__GBM1:/GLB_Cluster_inst/inActSRAM_0_2 | iact_addr_SRAM_inst/Iact_Addr_SRAM_BRAM_inst/mem_reg                                 | Implied   | 512 x 7              | RAM64M8 x 8   | 
|ClusterGroup__GBM1:/GLB_Cluster_inst/inActSRAM_1_0 | iact_addr_SRAM_inst/Iact_Addr_SRAM_BRAM_inst/mem_reg                                 | Implied   | 512 x 7              | RAM64M8 x 8   | 
|ClusterGroup__GBM1:/GLB_Cluster_inst/inActSRAM_1_1 | iact_addr_SRAM_inst/Iact_Addr_SRAM_BRAM_inst/mem_reg                                 | Implied   | 512 x 7              | RAM64M8 x 8   | 
|ClusterGroup__GBM1:/GLB_Cluster_inst/inActSRAM_1_2 | iact_addr_SRAM_inst/Iact_Addr_SRAM_BRAM_inst/mem_reg                                 | Implied   | 512 x 7              | RAM64M8 x 8   | 
|ClusterGroup__GBM1:/GLB_Cluster_inst/inActSRAM_2_0 | iact_addr_SRAM_inst/Iact_Addr_SRAM_BRAM_inst/mem_reg                                 | Implied   | 512 x 7              | RAM64M8 x 8   | 
|ClusterGroup__GBM1:/GLB_Cluster_inst/inActSRAM_2_1 | iact_addr_SRAM_inst/Iact_Addr_SRAM_BRAM_inst/mem_reg                                 | Implied   | 512 x 7              | RAM64M8 x 8   | 
|ClusterGroup__GBM1:/GLB_Cluster_inst/inActSRAM_2_2 | iact_addr_SRAM_inst/Iact_Addr_SRAM_BRAM_inst/mem_reg                                 | Implied   | 512 x 7              | RAM64M8 x 8   | 
|ClusterGroup__GBM0:/PE_Cluster_inst/pe00           | Processing_Element_core_inst/Former_Data_Spad_inst/Iact_DATA_Spad_BRAM_inst/mem_reg  | Implied   | 256 x 13             | RAM64M8 x 8   | 
|ClusterGroup__GBM0:/PE_Cluster_inst/pe00           | Processing_Element_core_inst/Later_Data_Spad_inst/Weight_DATA_Spad_BRAM_inst/mem_reg | Implied   | 128 x 12             | RAM64M8 x 4   | 
|ClusterGroup__GBM0:/PE_Cluster_inst/pe00           | Processing_Element_core_inst/Psum_Spad_inst/Psum_DATA_Spad_BRAM_inst/mem_reg         | Implied   | 32 x 21              | RAM32M16 x 2  | 
|ClusterGroup__GBM0:/PE_Cluster_inst/pe01           | Processing_Element_core_inst/Former_Data_Spad_inst/Iact_DATA_Spad_BRAM_inst/mem_reg  | Implied   | 256 x 13             | RAM64M8 x 8   | 
|ClusterGroup__GBM0:/PE_Cluster_inst/pe01           | Processing_Element_core_inst/Later_Data_Spad_inst/Weight_DATA_Spad_BRAM_inst/mem_reg | Implied   | 128 x 12             | RAM64M8 x 4   | 
|ClusterGroup__GBM0:/PE_Cluster_inst/pe01           | Processing_Element_core_inst/Psum_Spad_inst/Psum_DATA_Spad_BRAM_inst/mem_reg         | Implied   | 32 x 21              | RAM32M16 x 2  | 
|ClusterGroup__GBM0:/PE_Cluster_inst/pe02           | Processing_Element_core_inst/Former_Data_Spad_inst/Iact_DATA_Spad_BRAM_inst/mem_reg  | Implied   | 256 x 13             | RAM64M8 x 8   | 
|ClusterGroup__GBM0:/PE_Cluster_inst/pe02           | Processing_Element_core_inst/Later_Data_Spad_inst/Weight_DATA_Spad_BRAM_inst/mem_reg | Implied   | 128 x 12             | RAM64M8 x 4   | 
|ClusterGroup__GBM0:/PE_Cluster_inst/pe02           | Processing_Element_core_inst/Psum_Spad_inst/Psum_DATA_Spad_BRAM_inst/mem_reg         | Implied   | 32 x 21              | RAM32M16 x 2  | 
|ClusterGroup__GBM0:/PE_Cluster_inst/pe10           | Processing_Element_core_inst/Former_Data_Spad_inst/Iact_DATA_Spad_BRAM_inst/mem_reg  | Implied   | 256 x 13             | RAM64M8 x 8   | 
|ClusterGroup__GBM0:/PE_Cluster_inst/pe10           | Processing_Element_core_inst/Later_Data_Spad_inst/Weight_DATA_Spad_BRAM_inst/mem_reg | Implied   | 128 x 12             | RAM64M8 x 4   | 
|ClusterGroup__GBM0:/PE_Cluster_inst/pe10           | Processing_Element_core_inst/Psum_Spad_inst/Psum_DATA_Spad_BRAM_inst/mem_reg         | Implied   | 32 x 21              | RAM32M16 x 2  | 
|ClusterGroup__GBM0:/PE_Cluster_inst/pe11           | Processing_Element_core_inst/Former_Data_Spad_inst/Iact_DATA_Spad_BRAM_inst/mem_reg  | Implied   | 256 x 13             | RAM64M8 x 8   | 
|ClusterGroup__GBM0:/PE_Cluster_inst/pe11           | Processing_Element_core_inst/Later_Data_Spad_inst/Weight_DATA_Spad_BRAM_inst/mem_reg | Implied   | 128 x 12             | RAM64M8 x 4   | 
|ClusterGroup__GBM0:/PE_Cluster_inst/pe11           | Processing_Element_core_inst/Psum_Spad_inst/Psum_DATA_Spad_BRAM_inst/mem_reg         | Implied   | 32 x 21              | RAM32M16 x 2  | 
|ClusterGroup__GBM0:/PE_Cluster_inst/pe12           | Processing_Element_core_inst/Former_Data_Spad_inst/Iact_DATA_Spad_BRAM_inst/mem_reg  | Implied   | 256 x 13             | RAM64M8 x 8   | 
|ClusterGroup__GBM0:/PE_Cluster_inst/pe12           | Processing_Element_core_inst/Later_Data_Spad_inst/Weight_DATA_Spad_BRAM_inst/mem_reg | Implied   | 128 x 12             | RAM64M8 x 4   | 
|ClusterGroup__GBM0:/PE_Cluster_inst/pe12           | Processing_Element_core_inst/Psum_Spad_inst/Psum_DATA_Spad_BRAM_inst/mem_reg         | Implied   | 32 x 21              | RAM32M16 x 2  | 
|ClusterGroup__GBM0:/PE_Cluster_inst/pe20           | Processing_Element_core_inst/Former_Data_Spad_inst/Iact_DATA_Spad_BRAM_inst/mem_reg  | Implied   | 256 x 13             | RAM64M8 x 8   | 
|ClusterGroup__GBM0:/PE_Cluster_inst/pe20           | Processing_Element_core_inst/Later_Data_Spad_inst/Weight_DATA_Spad_BRAM_inst/mem_reg | Implied   | 128 x 12             | RAM64M8 x 4   | 
|ClusterGroup__GBM0:/PE_Cluster_inst/pe20           | Processing_Element_core_inst/Psum_Spad_inst/Psum_DATA_Spad_BRAM_inst/mem_reg         | Implied   | 32 x 21              | RAM32M16 x 2  | 
|ClusterGroup__GBM0:/PE_Cluster_inst/pe21           | Processing_Element_core_inst/Former_Data_Spad_inst/Iact_DATA_Spad_BRAM_inst/mem_reg  | Implied   | 256 x 13             | RAM64M8 x 8   | 
|ClusterGroup__GBM0:/PE_Cluster_inst/pe21           | Processing_Element_core_inst/Later_Data_Spad_inst/Weight_DATA_Spad_BRAM_inst/mem_reg | Implied   | 128 x 12             | RAM64M8 x 4   | 
|ClusterGroup__GBM0:/PE_Cluster_inst/pe21           | Processing_Element_core_inst/Psum_Spad_inst/Psum_DATA_Spad_BRAM_inst/mem_reg         | Implied   | 32 x 21              | RAM32M16 x 2  | 
|ClusterGroup__GBM0:/PE_Cluster_inst/pe22           | Processing_Element_core_inst/Former_Data_Spad_inst/Iact_DATA_Spad_BRAM_inst/mem_reg  | Implied   | 256 x 13             | RAM64M8 x 8   | 
|ClusterGroup__GBM0:/PE_Cluster_inst/pe22           | Processing_Element_core_inst/Later_Data_Spad_inst/Weight_DATA_Spad_BRAM_inst/mem_reg | Implied   | 128 x 12             | RAM64M8 x 4   | 
|ClusterGroup__GBM0:/PE_Cluster_inst/pe22           | Processing_Element_core_inst/Psum_Spad_inst/Psum_DATA_Spad_BRAM_inst/mem_reg         | Implied   | 32 x 21              | RAM32M16 x 2  | 
|ClusterGroup__GBM1:/GLB_Cluster_inst/inActSRAM_0_0 | iact_addr_SRAM_inst/Iact_Addr_SRAM_BRAM_inst/mem_reg                                 | Implied   | 512 x 7              | RAM64M8 x 8   | 
|ClusterGroup__GBM1:/GLB_Cluster_inst/inActSRAM_0_1 | iact_addr_SRAM_inst/Iact_Addr_SRAM_BRAM_inst/mem_reg                                 | Implied   | 512 x 7              | RAM64M8 x 8   | 
|ClusterGroup__GBM1:/GLB_Cluster_inst/inActSRAM_0_2 | iact_addr_SRAM_inst/Iact_Addr_SRAM_BRAM_inst/mem_reg                                 | Implied   | 512 x 7              | RAM64M8 x 8   | 
|ClusterGroup__GBM1:/GLB_Cluster_inst/inActSRAM_1_0 | iact_addr_SRAM_inst/Iact_Addr_SRAM_BRAM_inst/mem_reg                                 | Implied   | 512 x 7              | RAM64M8 x 8   | 
|ClusterGroup__GBM1:/GLB_Cluster_inst/inActSRAM_1_1 | iact_addr_SRAM_inst/Iact_Addr_SRAM_BRAM_inst/mem_reg                                 | Implied   | 512 x 7              | RAM64M8 x 8   | 
|ClusterGroup__GBM1:/GLB_Cluster_inst/inActSRAM_1_2 | iact_addr_SRAM_inst/Iact_Addr_SRAM_BRAM_inst/mem_reg                                 | Implied   | 512 x 7              | RAM64M8 x 8   | 
|ClusterGroup__GBM1:/GLB_Cluster_inst/inActSRAM_2_0 | iact_addr_SRAM_inst/Iact_Addr_SRAM_BRAM_inst/mem_reg                                 | Implied   | 512 x 7              | RAM64M8 x 8   | 
|ClusterGroup__GBM1:/GLB_Cluster_inst/inActSRAM_2_1 | iact_addr_SRAM_inst/Iact_Addr_SRAM_BRAM_inst/mem_reg                                 | Implied   | 512 x 7              | RAM64M8 x 8   | 
|ClusterGroup__GBM1:/GLB_Cluster_inst/inActSRAM_2_2 | iact_addr_SRAM_inst/Iact_Addr_SRAM_BRAM_inst/mem_reg                                 | Implied   | 512 x 7              | RAM64M8 x 8   | 
|ClusterGroup__GBM0:/PE_Cluster_inst/pe00           | Processing_Element_core_inst/Former_Data_Spad_inst/Iact_DATA_Spad_BRAM_inst/mem_reg  | Implied   | 256 x 13             | RAM64M8 x 8   | 
|ClusterGroup__GBM0:/PE_Cluster_inst/pe00           | Processing_Element_core_inst/Later_Data_Spad_inst/Weight_DATA_Spad_BRAM_inst/mem_reg | Implied   | 128 x 12             | RAM64M8 x 4   | 
|ClusterGroup__GBM0:/PE_Cluster_inst/pe00           | Processing_Element_core_inst/Psum_Spad_inst/Psum_DATA_Spad_BRAM_inst/mem_reg         | Implied   | 32 x 21              | RAM32M16 x 2  | 
|ClusterGroup__GBM0:/PE_Cluster_inst/pe01           | Processing_Element_core_inst/Former_Data_Spad_inst/Iact_DATA_Spad_BRAM_inst/mem_reg  | Implied   | 256 x 13             | RAM64M8 x 8   | 
|ClusterGroup__GBM0:/PE_Cluster_inst/pe01           | Processing_Element_core_inst/Later_Data_Spad_inst/Weight_DATA_Spad_BRAM_inst/mem_reg | Implied   | 128 x 12             | RAM64M8 x 4   | 
|ClusterGroup__GBM0:/PE_Cluster_inst/pe01           | Processing_Element_core_inst/Psum_Spad_inst/Psum_DATA_Spad_BRAM_inst/mem_reg         | Implied   | 32 x 21              | RAM32M16 x 2  | 
|ClusterGroup__GBM0:/PE_Cluster_inst/pe02           | Processing_Element_core_inst/Former_Data_Spad_inst/Iact_DATA_Spad_BRAM_inst/mem_reg  | Implied   | 256 x 13             | RAM64M8 x 8   | 
|ClusterGroup__GBM0:/PE_Cluster_inst/pe02           | Processing_Element_core_inst/Later_Data_Spad_inst/Weight_DATA_Spad_BRAM_inst/mem_reg | Implied   | 128 x 12             | RAM64M8 x 4   | 
|ClusterGroup__GBM0:/PE_Cluster_inst/pe02           | Processing_Element_core_inst/Psum_Spad_inst/Psum_DATA_Spad_BRAM_inst/mem_reg         | Implied   | 32 x 21              | RAM32M16 x 2  | 
|ClusterGroup__GBM0:/PE_Cluster_inst/pe10           | Processing_Element_core_inst/Former_Data_Spad_inst/Iact_DATA_Spad_BRAM_inst/mem_reg  | Implied   | 256 x 13             | RAM64M8 x 8   | 
|ClusterGroup__GBM0:/PE_Cluster_inst/pe10           | Processing_Element_core_inst/Later_Data_Spad_inst/Weight_DATA_Spad_BRAM_inst/mem_reg | Implied   | 128 x 12             | RAM64M8 x 4   | 
|ClusterGroup__GBM0:/PE_Cluster_inst/pe10           | Processing_Element_core_inst/Psum_Spad_inst/Psum_DATA_Spad_BRAM_inst/mem_reg         | Implied   | 32 x 21              | RAM32M16 x 2  | 
|ClusterGroup__GBM0:/PE_Cluster_inst/pe11           | Processing_Element_core_inst/Former_Data_Spad_inst/Iact_DATA_Spad_BRAM_inst/mem_reg  | Implied   | 256 x 13             | RAM64M8 x 8   | 
|ClusterGroup__GBM0:/PE_Cluster_inst/pe11           | Processing_Element_core_inst/Later_Data_Spad_inst/Weight_DATA_Spad_BRAM_inst/mem_reg | Implied   | 128 x 12             | RAM64M8 x 4   | 
|ClusterGroup__GBM0:/PE_Cluster_inst/pe11           | Processing_Element_core_inst/Psum_Spad_inst/Psum_DATA_Spad_BRAM_inst/mem_reg         | Implied   | 32 x 21              | RAM32M16 x 2  | 
|ClusterGroup__GBM0:/PE_Cluster_inst/pe12           | Processing_Element_core_inst/Former_Data_Spad_inst/Iact_DATA_Spad_BRAM_inst/mem_reg  | Implied   | 256 x 13             | RAM64M8 x 8   | 
|ClusterGroup__GBM0:/PE_Cluster_inst/pe12           | Processing_Element_core_inst/Later_Data_Spad_inst/Weight_DATA_Spad_BRAM_inst/mem_reg | Implied   | 128 x 12             | RAM64M8 x 4   | 
|ClusterGroup__GBM0:/PE_Cluster_inst/pe12           | Processing_Element_core_inst/Psum_Spad_inst/Psum_DATA_Spad_BRAM_inst/mem_reg         | Implied   | 32 x 21              | RAM32M16 x 2  | 
|ClusterGroup__GBM0:/PE_Cluster_inst/pe20           | Processing_Element_core_inst/Former_Data_Spad_inst/Iact_DATA_Spad_BRAM_inst/mem_reg  | Implied   | 256 x 13             | RAM64M8 x 8   | 
|ClusterGroup__GBM0:/PE_Cluster_inst/pe20           | Processing_Element_core_inst/Later_Data_Spad_inst/Weight_DATA_Spad_BRAM_inst/mem_reg | Implied   | 128 x 12             | RAM64M8 x 4   | 
|ClusterGroup__GBM0:/PE_Cluster_inst/pe20           | Processing_Element_core_inst/Psum_Spad_inst/Psum_DATA_Spad_BRAM_inst/mem_reg         | Implied   | 32 x 21              | RAM32M16 x 2  | 
|ClusterGroup__GBM0:/PE_Cluster_inst/pe21           | Processing_Element_core_inst/Former_Data_Spad_inst/Iact_DATA_Spad_BRAM_inst/mem_reg  | Implied   | 256 x 13             | RAM64M8 x 8   | 
|ClusterGroup__GBM0:/PE_Cluster_inst/pe21           | Processing_Element_core_inst/Later_Data_Spad_inst/Weight_DATA_Spad_BRAM_inst/mem_reg | Implied   | 128 x 12             | RAM64M8 x 4   | 
|ClusterGroup__GBM0:/PE_Cluster_inst/pe21           | Processing_Element_core_inst/Psum_Spad_inst/Psum_DATA_Spad_BRAM_inst/mem_reg         | Implied   | 32 x 21              | RAM32M16 x 2  | 
|ClusterGroup__GBM0:/PE_Cluster_inst/pe22           | Processing_Element_core_inst/Former_Data_Spad_inst/Iact_DATA_Spad_BRAM_inst/mem_reg  | Implied   | 256 x 13             | RAM64M8 x 8   | 
|ClusterGroup__GBM0:/PE_Cluster_inst/pe22           | Processing_Element_core_inst/Later_Data_Spad_inst/Weight_DATA_Spad_BRAM_inst/mem_reg | Implied   | 128 x 12             | RAM64M8 x 4   | 
|ClusterGroup__GBM0:/PE_Cluster_inst/pe22           | Processing_Element_core_inst/Psum_Spad_inst/Psum_DATA_Spad_BRAM_inst/mem_reg         | Implied   | 32 x 21              | RAM32M16 x 2  | 
|ClusterGroup__GBM1:/GLB_Cluster_inst/inActSRAM_0_0 | iact_addr_SRAM_inst/Iact_Addr_SRAM_BRAM_inst/mem_reg                                 | Implied   | 512 x 7              | RAM64M8 x 8   | 
|ClusterGroup__GBM1:/GLB_Cluster_inst/inActSRAM_0_1 | iact_addr_SRAM_inst/Iact_Addr_SRAM_BRAM_inst/mem_reg                                 | Implied   | 512 x 7              | RAM64M8 x 8   | 
|ClusterGroup__GBM1:/GLB_Cluster_inst/inActSRAM_0_2 | iact_addr_SRAM_inst/Iact_Addr_SRAM_BRAM_inst/mem_reg                                 | Implied   | 512 x 7              | RAM64M8 x 8   | 
|ClusterGroup__GBM1:/GLB_Cluster_inst/inActSRAM_1_0 | iact_addr_SRAM_inst/Iact_Addr_SRAM_BRAM_inst/mem_reg                                 | Implied   | 512 x 7              | RAM64M8 x 8   | 
|ClusterGroup__GBM1:/GLB_Cluster_inst/inActSRAM_1_1 | iact_addr_SRAM_inst/Iact_Addr_SRAM_BRAM_inst/mem_reg                                 | Implied   | 512 x 7              | RAM64M8 x 8   | 
|ClusterGroup__GBM1:/GLB_Cluster_inst/inActSRAM_1_2 | iact_addr_SRAM_inst/Iact_Addr_SRAM_BRAM_inst/mem_reg                                 | Implied   | 512 x 7              | RAM64M8 x 8   | 
|ClusterGroup__GBM1:/GLB_Cluster_inst/inActSRAM_2_0 | iact_addr_SRAM_inst/Iact_Addr_SRAM_BRAM_inst/mem_reg                                 | Implied   | 512 x 7              | RAM64M8 x 8   | 
|ClusterGroup__GBM1:/GLB_Cluster_inst/inActSRAM_2_1 | iact_addr_SRAM_inst/Iact_Addr_SRAM_BRAM_inst/mem_reg                                 | Implied   | 512 x 7              | RAM64M8 x 8   | 
|ClusterGroup__GBM1:/GLB_Cluster_inst/inActSRAM_2_2 | iact_addr_SRAM_inst/Iact_Addr_SRAM_BRAM_inst/mem_reg                                 | Implied   | 512 x 7              | RAM64M8 x 8   | 
|ClusterGroup__GBM0:/PE_Cluster_inst/pe00           | Processing_Element_core_inst/Former_Data_Spad_inst/Iact_DATA_Spad_BRAM_inst/mem_reg  | Implied   | 256 x 13             | RAM64M8 x 8   | 
|ClusterGroup__GBM0:/PE_Cluster_inst/pe00           | Processing_Element_core_inst/Later_Data_Spad_inst/Weight_DATA_Spad_BRAM_inst/mem_reg | Implied   | 128 x 12             | RAM64M8 x 4   | 
|ClusterGroup__GBM0:/PE_Cluster_inst/pe00           | Processing_Element_core_inst/Psum_Spad_inst/Psum_DATA_Spad_BRAM_inst/mem_reg         | Implied   | 32 x 21              | RAM32M16 x 2  | 
|ClusterGroup__GBM0:/PE_Cluster_inst/pe01           | Processing_Element_core_inst/Former_Data_Spad_inst/Iact_DATA_Spad_BRAM_inst/mem_reg  | Implied   | 256 x 13             | RAM64M8 x 8   | 
|ClusterGroup__GBM0:/PE_Cluster_inst/pe01           | Processing_Element_core_inst/Later_Data_Spad_inst/Weight_DATA_Spad_BRAM_inst/mem_reg | Implied   | 128 x 12             | RAM64M8 x 4   | 
|ClusterGroup__GBM0:/PE_Cluster_inst/pe01           | Processing_Element_core_inst/Psum_Spad_inst/Psum_DATA_Spad_BRAM_inst/mem_reg         | Implied   | 32 x 21              | RAM32M16 x 2  | 
|ClusterGroup__GBM0:/PE_Cluster_inst/pe02           | Processing_Element_core_inst/Former_Data_Spad_inst/Iact_DATA_Spad_BRAM_inst/mem_reg  | Implied   | 256 x 13             | RAM64M8 x 8   | 
|ClusterGroup__GBM0:/PE_Cluster_inst/pe02           | Processing_Element_core_inst/Later_Data_Spad_inst/Weight_DATA_Spad_BRAM_inst/mem_reg | Implied   | 128 x 12             | RAM64M8 x 4   | 
|ClusterGroup__GBM0:/PE_Cluster_inst/pe02           | Processing_Element_core_inst/Psum_Spad_inst/Psum_DATA_Spad_BRAM_inst/mem_reg         | Implied   | 32 x 21              | RAM32M16 x 2  | 
|ClusterGroup__GBM0:/PE_Cluster_inst/pe10           | Processing_Element_core_inst/Former_Data_Spad_inst/Iact_DATA_Spad_BRAM_inst/mem_reg  | Implied   | 256 x 13             | RAM64M8 x 8   | 
|ClusterGroup__GBM0:/PE_Cluster_inst/pe10           | Processing_Element_core_inst/Later_Data_Spad_inst/Weight_DATA_Spad_BRAM_inst/mem_reg | Implied   | 128 x 12             | RAM64M8 x 4   | 
|ClusterGroup__GBM0:/PE_Cluster_inst/pe10           | Processing_Element_core_inst/Psum_Spad_inst/Psum_DATA_Spad_BRAM_inst/mem_reg         | Implied   | 32 x 21              | RAM32M16 x 2  | 
|ClusterGroup__GBM0:/PE_Cluster_inst/pe11           | Processing_Element_core_inst/Former_Data_Spad_inst/Iact_DATA_Spad_BRAM_inst/mem_reg  | Implied   | 256 x 13             | RAM64M8 x 8   | 
|ClusterGroup__GBM0:/PE_Cluster_inst/pe11           | Processing_Element_core_inst/Later_Data_Spad_inst/Weight_DATA_Spad_BRAM_inst/mem_reg | Implied   | 128 x 12             | RAM64M8 x 4   | 
|ClusterGroup__GBM0:/PE_Cluster_inst/pe11           | Processing_Element_core_inst/Psum_Spad_inst/Psum_DATA_Spad_BRAM_inst/mem_reg         | Implied   | 32 x 21              | RAM32M16 x 2  | 
|ClusterGroup__GBM0:/PE_Cluster_inst/pe12           | Processing_Element_core_inst/Former_Data_Spad_inst/Iact_DATA_Spad_BRAM_inst/mem_reg  | Implied   | 256 x 13             | RAM64M8 x 8   | 
|ClusterGroup__GBM0:/PE_Cluster_inst/pe12           | Processing_Element_core_inst/Later_Data_Spad_inst/Weight_DATA_Spad_BRAM_inst/mem_reg | Implied   | 128 x 12             | RAM64M8 x 4   | 
|ClusterGroup__GBM0:/PE_Cluster_inst/pe12           | Processing_Element_core_inst/Psum_Spad_inst/Psum_DATA_Spad_BRAM_inst/mem_reg         | Implied   | 32 x 21              | RAM32M16 x 2  | 
|ClusterGroup__GBM0:/PE_Cluster_inst/pe20           | Processing_Element_core_inst/Former_Data_Spad_inst/Iact_DATA_Spad_BRAM_inst/mem_reg  | Implied   | 256 x 13             | RAM64M8 x 8   | 
|ClusterGroup__GBM0:/PE_Cluster_inst/pe20           | Processing_Element_core_inst/Later_Data_Spad_inst/Weight_DATA_Spad_BRAM_inst/mem_reg | Implied   | 128 x 12             | RAM64M8 x 4   | 
|ClusterGroup__GBM0:/PE_Cluster_inst/pe20           | Processing_Element_core_inst/Psum_Spad_inst/Psum_DATA_Spad_BRAM_inst/mem_reg         | Implied   | 32 x 21              | RAM32M16 x 2  | 
|ClusterGroup__GBM0:/PE_Cluster_inst/pe21           | Processing_Element_core_inst/Former_Data_Spad_inst/Iact_DATA_Spad_BRAM_inst/mem_reg  | Implied   | 256 x 13             | RAM64M8 x 8   | 
|ClusterGroup__GBM0:/PE_Cluster_inst/pe21           | Processing_Element_core_inst/Later_Data_Spad_inst/Weight_DATA_Spad_BRAM_inst/mem_reg | Implied   | 128 x 12             | RAM64M8 x 4   | 
|ClusterGroup__GBM0:/PE_Cluster_inst/pe21           | Processing_Element_core_inst/Psum_Spad_inst/Psum_DATA_Spad_BRAM_inst/mem_reg         | Implied   | 32 x 21              | RAM32M16 x 2  | 
|ClusterGroup__GBM0:/PE_Cluster_inst/pe22           | Processing_Element_core_inst/Former_Data_Spad_inst/Iact_DATA_Spad_BRAM_inst/mem_reg  | Implied   | 256 x 13             | RAM64M8 x 8   | 
|ClusterGroup__GBM0:/PE_Cluster_inst/pe22           | Processing_Element_core_inst/Later_Data_Spad_inst/Weight_DATA_Spad_BRAM_inst/mem_reg | Implied   | 128 x 12             | RAM64M8 x 4   | 
|ClusterGroup__GBM0:/PE_Cluster_inst/pe22           | Processing_Element_core_inst/Psum_Spad_inst/Psum_DATA_Spad_BRAM_inst/mem_reg         | Implied   | 32 x 21              | RAM32M16 x 2  | 
|ClusterGroup__GBM1:/GLB_Cluster_inst/inActSRAM_0_0 | iact_addr_SRAM_inst/Iact_Addr_SRAM_BRAM_inst/mem_reg                                 | Implied   | 512 x 7              | RAM64M8 x 8   | 
|ClusterGroup__GBM1:/GLB_Cluster_inst/inActSRAM_0_1 | iact_addr_SRAM_inst/Iact_Addr_SRAM_BRAM_inst/mem_reg                                 | Implied   | 512 x 7              | RAM64M8 x 8   | 
|ClusterGroup__GBM1:/GLB_Cluster_inst/inActSRAM_0_2 | iact_addr_SRAM_inst/Iact_Addr_SRAM_BRAM_inst/mem_reg                                 | Implied   | 512 x 7              | RAM64M8 x 8   | 
|ClusterGroup__GBM1:/GLB_Cluster_inst/inActSRAM_1_0 | iact_addr_SRAM_inst/Iact_Addr_SRAM_BRAM_inst/mem_reg                                 | Implied   | 512 x 7              | RAM64M8 x 8   | 
|ClusterGroup__GBM1:/GLB_Cluster_inst/inActSRAM_1_1 | iact_addr_SRAM_inst/Iact_Addr_SRAM_BRAM_inst/mem_reg                                 | Implied   | 512 x 7              | RAM64M8 x 8   | 
|ClusterGroup__GBM1:/GLB_Cluster_inst/inActSRAM_1_2 | iact_addr_SRAM_inst/Iact_Addr_SRAM_BRAM_inst/mem_reg                                 | Implied   | 512 x 7              | RAM64M8 x 8   | 
|ClusterGroup__GBM1:/GLB_Cluster_inst/inActSRAM_2_0 | iact_addr_SRAM_inst/Iact_Addr_SRAM_BRAM_inst/mem_reg                                 | Implied   | 512 x 7              | RAM64M8 x 8   | 
|ClusterGroup__GBM1:/GLB_Cluster_inst/inActSRAM_2_1 | iact_addr_SRAM_inst/Iact_Addr_SRAM_BRAM_inst/mem_reg                                 | Implied   | 512 x 7              | RAM64M8 x 8   | 
|ClusterGroup__GBM1:/GLB_Cluster_inst/inActSRAM_2_2 | iact_addr_SRAM_inst/Iact_Addr_SRAM_BRAM_inst/mem_reg                                 | Implied   | 512 x 7              | RAM64M8 x 8   | 
+---------------------------------------------------+--------------------------------------------------------------------------------------+-----------+----------------------+---------------+

---------------------------------------------------------------------------------
Finished ROM, RAM, DSP, Shift Register and Retiming Reporting
---------------------------------------------------------------------------------
---------------------------------------------------------------------------------
Start Technology Mapping
---------------------------------------------------------------------------------
INFO: [Synth 8-7052] The timing for the instance TOP_insti_10/psum_rearrange/Psum_Rearrange_BRAM_inst/mem_reg_bram_0 (implemented as a Block RAM) might be sub-optimal as no optional output register could be merged into the ram block. Providing additional output register may help in improving timing.
INFO: [Synth 8-7052] The timing for the instance i_0/uart_module_inst/u0/bram_mem_reg_bram_0 (implemented as a Block RAM) might be sub-optimal as no optional output register could be merged into the ram block. Providing additional output register may help in improving timing.
INFO: [Synth 8-7052] The timing for the instance ClusterGroup_1_1i_8/TOP_interface_inst/TOP_inst/ClusterGroup_array/ClusterGroup_1_1/GLB_Cluster_inst/inActSRAM_0_0/iact_data_SRAM_inst/Iact_Data_SRAM_BRAM_inst/mem_reg_bram_0 (implemented as a Block RAM) might be sub-optimal as no optional output register could be merged into the ram block. Providing additional output register may help in improving timing.
INFO: [Synth 8-7052] The timing for the instance ClusterGroup_1_1i_8/TOP_interface_inst/TOP_inst/ClusterGroup_array/ClusterGroup_1_1/GLB_Cluster_inst/inActSRAM_0_1/iact_data_SRAM_inst/Iact_Data_SRAM_BRAM_inst/mem_reg_bram_0 (implemented as a Block RAM) might be sub-optimal as no optional output register could be merged into the ram block. Providing additional output register may help in improving timing.
INFO: [Synth 8-7052] The timing for the instance ClusterGroup_1_1i_8/TOP_interface_inst/TOP_inst/ClusterGroup_array/ClusterGroup_1_1/GLB_Cluster_inst/inActSRAM_0_2/iact_data_SRAM_inst/Iact_Data_SRAM_BRAM_inst/mem_reg_bram_0 (implemented as a Block RAM) might be sub-optimal as no optional output register could be merged into the ram block. Providing additional output register may help in improving timing.
INFO: [Synth 8-7052] The timing for the instance ClusterGroup_1_1i_8/TOP_interface_inst/TOP_inst/ClusterGroup_array/ClusterGroup_1_1/GLB_Cluster_inst/inActSRAM_1_0/iact_data_SRAM_inst/Iact_Data_SRAM_BRAM_inst/mem_reg_bram_0 (implemented as a Block RAM) might be sub-optimal as no optional output register could be merged into the ram block. Providing additional output register may help in improving timing.
INFO: [Synth 8-7052] The timing for the instance ClusterGroup_1_1i_8/TOP_interface_inst/TOP_inst/ClusterGroup_array/ClusterGroup_1_1/GLB_Cluster_inst/inActSRAM_1_1/iact_data_SRAM_inst/Iact_Data_SRAM_BRAM_inst/mem_reg_bram_0 (implemented as a Block RAM) might be sub-optimal as no optional output register could be merged into the ram block. Providing additional output register may help in improving timing.
INFO: [Synth 8-7052] The timing for the instance ClusterGroup_1_1i_8/TOP_interface_inst/TOP_inst/ClusterGroup_array/ClusterGroup_1_1/GLB_Cluster_inst/inActSRAM_1_2/iact_data_SRAM_inst/Iact_Data_SRAM_BRAM_inst/mem_reg_bram_0 (implemented as a Block RAM) might be sub-optimal as no optional output register could be merged into the ram block. Providing additional output register may help in improving timing.
INFO: [Synth 8-7052] The timing for the instance ClusterGroup_1_1i_8/TOP_interface_inst/TOP_inst/ClusterGroup_array/ClusterGroup_1_1/GLB_Cluster_inst/inActSRAM_2_0/iact_data_SRAM_inst/Iact_Data_SRAM_BRAM_inst/mem_reg_bram_0 (implemented as a Block RAM) might be sub-optimal as no optional output register could be merged into the ram block. Providing additional output register may help in improving timing.
INFO: [Synth 8-7052] The timing for the instance ClusterGroup_1_1i_8/TOP_interface_inst/TOP_inst/ClusterGroup_array/ClusterGroup_1_1/GLB_Cluster_inst/inActSRAM_2_1/iact_data_SRAM_inst/Iact_Data_SRAM_BRAM_inst/mem_reg_bram_0 (implemented as a Block RAM) might be sub-optimal as no optional output register could be merged into the ram block. Providing additional output register may help in improving timing.
INFO: [Synth 8-7052] The timing for the instance ClusterGroup_1_1i_8/TOP_interface_inst/TOP_inst/ClusterGroup_array/ClusterGroup_1_1/GLB_Cluster_inst/inActSRAM_2_2/iact_data_SRAM_inst/Iact_Data_SRAM_BRAM_inst/mem_reg_bram_0 (implemented as a Block RAM) might be sub-optimal as no optional output register could be merged into the ram block. Providing additional output register may help in improving timing.
INFO: [Synth 8-7052] The timing for the instance ClusterGroup_1_1i_8/TOP_interface_inst/TOP_inst/ClusterGroup_array/ClusterGroup_1_1/GLB_Cluster_inst/pSumSRAM0/Psum_Data_SRAM_BRAM_inst/mem_reg (implemented as a Block RAM) might be sub-optimal as no optional output register could be merged into the ram block. Providing additional output register may help in improving timing.
INFO: [Synth 8-7052] The timing for the instance ClusterGroup_1_1i_8/TOP_interface_inst/TOP_inst/ClusterGroup_array/ClusterGroup_1_1/GLB_Cluster_inst/pSumSRAM1/Psum_Data_SRAM_BRAM_inst/mem_reg (implemented as a Block RAM) might be sub-optimal as no optional output register could be merged into the ram block. Providing additional output register may help in improving timing.
INFO: [Synth 8-7052] The timing for the instance ClusterGroup_1_1i_8/TOP_interface_inst/TOP_inst/ClusterGroup_array/ClusterGroup_1_1/GLB_Cluster_inst/pSumSRAM2/Psum_Data_SRAM_BRAM_inst/mem_reg (implemented as a Block RAM) might be sub-optimal as no optional output register could be merged into the ram block. Providing additional output register may help in improving timing.
INFO: [Synth 8-7052] The timing for the instance ClusterGroup_0_0i_2/TOP_interface_inst/TOP_inst/ClusterGroup_array/ClusterGroup_0_0/GLB_Cluster_inst/inActSRAM_0_0/iact_data_SRAM_inst/Iact_Data_SRAM_BRAM_inst/mem_reg_bram_0 (implemented as a Block RAM) might be sub-optimal as no optional output register could be merged into the ram block. Providing additional output register may help in improving timing.
INFO: [Synth 8-7052] The timing for the instance ClusterGroup_0_0i_2/TOP_interface_inst/TOP_inst/ClusterGroup_array/ClusterGroup_0_0/GLB_Cluster_inst/inActSRAM_0_1/iact_data_SRAM_inst/Iact_Data_SRAM_BRAM_inst/mem_reg_bram_0 (implemented as a Block RAM) might be sub-optimal as no optional output register could be merged into the ram block. Providing additional output register may help in improving timing.
INFO: [Synth 8-7052] The timing for the instance ClusterGroup_0_0i_2/TOP_interface_inst/TOP_inst/ClusterGroup_array/ClusterGroup_0_0/GLB_Cluster_inst/inActSRAM_0_2/iact_data_SRAM_inst/Iact_Data_SRAM_BRAM_inst/mem_reg_bram_0 (implemented as a Block RAM) might be sub-optimal as no optional output register could be merged into the ram block. Providing additional output register may help in improving timing.
INFO: [Synth 8-7052] The timing for the instance ClusterGroup_0_0i_2/TOP_interface_inst/TOP_inst/ClusterGroup_array/ClusterGroup_0_0/GLB_Cluster_inst/inActSRAM_1_0/iact_data_SRAM_inst/Iact_Data_SRAM_BRAM_inst/mem_reg_bram_0 (implemented as a Block RAM) might be sub-optimal as no optional output register could be merged into the ram block. Providing additional output register may help in improving timing.
INFO: [Synth 8-7052] The timing for the instance ClusterGroup_0_0i_2/TOP_interface_inst/TOP_inst/ClusterGroup_array/ClusterGroup_0_0/GLB_Cluster_inst/inActSRAM_1_1/iact_data_SRAM_inst/Iact_Data_SRAM_BRAM_inst/mem_reg_bram_0 (implemented as a Block RAM) might be sub-optimal as no optional output register could be merged into the ram block. Providing additional output register may help in improving timing.
INFO: [Synth 8-7052] The timing for the instance ClusterGroup_0_0i_2/TOP_interface_inst/TOP_inst/ClusterGroup_array/ClusterGroup_0_0/GLB_Cluster_inst/inActSRAM_1_2/iact_data_SRAM_inst/Iact_Data_SRAM_BRAM_inst/mem_reg_bram_0 (implemented as a Block RAM) might be sub-optimal as no optional output register could be merged into the ram block. Providing additional output register may help in improving timing.
INFO: [Synth 8-7052] The timing for the instance ClusterGroup_0_0i_2/TOP_interface_inst/TOP_inst/ClusterGroup_array/ClusterGroup_0_0/GLB_Cluster_inst/inActSRAM_2_0/iact_data_SRAM_inst/Iact_Data_SRAM_BRAM_inst/mem_reg_bram_0 (implemented as a Block RAM) might be sub-optimal as no optional output register could be merged into the ram block. Providing additional output register may help in improving timing.
INFO: [Synth 8-7052] The timing for the instance ClusterGroup_0_0i_2/TOP_interface_inst/TOP_inst/ClusterGroup_array/ClusterGroup_0_0/GLB_Cluster_inst/inActSRAM_2_1/iact_data_SRAM_inst/Iact_Data_SRAM_BRAM_inst/mem_reg_bram_0 (implemented as a Block RAM) might be sub-optimal as no optional output register could be merged into the ram block. Providing additional output register may help in improving timing.
INFO: [Synth 8-7052] The timing for the instance ClusterGroup_0_0i_2/TOP_interface_inst/TOP_inst/ClusterGroup_array/ClusterGroup_0_0/GLB_Cluster_inst/inActSRAM_2_2/iact_data_SRAM_inst/Iact_Data_SRAM_BRAM_inst/mem_reg_bram_0 (implemented as a Block RAM) might be sub-optimal as no optional output register could be merged into the ram block. Providing additional output register may help in improving timing.
INFO: [Synth 8-7052] The timing for the instance ClusterGroup_0_0i_2/TOP_interface_inst/TOP_inst/ClusterGroup_array/ClusterGroup_0_0/GLB_Cluster_inst/pSumSRAM0/Psum_Data_SRAM_BRAM_inst/mem_reg (implemented as a Block RAM) might be sub-optimal as no optional output register could be merged into the ram block. Providing additional output register may help in improving timing.
INFO: [Synth 8-7052] The timing for the instance ClusterGroup_0_0i_2/TOP_interface_inst/TOP_inst/ClusterGroup_array/ClusterGroup_0_0/GLB_Cluster_inst/pSumSRAM1/Psum_Data_SRAM_BRAM_inst/mem_reg (implemented as a Block RAM) might be sub-optimal as no optional output register could be merged into the ram block. Providing additional output register may help in improving timing.
INFO: [Synth 8-7052] The timing for the instance ClusterGroup_0_0i_2/TOP_interface_inst/TOP_inst/ClusterGroup_array/ClusterGroup_0_0/GLB_Cluster_inst/pSumSRAM2/Psum_Data_SRAM_BRAM_inst/mem_reg (implemented as a Block RAM) might be sub-optimal as no optional output register could be merged into the ram block. Providing additional output register may help in improving timing.
INFO: [Synth 8-7052] The timing for the instance ClusterGroup_0_1i_4/TOP_interface_inst/TOP_inst/ClusterGroup_array/ClusterGroup_0_1/GLB_Cluster_inst/inActSRAM_0_0/iact_data_SRAM_inst/Iact_Data_SRAM_BRAM_inst/mem_reg_bram_0 (implemented as a Block RAM) might be sub-optimal as no optional output register could be merged into the ram block. Providing additional output register may help in improving timing.
INFO: [Synth 8-7052] The timing for the instance ClusterGroup_0_1i_4/TOP_interface_inst/TOP_inst/ClusterGroup_array/ClusterGroup_0_1/GLB_Cluster_inst/inActSRAM_0_1/iact_data_SRAM_inst/Iact_Data_SRAM_BRAM_inst/mem_reg_bram_0 (implemented as a Block RAM) might be sub-optimal as no optional output register could be merged into the ram block. Providing additional output register may help in improving timing.
INFO: [Synth 8-7052] The timing for the instance ClusterGroup_0_1i_4/TOP_interface_inst/TOP_inst/ClusterGroup_array/ClusterGroup_0_1/GLB_Cluster_inst/inActSRAM_0_2/iact_data_SRAM_inst/Iact_Data_SRAM_BRAM_inst/mem_reg_bram_0 (implemented as a Block RAM) might be sub-optimal as no optional output register could be merged into the ram block. Providing additional output register may help in improving timing.
INFO: [Synth 8-7052] The timing for the instance ClusterGroup_0_1i_4/TOP_interface_inst/TOP_inst/ClusterGroup_array/ClusterGroup_0_1/GLB_Cluster_inst/inActSRAM_1_0/iact_data_SRAM_inst/Iact_Data_SRAM_BRAM_inst/mem_reg_bram_0 (implemented as a Block RAM) might be sub-optimal as no optional output register could be merged into the ram block. Providing additional output register may help in improving timing.
INFO: [Synth 8-7052] The timing for the instance ClusterGroup_0_1i_4/TOP_interface_inst/TOP_inst/ClusterGroup_array/ClusterGroup_0_1/GLB_Cluster_inst/inActSRAM_1_1/iact_data_SRAM_inst/Iact_Data_SRAM_BRAM_inst/mem_reg_bram_0 (implemented as a Block RAM) might be sub-optimal as no optional output register could be merged into the ram block. Providing additional output register may help in improving timing.
INFO: [Synth 8-7052] The timing for the instance ClusterGroup_0_1i_4/TOP_interface_inst/TOP_inst/ClusterGroup_array/ClusterGroup_0_1/GLB_Cluster_inst/inActSRAM_1_2/iact_data_SRAM_inst/Iact_Data_SRAM_BRAM_inst/mem_reg_bram_0 (implemented as a Block RAM) might be sub-optimal as no optional output register could be merged into the ram block. Providing additional output register may help in improving timing.
INFO: [Synth 8-7052] The timing for the instance ClusterGroup_0_1i_4/TOP_interface_inst/TOP_inst/ClusterGroup_array/ClusterGroup_0_1/GLB_Cluster_inst/inActSRAM_2_0/iact_data_SRAM_inst/Iact_Data_SRAM_BRAM_inst/mem_reg_bram_0 (implemented as a Block RAM) might be sub-optimal as no optional output register could be merged into the ram block. Providing additional output register may help in improving timing.
INFO: [Synth 8-7052] The timing for the instance ClusterGroup_0_1i_4/TOP_interface_inst/TOP_inst/ClusterGroup_array/ClusterGroup_0_1/GLB_Cluster_inst/inActSRAM_2_1/iact_data_SRAM_inst/Iact_Data_SRAM_BRAM_inst/mem_reg_bram_0 (implemented as a Block RAM) might be sub-optimal as no optional output register could be merged into the ram block. Providing additional output register may help in improving timing.
INFO: [Synth 8-7052] The timing for the instance ClusterGroup_0_1i_4/TOP_interface_inst/TOP_inst/ClusterGroup_array/ClusterGroup_0_1/GLB_Cluster_inst/inActSRAM_2_2/iact_data_SRAM_inst/Iact_Data_SRAM_BRAM_inst/mem_reg_bram_0 (implemented as a Block RAM) might be sub-optimal as no optional output register could be merged into the ram block. Providing additional output register may help in improving timing.
INFO: [Synth 8-7052] The timing for the instance ClusterGroup_0_1i_4/TOP_interface_inst/TOP_inst/ClusterGroup_array/ClusterGroup_0_1/GLB_Cluster_inst/pSumSRAM0/Psum_Data_SRAM_BRAM_inst/mem_reg (implemented as a Block RAM) might be sub-optimal as no optional output register could be merged into the ram block. Providing additional output register may help in improving timing.
INFO: [Synth 8-7052] The timing for the instance ClusterGroup_0_1i_4/TOP_interface_inst/TOP_inst/ClusterGroup_array/ClusterGroup_0_1/GLB_Cluster_inst/pSumSRAM1/Psum_Data_SRAM_BRAM_inst/mem_reg (implemented as a Block RAM) might be sub-optimal as no optional output register could be merged into the ram block. Providing additional output register may help in improving timing.
INFO: [Synth 8-7052] The timing for the instance ClusterGroup_0_1i_4/TOP_interface_inst/TOP_inst/ClusterGroup_array/ClusterGroup_0_1/GLB_Cluster_inst/pSumSRAM2/Psum_Data_SRAM_BRAM_inst/mem_reg (implemented as a Block RAM) might be sub-optimal as no optional output register could be merged into the ram block. Providing additional output register may help in improving timing.
INFO: [Synth 8-7052] The timing for the instance ClusterGroup_1_0i_6/TOP_interface_inst/TOP_inst/ClusterGroup_array/ClusterGroup_1_0/GLB_Cluster_inst/inActSRAM_0_0/iact_data_SRAM_inst/Iact_Data_SRAM_BRAM_inst/mem_reg_bram_0 (implemented as a Block RAM) might be sub-optimal as no optional output register could be merged into the ram block. Providing additional output register may help in improving timing.
INFO: [Synth 8-7052] The timing for the instance ClusterGroup_1_0i_6/TOP_interface_inst/TOP_inst/ClusterGroup_array/ClusterGroup_1_0/GLB_Cluster_inst/inActSRAM_0_1/iact_data_SRAM_inst/Iact_Data_SRAM_BRAM_inst/mem_reg_bram_0 (implemented as a Block RAM) might be sub-optimal as no optional output register could be merged into the ram block. Providing additional output register may help in improving timing.
INFO: [Synth 8-7052] The timing for the instance ClusterGroup_1_0i_6/TOP_interface_inst/TOP_inst/ClusterGroup_array/ClusterGroup_1_0/GLB_Cluster_inst/inActSRAM_0_2/iact_data_SRAM_inst/Iact_Data_SRAM_BRAM_inst/mem_reg_bram_0 (implemented as a Block RAM) might be sub-optimal as no optional output register could be merged into the ram block. Providing additional output register may help in improving timing.
INFO: [Synth 8-7052] The timing for the instance ClusterGroup_1_0i_6/TOP_interface_inst/TOP_inst/ClusterGroup_array/ClusterGroup_1_0/GLB_Cluster_inst/inActSRAM_1_0/iact_data_SRAM_inst/Iact_Data_SRAM_BRAM_inst/mem_reg_bram_0 (implemented as a Block RAM) might be sub-optimal as no optional output register could be merged into the ram block. Providing additional output register may help in improving timing.
INFO: [Synth 8-7052] The timing for the instance ClusterGroup_1_0i_6/TOP_interface_inst/TOP_inst/ClusterGroup_array/ClusterGroup_1_0/GLB_Cluster_inst/inActSRAM_1_1/iact_data_SRAM_inst/Iact_Data_SRAM_BRAM_inst/mem_reg_bram_0 (implemented as a Block RAM) might be sub-optimal as no optional output register could be merged into the ram block. Providing additional output register may help in improving timing.
INFO: [Synth 8-7052] The timing for the instance ClusterGroup_1_0i_6/TOP_interface_inst/TOP_inst/ClusterGroup_array/ClusterGroup_1_0/GLB_Cluster_inst/inActSRAM_1_2/iact_data_SRAM_inst/Iact_Data_SRAM_BRAM_inst/mem_reg_bram_0 (implemented as a Block RAM) might be sub-optimal as no optional output register could be merged into the ram block. Providing additional output register may help in improving timing.
INFO: [Synth 8-7052] The timing for the instance ClusterGroup_1_0i_6/TOP_interface_inst/TOP_inst/ClusterGroup_array/ClusterGroup_1_0/GLB_Cluster_inst/inActSRAM_2_0/iact_data_SRAM_inst/Iact_Data_SRAM_BRAM_inst/mem_reg_bram_0 (implemented as a Block RAM) might be sub-optimal as no optional output register could be merged into the ram block. Providing additional output register may help in improving timing.
INFO: [Synth 8-7052] The timing for the instance ClusterGroup_1_0i_6/TOP_interface_inst/TOP_inst/ClusterGroup_array/ClusterGroup_1_0/GLB_Cluster_inst/inActSRAM_2_1/iact_data_SRAM_inst/Iact_Data_SRAM_BRAM_inst/mem_reg_bram_0 (implemented as a Block RAM) might be sub-optimal as no optional output register could be merged into the ram block. Providing additional output register may help in improving timing.
INFO: [Synth 8-7052] The timing for the instance ClusterGroup_1_0i_6/TOP_interface_inst/TOP_inst/ClusterGroup_array/ClusterGroup_1_0/GLB_Cluster_inst/inActSRAM_2_2/iact_data_SRAM_inst/Iact_Data_SRAM_BRAM_inst/mem_reg_bram_0 (implemented as a Block RAM) might be sub-optimal as no optional output register could be merged into the ram block. Providing additional output register may help in improving timing.
INFO: [Synth 8-7052] The timing for the instance ClusterGroup_1_0i_6/TOP_interface_inst/TOP_inst/ClusterGroup_array/ClusterGroup_1_0/GLB_Cluster_inst/pSumSRAM0/Psum_Data_SRAM_BRAM_inst/mem_reg (implemented as a Block RAM) might be sub-optimal as no optional output register could be merged into the ram block. Providing additional output register may help in improving timing.
INFO: [Synth 8-7052] The timing for the instance ClusterGroup_1_0i_6/TOP_interface_inst/TOP_inst/ClusterGroup_array/ClusterGroup_1_0/GLB_Cluster_inst/pSumSRAM1/Psum_Data_SRAM_BRAM_inst/mem_reg (implemented as a Block RAM) might be sub-optimal as no optional output register could be merged into the ram block. Providing additional output register may help in improving timing.
INFO: [Synth 8-7052] The timing for the instance ClusterGroup_1_0i_6/TOP_interface_inst/TOP_inst/ClusterGroup_array/ClusterGroup_1_0/GLB_Cluster_inst/pSumSRAM2/Psum_Data_SRAM_BRAM_inst/mem_reg (implemented as a Block RAM) might be sub-optimal as no optional output register could be merged into the ram block. Providing additional output register may help in improving timing.
WARNING: [Synth 8-565] redefining clock 'clock'
WARNING: [Synth 8-565] redefining clock 'clock'
WARNING: [Synth 8-565] redefining clock 'clock'
WARNING: [Synth 8-565] redefining clock 'clock'
---------------------------------------------------------------------------------
Finished Technology Mapping : Time (s): cpu = 00:34:03 ; elapsed = 00:39:53 . Memory (MB): peak = 6958.875 ; gain = 5417.180
---------------------------------------------------------------------------------
---------------------------------------------------------------------------------
Start IO Insertion
---------------------------------------------------------------------------------
---------------------------------------------------------------------------------
Start Flattening Before IO Insertion
---------------------------------------------------------------------------------
---------------------------------------------------------------------------------
Finished Flattening Before IO Insertion
---------------------------------------------------------------------------------
---------------------------------------------------------------------------------
Start Final Netlist Cleanup
---------------------------------------------------------------------------------
INFO: [Synth 8-7052] The timing for the instance TOP_interface_inst/TOP_inst/ClusterGroup_array/ClusterGroup_0_0/GLB_Cluster_inst/inActSRAM_0_0/iact_data_SRAM_inst/Iact_Data_SRAM_BRAM_inst/mem_reg_bram_0 (implemented as a Block RAM) might be sub-optimal as no optional output register could be merged into the ram block. Providing additional output register may help in improving timing.
INFO: [Synth 8-7052] The timing for the instance TOP_interface_inst/TOP_inst/ClusterGroup_array/ClusterGroup_0_0/GLB_Cluster_inst/inActSRAM_0_1/iact_data_SRAM_inst/Iact_Data_SRAM_BRAM_inst/mem_reg_bram_0 (implemented as a Block RAM) might be sub-optimal as no optional output register could be merged into the ram block. Providing additional output register may help in improving timing.
INFO: [Synth 8-7052] The timing for the instance TOP_interface_inst/TOP_inst/ClusterGroup_array/ClusterGroup_0_0/GLB_Cluster_inst/inActSRAM_0_2/iact_data_SRAM_inst/Iact_Data_SRAM_BRAM_inst/mem_reg_bram_0 (implemented as a Block RAM) might be sub-optimal as no optional output register could be merged into the ram block. Providing additional output register may help in improving timing.
INFO: [Synth 8-7052] The timing for the instance TOP_interface_inst/TOP_inst/ClusterGroup_array/ClusterGroup_0_0/GLB_Cluster_inst/inActSRAM_1_0/iact_data_SRAM_inst/Iact_Data_SRAM_BRAM_inst/mem_reg_bram_0 (implemented as a Block RAM) might be sub-optimal as no optional output register could be merged into the ram block. Providing additional output register may help in improving timing.
INFO: [Synth 8-7052] The timing for the instance TOP_interface_inst/TOP_inst/ClusterGroup_array/ClusterGroup_0_0/GLB_Cluster_inst/inActSRAM_1_1/iact_data_SRAM_inst/Iact_Data_SRAM_BRAM_inst/mem_reg_bram_0 (implemented as a Block RAM) might be sub-optimal as no optional output register could be merged into the ram block. Providing additional output register may help in improving timing.
INFO: [Synth 8-7052] The timing for the instance TOP_interface_inst/TOP_inst/ClusterGroup_array/ClusterGroup_0_0/GLB_Cluster_inst/inActSRAM_1_2/iact_data_SRAM_inst/Iact_Data_SRAM_BRAM_inst/mem_reg_bram_0 (implemented as a Block RAM) might be sub-optimal as no optional output register could be merged into the ram block. Providing additional output register may help in improving timing.
INFO: [Synth 8-7052] The timing for the instance TOP_interface_inst/TOP_inst/ClusterGroup_array/ClusterGroup_0_0/GLB_Cluster_inst/inActSRAM_2_0/iact_data_SRAM_inst/Iact_Data_SRAM_BRAM_inst/mem_reg_bram_0 (implemented as a Block RAM) might be sub-optimal as no optional output register could be merged into the ram block. Providing additional output register may help in improving timing.
INFO: [Synth 8-7052] The timing for the instance TOP_interface_inst/TOP_inst/ClusterGroup_array/ClusterGroup_0_0/GLB_Cluster_inst/inActSRAM_2_1/iact_data_SRAM_inst/Iact_Data_SRAM_BRAM_inst/mem_reg_bram_0 (implemented as a Block RAM) might be sub-optimal as no optional output register could be merged into the ram block. Providing additional output register may help in improving timing.
INFO: [Synth 8-7052] The timing for the instance TOP_interface_inst/TOP_inst/ClusterGroup_array/ClusterGroup_0_0/GLB_Cluster_inst/inActSRAM_2_2/iact_data_SRAM_inst/Iact_Data_SRAM_BRAM_inst/mem_reg_bram_0 (implemented as a Block RAM) might be sub-optimal as no optional output register could be merged into the ram block. Providing additional output register may help in improving timing.
INFO: [Synth 8-7052] The timing for the instance TOP_interface_inst/TOP_inst/ClusterGroup_array/ClusterGroup_0_0/GLB_Cluster_inst/pSumSRAM0/Psum_Data_SRAM_BRAM_inst/mem_reg (implemented as a Block RAM) might be sub-optimal as no optional output register could be merged into the ram block. Providing additional output register may help in improving timing.
INFO: [Synth 8-7052] The timing for the instance TOP_interface_inst/TOP_inst/ClusterGroup_array/ClusterGroup_0_0/GLB_Cluster_inst/pSumSRAM1/Psum_Data_SRAM_BRAM_inst/mem_reg (implemented as a Block RAM) might be sub-optimal as no optional output register could be merged into the ram block. Providing additional output register may help in improving timing.
INFO: [Synth 8-7052] The timing for the instance TOP_interface_inst/TOP_inst/ClusterGroup_array/ClusterGroup_0_0/GLB_Cluster_inst/pSumSRAM2/Psum_Data_SRAM_BRAM_inst/mem_reg (implemented as a Block RAM) might be sub-optimal as no optional output register could be merged into the ram block. Providing additional output register may help in improving timing.
INFO: [Synth 8-7052] The timing for the instance TOP_interface_inst/TOP_inst/ClusterGroup_array/ClusterGroup_0_1/GLB_Cluster_inst/inActSRAM_0_0/iact_data_SRAM_inst/Iact_Data_SRAM_BRAM_inst/mem_reg_bram_0 (implemented as a Block RAM) might be sub-optimal as no optional output register could be merged into the ram block. Providing additional output register may help in improving timing.
INFO: [Synth 8-7052] The timing for the instance TOP_interface_inst/TOP_inst/ClusterGroup_array/ClusterGroup_0_1/GLB_Cluster_inst/inActSRAM_0_1/iact_data_SRAM_inst/Iact_Data_SRAM_BRAM_inst/mem_reg_bram_0 (implemented as a Block RAM) might be sub-optimal as no optional output register could be merged into the ram block. Providing additional output register may help in improving timing.
INFO: [Synth 8-7052] The timing for the instance TOP_interface_inst/TOP_inst/ClusterGroup_array/ClusterGroup_0_1/GLB_Cluster_inst/inActSRAM_0_2/iact_data_SRAM_inst/Iact_Data_SRAM_BRAM_inst/mem_reg_bram_0 (implemented as a Block RAM) might be sub-optimal as no optional output register could be merged into the ram block. Providing additional output register may help in improving timing.
INFO: [Synth 8-7052] The timing for the instance TOP_interface_inst/TOP_inst/ClusterGroup_array/ClusterGroup_0_1/GLB_Cluster_inst/inActSRAM_1_0/iact_data_SRAM_inst/Iact_Data_SRAM_BRAM_inst/mem_reg_bram_0 (implemented as a Block RAM) might be sub-optimal as no optional output register could be merged into the ram block. Providing additional output register may help in improving timing.
INFO: [Synth 8-7052] The timing for the instance TOP_interface_inst/TOP_inst/ClusterGroup_array/ClusterGroup_0_1/GLB_Cluster_inst/inActSRAM_1_1/iact_data_SRAM_inst/Iact_Data_SRAM_BRAM_inst/mem_reg_bram_0 (implemented as a Block RAM) might be sub-optimal as no optional output register could be merged into the ram block. Providing additional output register may help in improving timing.
INFO: [Synth 8-7052] The timing for the instance TOP_interface_inst/TOP_inst/ClusterGroup_array/ClusterGroup_0_1/GLB_Cluster_inst/inActSRAM_1_2/iact_data_SRAM_inst/Iact_Data_SRAM_BRAM_inst/mem_reg_bram_0 (implemented as a Block RAM) might be sub-optimal as no optional output register could be merged into the ram block. Providing additional output register may help in improving timing.
INFO: [Synth 8-7052] The timing for the instance TOP_interface_inst/TOP_inst/ClusterGroup_array/ClusterGroup_0_1/GLB_Cluster_inst/inActSRAM_2_0/iact_data_SRAM_inst/Iact_Data_SRAM_BRAM_inst/mem_reg_bram_0 (implemented as a Block RAM) might be sub-optimal as no optional output register could be merged into the ram block. Providing additional output register may help in improving timing.
INFO: [Synth 8-7052] The timing for the instance TOP_interface_inst/TOP_inst/ClusterGroup_array/ClusterGroup_0_1/GLB_Cluster_inst/inActSRAM_2_1/iact_data_SRAM_inst/Iact_Data_SRAM_BRAM_inst/mem_reg_bram_0 (implemented as a Block RAM) might be sub-optimal as no optional output register could be merged into the ram block. Providing additional output register may help in improving timing.
INFO: [Synth 8-7052] The timing for the instance TOP_interface_inst/TOP_inst/ClusterGroup_array/ClusterGroup_0_1/GLB_Cluster_inst/inActSRAM_2_2/iact_data_SRAM_inst/Iact_Data_SRAM_BRAM_inst/mem_reg_bram_0 (implemented as a Block RAM) might be sub-optimal as no optional output register could be merged into the ram block. Providing additional output register may help in improving timing.
INFO: [Synth 8-7052] The timing for the instance TOP_interface_inst/TOP_inst/ClusterGroup_array/ClusterGroup_0_1/GLB_Cluster_inst/pSumSRAM0/Psum_Data_SRAM_BRAM_inst/mem_reg (implemented as a Block RAM) might be sub-optimal as no optional output register could be merged into the ram block. Providing additional output register may help in improving timing.
INFO: [Synth 8-7052] The timing for the instance TOP_interface_inst/TOP_inst/ClusterGroup_array/ClusterGroup_0_1/GLB_Cluster_inst/pSumSRAM1/Psum_Data_SRAM_BRAM_inst/mem_reg (implemented as a Block RAM) might be sub-optimal as no optional output register could be merged into the ram block. Providing additional output register may help in improving timing.
INFO: [Synth 8-7052] The timing for the instance TOP_interface_inst/TOP_inst/ClusterGroup_array/ClusterGroup_0_1/GLB_Cluster_inst/pSumSRAM2/Psum_Data_SRAM_BRAM_inst/mem_reg (implemented as a Block RAM) might be sub-optimal as no optional output register could be merged into the ram block. Providing additional output register may help in improving timing.
INFO: [Synth 8-7052] The timing for the instance TOP_interface_inst/TOP_inst/ClusterGroup_array/ClusterGroup_1_0/GLB_Cluster_inst/inActSRAM_0_0/iact_data_SRAM_inst/Iact_Data_SRAM_BRAM_inst/mem_reg_bram_0 (implemented as a Block RAM) might be sub-optimal as no optional output register could be merged into the ram block. Providing additional output register may help in improving timing.
INFO: [Synth 8-7052] The timing for the instance TOP_interface_inst/TOP_inst/ClusterGroup_array/ClusterGroup_1_0/GLB_Cluster_inst/inActSRAM_0_1/iact_data_SRAM_inst/Iact_Data_SRAM_BRAM_inst/mem_reg_bram_0 (implemented as a Block RAM) might be sub-optimal as no optional output register could be merged into the ram block. Providing additional output register may help in improving timing.
INFO: [Synth 8-7052] The timing for the instance TOP_interface_inst/TOP_inst/ClusterGroup_array/ClusterGroup_1_0/GLB_Cluster_inst/inActSRAM_0_2/iact_data_SRAM_inst/Iact_Data_SRAM_BRAM_inst/mem_reg_bram_0 (implemented as a Block RAM) might be sub-optimal as no optional output register could be merged into the ram block. Providing additional output register may help in improving timing.
INFO: [Synth 8-7052] The timing for the instance TOP_interface_inst/TOP_inst/ClusterGroup_array/ClusterGroup_1_0/GLB_Cluster_inst/inActSRAM_1_0/iact_data_SRAM_inst/Iact_Data_SRAM_BRAM_inst/mem_reg_bram_0 (implemented as a Block RAM) might be sub-optimal as no optional output register could be merged into the ram block. Providing additional output register may help in improving timing.
INFO: [Synth 8-7052] The timing for the instance TOP_interface_inst/TOP_inst/ClusterGroup_array/ClusterGroup_1_0/GLB_Cluster_inst/inActSRAM_1_1/iact_data_SRAM_inst/Iact_Data_SRAM_BRAM_inst/mem_reg_bram_0 (implemented as a Block RAM) might be sub-optimal as no optional output register could be merged into the ram block. Providing additional output register may help in improving timing.
INFO: [Synth 8-7052] The timing for the instance TOP_interface_inst/TOP_inst/ClusterGroup_array/ClusterGroup_1_0/GLB_Cluster_inst/inActSRAM_1_2/iact_data_SRAM_inst/Iact_Data_SRAM_BRAM_inst/mem_reg_bram_0 (implemented as a Block RAM) might be sub-optimal as no optional output register could be merged into the ram block. Providing additional output register may help in improving timing.
INFO: [Synth 8-7052] The timing for the instance TOP_interface_inst/TOP_inst/ClusterGroup_array/ClusterGroup_1_0/GLB_Cluster_inst/inActSRAM_2_0/iact_data_SRAM_inst/Iact_Data_SRAM_BRAM_inst/mem_reg_bram_0 (implemented as a Block RAM) might be sub-optimal as no optional output register could be merged into the ram block. Providing additional output register may help in improving timing.
INFO: [Synth 8-7052] The timing for the instance TOP_interface_inst/TOP_inst/ClusterGroup_array/ClusterGroup_1_0/GLB_Cluster_inst/inActSRAM_2_1/iact_data_SRAM_inst/Iact_Data_SRAM_BRAM_inst/mem_reg_bram_0 (implemented as a Block RAM) might be sub-optimal as no optional output register could be merged into the ram block. Providing additional output register may help in improving timing.
INFO: [Synth 8-7052] The timing for the instance TOP_interface_inst/TOP_inst/ClusterGroup_array/ClusterGroup_1_0/GLB_Cluster_inst/inActSRAM_2_2/iact_data_SRAM_inst/Iact_Data_SRAM_BRAM_inst/mem_reg_bram_0 (implemented as a Block RAM) might be sub-optimal as no optional output register could be merged into the ram block. Providing additional output register may help in improving timing.
INFO: [Synth 8-7052] The timing for the instance TOP_interface_inst/TOP_inst/ClusterGroup_array/ClusterGroup_1_0/GLB_Cluster_inst/pSumSRAM0/Psum_Data_SRAM_BRAM_inst/mem_reg (implemented as a Block RAM) might be sub-optimal as no optional output register could be merged into the ram block. Providing additional output register may help in improving timing.
INFO: [Synth 8-7052] The timing for the instance TOP_interface_inst/TOP_inst/ClusterGroup_array/ClusterGroup_1_0/GLB_Cluster_inst/pSumSRAM1/Psum_Data_SRAM_BRAM_inst/mem_reg (implemented as a Block RAM) might be sub-optimal as no optional output register could be merged into the ram block. Providing additional output register may help in improving timing.
INFO: [Synth 8-7052] The timing for the instance TOP_interface_inst/TOP_inst/ClusterGroup_array/ClusterGroup_1_0/GLB_Cluster_inst/pSumSRAM2/Psum_Data_SRAM_BRAM_inst/mem_reg (implemented as a Block RAM) might be sub-optimal as no optional output register could be merged into the ram block. Providing additional output register may help in improving timing.
INFO: [Synth 8-7052] The timing for the instance TOP_interface_inst/TOP_inst/ClusterGroup_array/ClusterGroup_1_1/GLB_Cluster_inst/inActSRAM_0_0/iact_data_SRAM_inst/Iact_Data_SRAM_BRAM_inst/mem_reg_bram_0 (implemented as a Block RAM) might be sub-optimal as no optional output register could be merged into the ram block. Providing additional output register may help in improving timing.
INFO: [Synth 8-7052] The timing for the instance TOP_interface_inst/TOP_inst/ClusterGroup_array/ClusterGroup_1_1/GLB_Cluster_inst/inActSRAM_0_1/iact_data_SRAM_inst/Iact_Data_SRAM_BRAM_inst/mem_reg_bram_0 (implemented as a Block RAM) might be sub-optimal as no optional output register could be merged into the ram block. Providing additional output register may help in improving timing.
INFO: [Synth 8-7052] The timing for the instance TOP_interface_inst/TOP_inst/ClusterGroup_array/ClusterGroup_1_1/GLB_Cluster_inst/inActSRAM_0_2/iact_data_SRAM_inst/Iact_Data_SRAM_BRAM_inst/mem_reg_bram_0 (implemented as a Block RAM) might be sub-optimal as no optional output register could be merged into the ram block. Providing additional output register may help in improving timing.
INFO: [Synth 8-7052] The timing for the instance TOP_interface_inst/TOP_inst/ClusterGroup_array/ClusterGroup_1_1/GLB_Cluster_inst/inActSRAM_1_0/iact_data_SRAM_inst/Iact_Data_SRAM_BRAM_inst/mem_reg_bram_0 (implemented as a Block RAM) might be sub-optimal as no optional output register could be merged into the ram block. Providing additional output register may help in improving timing.
INFO: [Synth 8-7052] The timing for the instance TOP_interface_inst/TOP_inst/ClusterGroup_array/ClusterGroup_1_1/GLB_Cluster_inst/inActSRAM_1_1/iact_data_SRAM_inst/Iact_Data_SRAM_BRAM_inst/mem_reg_bram_0 (implemented as a Block RAM) might be sub-optimal as no optional output register could be merged into the ram block. Providing additional output register may help in improving timing.
INFO: [Synth 8-7052] The timing for the instance TOP_interface_inst/TOP_inst/ClusterGroup_array/ClusterGroup_1_1/GLB_Cluster_inst/inActSRAM_1_2/iact_data_SRAM_inst/Iact_Data_SRAM_BRAM_inst/mem_reg_bram_0 (implemented as a Block RAM) might be sub-optimal as no optional output register could be merged into the ram block. Providing additional output register may help in improving timing.
INFO: [Synth 8-7052] The timing for the instance TOP_interface_inst/TOP_inst/ClusterGroup_array/ClusterGroup_1_1/GLB_Cluster_inst/inActSRAM_2_0/iact_data_SRAM_inst/Iact_Data_SRAM_BRAM_inst/mem_reg_bram_0 (implemented as a Block RAM) might be sub-optimal as no optional output register could be merged into the ram block. Providing additional output register may help in improving timing.
INFO: [Synth 8-7052] The timing for the instance TOP_interface_inst/TOP_inst/ClusterGroup_array/ClusterGroup_1_1/GLB_Cluster_inst/inActSRAM_2_1/iact_data_SRAM_inst/Iact_Data_SRAM_BRAM_inst/mem_reg_bram_0 (implemented as a Block RAM) might be sub-optimal as no optional output register could be merged into the ram block. Providing additional output register may help in improving timing.
INFO: [Synth 8-7052] The timing for the instance TOP_interface_inst/TOP_inst/ClusterGroup_array/ClusterGroup_1_1/GLB_Cluster_inst/inActSRAM_2_2/iact_data_SRAM_inst/Iact_Data_SRAM_BRAM_inst/mem_reg_bram_0 (implemented as a Block RAM) might be sub-optimal as no optional output register could be merged into the ram block. Providing additional output register may help in improving timing.
INFO: [Synth 8-7052] The timing for the instance TOP_interface_inst/TOP_inst/ClusterGroup_array/ClusterGroup_1_1/GLB_Cluster_inst/pSumSRAM0/Psum_Data_SRAM_BRAM_inst/mem_reg (implemented as a Block RAM) might be sub-optimal as no optional output register could be merged into the ram block. Providing additional output register may help in improving timing.
INFO: [Synth 8-7052] The timing for the instance TOP_interface_inst/TOP_inst/ClusterGroup_array/ClusterGroup_1_1/GLB_Cluster_inst/pSumSRAM1/Psum_Data_SRAM_BRAM_inst/mem_reg (implemented as a Block RAM) might be sub-optimal as no optional output register could be merged into the ram block. Providing additional output register may help in improving timing.
INFO: [Synth 8-7052] The timing for the instance TOP_interface_inst/TOP_inst/ClusterGroup_array/ClusterGroup_1_1/GLB_Cluster_inst/pSumSRAM2/Psum_Data_SRAM_BRAM_inst/mem_reg (implemented as a Block RAM) might be sub-optimal as no optional output register could be merged into the ram block. Providing additional output register may help in improving timing.
INFO: [Synth 8-7052] The timing for the instance TOP_interface_inst/TOP_inst/psum_rearrange/Psum_Rearrange_BRAM_inst/mem_reg_bram_0 (implemented as a Block RAM) might be sub-optimal as no optional output register could be merged into the ram block. Providing additional output register may help in improving timing.
INFO: [Synth 8-7052] The timing for the instance uart_module_inst/u0/bram_mem_reg_bram_0 (implemented as a Block RAM) might be sub-optimal as no optional output register could be merged into the ram block. Providing additional output register may help in improving timing.
INFO: [Common 17-14] Message 'Synth 8-7052' appears 100 times and further instances of the messages will be disabled. Use the Tcl command set_msg_config to change the current settings.
---------------------------------------------------------------------------------
Finished Final Netlist Cleanup
---------------------------------------------------------------------------------
---------------------------------------------------------------------------------
Finished IO Insertion : Time (s): cpu = 00:34:38 ; elapsed = 00:40:47 . Memory (MB): peak = 6958.875 ; gain = 5417.180
---------------------------------------------------------------------------------
---------------------------------------------------------------------------------
Start Renaming Generated Instances
---------------------------------------------------------------------------------
---------------------------------------------------------------------------------
Finished Renaming Generated Instances : Time (s): cpu = 00:34:38 ; elapsed = 00:40:48 . Memory (MB): peak = 6958.875 ; gain = 5417.180
---------------------------------------------------------------------------------
---------------------------------------------------------------------------------
Start Rebuilding User Hierarchy
---------------------------------------------------------------------------------
---------------------------------------------------------------------------------
Finished Rebuilding User Hierarchy : Time (s): cpu = 00:35:13 ; elapsed = 00:41:29 . Memory (MB): peak = 6958.875 ; gain = 5417.180
---------------------------------------------------------------------------------
---------------------------------------------------------------------------------
Start Renaming Generated Ports
---------------------------------------------------------------------------------
---------------------------------------------------------------------------------
Finished Renaming Generated Ports : Time (s): cpu = 00:35:14 ; elapsed = 00:41:31 . Memory (MB): peak = 6958.875 ; gain = 5417.180
---------------------------------------------------------------------------------
---------------------------------------------------------------------------------
Start Handling Custom Attributes
---------------------------------------------------------------------------------
---------------------------------------------------------------------------------
Finished Handling Custom Attributes : Time (s): cpu = 00:35:17 ; elapsed = 00:41:34 . Memory (MB): peak = 6958.875 ; gain = 5417.180
---------------------------------------------------------------------------------
---------------------------------------------------------------------------------
Start Renaming Generated Nets
---------------------------------------------------------------------------------
---------------------------------------------------------------------------------
Finished Renaming Generated Nets : Time (s): cpu = 00:35:18 ; elapsed = 00:41:34 . Memory (MB): peak = 6958.875 ; gain = 5417.180
---------------------------------------------------------------------------------
---------------------------------------------------------------------------------
Start Writing Synthesis Report
---------------------------------------------------------------------------------

Report BlackBoxes: 
+-+--------------+----------+
| |BlackBox name |Instances |
+-+--------------+----------+
+-+--------------+----------+

Report Cell Usage: 
+------+---------+------+
|      |Cell     |Count |
+------+---------+------+
|1     |BUFG     |     2|
|2     |CARRY8   |   584|
|3     |LUT1     |  1006|
|4     |LUT2     |  4879|
|5     |LUT3     |  6531|
|6     |LUT4     |  3624|
|7     |LUT5     |  8551|
|8     |LUT6     | 22314|
|9     |MUXF7    |  4299|
|10    |MUXF8    |   720|
|11    |RAM32M16 |    72|
|12    |RAM64M8  |   720|
|13    |RAMB18E2 |    13|
|15    |RAMB36E2 |    37|
|17    |FDRE     | 21353|
|18    |FDSE     | 30829|
|19    |IBUF     |     3|
|20    |OBUF     |    11|
+------+---------+------+
---------------------------------------------------------------------------------
Finished Writing Synthesis Report : Time (s): cpu = 00:35:19 ; elapsed = 00:41:36 . Memory (MB): peak = 6958.875 ; gain = 5417.180
---------------------------------------------------------------------------------
Synthesis finished with 0 errors, 0 critical warnings and 8 warnings.
Synthesis Optimization Runtime : Time (s): cpu = 00:34:10 ; elapsed = 00:41:16 . Memory (MB): peak = 6958.875 ; gain = 5275.895
Synthesis Optimization Complete : Time (s): cpu = 00:35:20 ; elapsed = 00:42:06 . Memory (MB): peak = 6958.875 ; gain = 5417.180
INFO: [Project 1-571] Translating synthesized netlist
Netlist sorting complete. Time (s): cpu = 00:00:03 ; elapsed = 00:00:04 . Memory (MB): peak = 6958.875 ; gain = 0.000
INFO: [Netlist 29-17] Analyzing 6400 Unisim elements for replacement
INFO: [Netlist 29-28] Unisim Transformation completed in 6 CPU seconds
INFO: [Project 1-570] Preparing netlist for logic optimization
INFO: [Opt 31-138] Pushed 0 inverter(s) to 0 load pin(s).
Netlist sorting complete. Time (s): cpu = 00:00:00 ; elapsed = 00:00:00.143 . Memory (MB): peak = 6958.875 ; gain = 0.000
INFO: [Project 1-111] Unisim Transformation Summary:
  A total of 797 instances were transformed.
  BUFG => BUFGCE: 2 instances
  IBUF => IBUF (IBUFCTRL, INBUF): 3 instances
  RAM32M16 => RAM32M16 (RAMD32(x14), RAMS32(x2)): 72 instances
  RAM64M8 => RAM64M8 (RAMD64E(x8)): 720 instances

Synth Design complete | Checksum: 7ee16888
INFO: [Common 17-83] Releasing license: Synthesis
471 Infos, 163 Warnings, 10 Critical Warnings and 0 Errors encountered.
synth_design completed successfully
synth_design: Time (s): cpu = 00:36:37 ; elapsed = 00:44:02 . Memory (MB): peak = 6958.875 ; gain = 6455.031
INFO: [runtcl-6] Synthesis results are not added to the cache due to CRITICAL_WARNING
Write ShapeDB Complete: Time (s): cpu = 00:00:01 ; elapsed = 00:00:00.699 . Memory (MB): peak = 6958.875 ; gain = 0.000
INFO: [Common 17-1381] The checkpoint 'C:/Users/bless/cnn_detection/cnn_detection.runs/synth_1/TOP_integration_uart.dcp' has been generated.
write_checkpoint: Time (s): cpu = 00:00:17 ; elapsed = 00:00:17 . Memory (MB): peak = 6958.875 ; gain = 0.000
INFO: [Vivado 12-24828] Executing command : report_utilization -file TOP_integration_uart_utilization_synth.rpt -pb TOP_integration_uart_utilization_synth.pb
INFO: [Common 17-206] Exiting Vivado at Wed Jan 28 14:31:12 2026...
